# Blender 3.6.5
# www.blender.org
mtllib fence.mtl
o Fence1.017
v 1.985804 1.085871 -0.139861
v 2.049925 1.053720 -0.124419
v 2.051246 1.012148 0.024493
v 2.066411 1.011636 0.032857
v 1.917998 1.127451 -0.013936
v 2.034760 1.059809 0.048981
v 1.920813 1.108190 -0.073861
v 1.941928 1.133510 -0.066396
v 1.958257 1.115940 0.024797
v 2.025701 1.046295 -0.153238
v 2.093422 1.004618 -0.069009
v 1.974445 1.077863 0.063404
v 1.943485 1.114089 -0.123216
v 1.972004 1.055983 -0.138377
v 1.961983 1.068042 0.048104
v 2.096359 1.018510 -0.035203
v 2.067152 1.001496 -0.087249
v 1.977624 1.050823 -0.146729
v 2.069142 1.096693 0.031871
v 1.939613 0.995198 -0.017517
v 2.061468 1.117515 0.042423
v 1.985780 1.041984 0.076053
v 1.920349 0.995782 -0.010601
v 2.040184 1.119500 -0.115720
v 2.028488 1.105944 0.045034
v 1.920596 1.020393 -0.068991
v 1.998333 1.029552 0.055769
v 1.930180 1.026989 0.008405
v 2.008691 1.060310 -0.164918
v 2.079316 1.131553 -0.101417
v 1.940541 1.017273 -0.131677
v 1.968266 1.005188 -0.127622
v 2.049045 1.081445 -0.138434
v 1.979466 1.057479 0.060232
v 2.064916 1.132465 -0.016144
v 2.085255 1.107592 -0.042577
v 1.988144 0.813127 -0.140789
v 2.015119 0.799523 0.043384
v 2.034692 0.751153 0.023588
v 2.056513 0.766160 -0.115063
v 2.015686 0.789942 0.057422
v 1.906802 0.872766 -0.070439
v 1.922158 0.840888 0.031795
v 1.905424 0.847129 -0.071916
v 1.926535 0.872448 -0.064797
v 1.942598 0.855129 0.020513
v 2.075073 0.736722 -0.018621
v 1.964186 0.820819 -0.146306
v 1.956317 0.795099 -0.132976
v 1.945855 0.807487 0.042743
v 2.080768 0.757631 -0.035925
v 2.051165 0.740323 -0.087638
v 1.961104 0.792025 -0.140914
v 2.013267 0.841696 -0.126898
v 2.056688 0.829917 0.027235
v 2.061636 0.860436 0.012340
v 1.899323 0.742412 -0.012840
v 2.000073 0.825433 0.051404
v 1.918427 0.738528 -0.074898
v 1.901720 0.766954 -0.067249
v 1.950858 0.763258 0.052941
v 1.923936 0.776478 0.027092
v 2.012428 0.815388 -0.156693
v 2.074184 0.866040 -0.069956
v 2.009070 0.822521 0.066976
v 1.920792 0.761936 -0.125983
v 1.986161 0.769682 -0.142700
v 1.970541 0.764033 0.051003
v 2.061717 0.872149 -0.038589
v 2.068035 0.840463 -0.088325
v 1.996101 0.519582 -0.135549
v 1.969425 0.531304 0.043822
v 1.947944 0.576801 0.024592
v 1.927777 0.561297 -0.110595
v 1.968403 0.540471 0.057534
v 2.081445 0.472658 -0.013956
v 2.077640 0.491001 -0.068529
v 2.058710 0.465607 -0.061594
v 2.043513 0.510797 0.045078
v 2.042253 0.481480 0.021607
v 1.908228 0.588680 -0.016514
v 2.041883 0.495464 -0.133751
v 2.025735 0.538506 -0.127964
v 2.036408 0.527169 0.043231
v 1.903872 0.568404 -0.033376
v 1.931461 0.586417 -0.083865
v 2.020885 0.541607 -0.135689
v 1.973826 0.490490 -0.122054
v 1.931334 0.499008 0.028153
v 2.077271 0.593306 -0.010878
v 1.985198 0.505724 0.051766
v 2.058630 0.595805 -0.071432
v 2.076475 0.569583 -0.063986
v 2.029001 0.569911 0.053159
v 2.055653 0.558953 0.028027
v 1.973024 0.515867 -0.151085
v 1.911684 0.456250 -0.036597
v 1.976605 0.510542 0.067079
v 2.057737 0.573139 -0.121262
v 1.995348 0.561438 -0.137422
v 2.009967 0.567803 0.051278
v 1.928943 0.458757 -0.036553
v 1.921098 0.488122 -0.084632
v 1.982539 0.266129 -0.146420
v 2.050962 0.232735 -0.129544
v 2.055015 0.186707 -0.110961
v 2.051730 0.187359 0.028886
v 1.909364 0.308703 -0.012051
v 2.091600 0.201447 -0.063002
v 2.067723 0.189088 0.040253
v 2.034578 0.238863 0.054752
v 1.912121 0.287945 -0.075670
v 1.935373 0.316322 -0.067840
v 1.952753 0.297586 0.029163
v 2.024407 0.223994 -0.159653
v 2.097229 0.180782 -0.070684
v 1.970918 0.254285 0.071324
v 1.936835 0.295168 -0.128236
v 1.965113 0.234018 -0.143410
v 1.954289 0.246988 0.052359
v 2.083757 0.209046 0.006117
v 2.069578 0.170553 -0.042484
v 1.971575 0.231326 -0.155561
v 2.029027 0.285826 -0.137751
v 2.072301 0.311475 -0.065295
v 2.075192 0.270602 0.038322
v 1.925598 0.174108 -0.015333
v 2.065480 0.296927 -0.132428
v 2.068435 0.294877 0.049655
v 1.979882 0.220456 0.086248
v 1.904752 0.177181 -0.007790
v 2.071926 0.271018 -0.123026
v 2.047972 0.297724 0.038809
v 1.906784 0.204677 -0.071148
v 1.992495 0.204838 0.064242
v 1.917843 0.210745 0.012794
v 2.006310 0.237835 -0.175266
v 2.095319 0.310403 -0.041960
v 1.928384 0.198726 -0.139131
v 1.957755 0.181613 -0.134768
v 2.016476 0.223257 -0.152298
v 1.974072 0.238421 0.068988
v 2.093791 0.280713 -0.042504
v 1.983397 1.005548 -0.134889
v 2.052050 0.969467 -0.109457
v 2.000982 0.974040 0.007283
v 1.929565 0.977133 -0.042979
v 1.915220 1.010228 -0.066731
v 1.980088 0.981193 0.013106
v 2.019959 0.969224 -0.134415
v 2.069875 1.004675 -0.098228
v 2.062304 0.980540 -0.009166
v 2.040698 1.008967 -0.001017
v 1.933715 1.015523 -0.080020
v 1.952479 1.010110 -0.013485
v 2.083338 0.990354 -0.081599
v 1.980081 0.994842 -0.144570
v 1.947209 0.974297 -0.116687
v 2.069724 0.968368 -0.048093
v 1.966885 0.748978 -0.134889
v 2.038244 0.718599 -0.109457
v 1.986974 0.719005 0.007283
v 1.915541 0.716280 -0.042978
v 1.898553 0.748099 -0.066731
v 1.965567 0.724435 0.013106
v 2.006279 0.715747 -0.134415
v 2.053147 0.755140 -0.098228
v 2.047564 0.730469 -0.009166
v 2.023718 0.757045 -0.001017
v 1.916556 0.754881 -0.080019
v 1.935698 0.751012 -0.013485
v 2.067730 0.741960 -0.081599
v 1.964451 0.738039 -0.144570
v 1.933358 0.714889 -0.116687
v 2.055949 0.718941 -0.048093
v 1.980943 0.478996 -0.125365
v 1.983629 0.445391 0.025678
v 1.927766 0.451926 -0.030358
v 1.918332 0.460385 -0.023449
v 2.066009 0.476687 -0.084256
v 2.058741 0.453786 0.012818
v 2.051378 0.482699 0.005957
v 1.948994 0.447295 -0.108096
v 1.931077 0.489560 -0.069263
v 1.959309 0.482666 0.020416
v 2.022594 0.469650 -0.132774
v 2.081017 0.455639 -0.068155
v 1.976514 0.464244 0.036637
v 1.940023 0.467090 -0.115070
v 2.026818 0.444549 -0.120923
v 2.065730 0.444289 -0.011406
v 1.980814 0.191738 -0.145459
v 1.981634 0.157911 0.023134
v 1.919989 0.169934 -0.039351
v 1.909953 0.179489 -0.031709
v 2.075136 0.181150 -0.099721
v 2.022182 0.190294 0.020733
v 1.938881 0.163434 -0.123836
v 1.925913 0.206099 -0.079192
v 1.944413 0.200221 0.001098
v 2.026516 0.178223 -0.153867
v 2.095608 0.151141 -0.058341
v 1.999737 0.175519 0.043174
v 1.937717 0.193185 -0.132953
v 2.029300 0.152942 -0.140599
v 2.071779 0.186831 -0.019168
v 2.072133 0.147670 -0.015211
v 0.031712 0.983654 -0.136988
v 0.051246 0.933715 0.024494
v -0.076187 1.029356 -0.017823
v 0.066412 0.933202 0.032857
v -0.081712 1.044326 -0.012124
v 0.087866 0.945420 -0.061884
v 0.069649 0.961074 0.025401
v -0.062042 1.008305 -0.114448
v -0.054637 1.054216 -0.076649
v -0.032957 1.026791 0.042893
v 0.025721 0.967812 -0.153215
v 0.093422 0.926184 -0.069009
v -0.025820 0.999846 0.063331
v -0.061517 1.025030 -0.127709
v -0.005129 0.964334 -0.137779
v -0.028116 1.021203 -0.128831
v -0.020875 0.977034 0.048672
v 0.067152 0.923062 -0.087249
v -0.022508 0.972235 -0.146606
v 0.056827 1.053992 -0.101061
v 0.064308 1.015038 0.033625
v -0.060387 0.916764 -0.017518
v -0.014220 0.963551 0.076053
v -0.079651 0.917349 -0.010601
v 0.067163 1.029542 0.044944
v 0.044567 1.041470 0.031410
v -0.079403 0.941959 -0.068991
v -0.001667 0.951118 0.055769
v -0.069820 0.948555 0.008405
v 0.008666 0.981825 -0.164909
v 0.080922 1.056727 -0.100190
v -0.059459 0.938839 -0.131677
v -0.031733 0.926754 -0.127622
v 0.036974 0.988005 -0.143496
v -0.020534 0.979045 0.060232
v 0.083717 1.030201 -0.067747
v -0.011856 0.734694 -0.140789
v 0.015120 0.721090 0.043384
v 0.034692 0.672720 0.023588
v 0.056514 0.687727 -0.115063
v 0.015686 0.711508 0.057422
v -0.093198 0.794333 -0.070439
v -0.077842 0.762454 0.031795
v -0.094575 0.768696 -0.071916
v -0.073465 0.794014 -0.064798
v -0.057402 0.776695 0.020513
v 0.075073 0.658288 -0.018621
v -0.035813 0.742385 -0.146306
v -0.043683 0.716665 -0.132976
v -0.054145 0.729053 0.042743
v 0.080768 0.679198 -0.035925
v 0.051165 0.661890 -0.087638
v -0.038896 0.713592 -0.140915
v 0.013268 0.763263 -0.126898
v 0.056689 0.751483 0.027235
v 0.061636 0.782003 0.012340
v -0.100677 0.663979 -0.012840
v 0.000074 0.747000 0.051404
v -0.081573 0.660094 -0.074898
v -0.098280 0.688520 -0.067249
v -0.049142 0.684824 0.052941
v -0.076064 0.698044 0.027092
v 0.012429 0.736954 -0.156693
v 0.074185 0.787607 -0.069957
v 0.009070 0.744087 0.066976
v -0.079208 0.683502 -0.125983
v -0.013838 0.691249 -0.142700
v -0.029458 0.685599 0.051002
v 0.061717 0.793715 -0.038589
v 0.068035 0.762029 -0.088326
v -0.001831 0.440908 -0.134924
v -0.029909 0.452589 0.043930
v -0.052075 0.498149 0.024593
v -0.072054 0.482418 -0.110664
v 0.082330 0.395159 -0.013552
v 0.079049 0.413860 -0.068027
v 0.059583 0.387552 -0.061576
v 0.044129 0.433195 0.045323
v 0.043124 0.403764 0.022028
v -0.091866 0.509770 -0.016443
v -0.031468 0.462005 0.057541
v 0.043325 0.417542 -0.133341
v 0.026865 0.460349 -0.127781
v 0.037157 0.449479 0.043349
v -0.096087 0.489380 -0.033551
v -0.068794 0.507748 -0.082657
v 0.021604 0.462856 -0.137698
v -0.024782 0.411649 -0.121846
v -0.067709 0.419979 0.028274
v 0.077106 0.515440 -0.011109
v -0.013606 0.428905 0.051785
v 0.058499 0.518053 -0.071262
v 0.076486 0.491652 -0.063945
v 0.028974 0.491572 0.053177
v 0.055541 0.480960 0.028287
v -0.025619 0.437193 -0.151076
v -0.088736 0.378394 -0.037444
v -0.022891 0.430825 0.066919
v 0.057824 0.495028 -0.121145
v -0.003265 0.483455 -0.135981
v 0.010091 0.489581 0.051255
v -0.070281 0.379368 -0.036043
v -0.077264 0.408614 -0.085030
v -0.017461 0.187695 -0.146420
v 0.050963 0.154301 -0.129544
v 0.055016 0.108274 -0.110961
v 0.051731 0.108926 0.028886
v -0.090636 0.230269 -0.012051
v 0.091600 0.123013 -0.063001
v 0.067723 0.110654 0.040253
v 0.034579 0.160430 0.054752
v -0.087878 0.209512 -0.075670
v -0.064627 0.237888 -0.067840
v -0.047246 0.219152 0.029163
v 0.024408 0.145560 -0.159653
v 0.097229 0.102349 -0.070684
v -0.029081 0.175851 0.071324
v -0.063165 0.216734 -0.128236
v -0.034886 0.155585 -0.143410
v -0.045711 0.168555 0.052359
v 0.083757 0.130613 0.006117
v 0.069578 0.092119 -0.042484
v -0.028425 0.152892 -0.155561
v 0.029027 0.207393 -0.137751
v 0.072301 0.233042 -0.065294
v 0.075192 0.192169 0.038321
v -0.074401 0.095674 -0.015334
v 0.065481 0.218493 -0.132428
v 0.068435 0.216443 0.049656
v -0.020117 0.142022 0.086248
v -0.095247 0.098748 -0.007790
v 0.071926 0.192584 -0.123026
v 0.047972 0.219290 0.038809
v -0.093216 0.126243 -0.071149
v -0.007505 0.126404 0.064242
v -0.082157 0.132311 0.012794
v 0.006310 0.159401 -0.175266
v 0.095319 0.231969 -0.041961
v -0.071616 0.120292 -0.139131
v -0.042245 0.103179 -0.134768
v 0.016476 0.144824 -0.152298
v -0.025928 0.159988 0.068988
v 0.093791 0.202279 -0.042504
v -0.016603 0.927114 -0.134889
v 0.052050 0.891033 -0.109457
v 0.000983 0.895607 0.007283
v -0.070435 0.898699 -0.042978
v -0.084780 0.931795 -0.066732
v -0.019911 0.902759 0.013106
v 0.019959 0.890790 -0.134415
v 0.069875 0.926241 -0.098228
v 0.062304 0.902106 -0.009166
v 0.020177 0.930539 0.003407
v -0.066285 0.937089 -0.080020
v -0.047521 0.931677 -0.013485
v 0.083338 0.911920 -0.081600
v -0.019918 0.916409 -0.144570
v -0.052791 0.895863 -0.116687
v 0.065252 0.929410 -0.031194
v 0.069725 0.889934 -0.048093
v -0.033114 0.670545 -0.134889
v 0.038243 0.640166 -0.109456
v -0.013035 0.640572 0.007283
v -0.084462 0.637837 -0.042969
v -0.101444 0.669680 -0.066731
v -0.034438 0.646009 0.013107
v 0.006272 0.637316 -0.134419
v 0.053147 0.676706 -0.098228
v 0.047564 0.652033 -0.009167
v 0.023718 0.678612 -0.001017
v -0.083444 0.676447 -0.080019
v -0.064302 0.672578 -0.013485
v 0.067730 0.663527 -0.081599
v -0.035549 0.659605 -0.144570
v -0.066637 0.636446 -0.116703
v 0.055946 0.640510 -0.048087
v 0.000927 0.399981 -0.130835
v 0.067088 0.362708 -0.058659
v 0.049175 0.367118 0.008854
v -0.076671 0.387116 0.000041
v 0.020607 0.386815 0.038165
v 0.049361 0.364701 -0.103141
v 0.018473 0.404519 0.025705
v -0.073386 0.373558 -0.073602
v -0.067783 0.409039 -0.065943
v -0.050018 0.404188 0.006725
v 0.045000 0.399583 -0.123203
v 0.081829 0.378684 -0.024641
v -0.056567 0.397636 -0.114003
v -0.023888 0.364301 -0.123012
v -0.041048 0.367918 0.017289
v 0.071553 0.401529 -0.027576
v -0.019185 0.113304 -0.145459
v -0.018365 0.079478 0.023133
v -0.080011 0.091500 -0.039351
v -0.090047 0.101055 -0.031709
v 0.075137 0.102716 -0.099721
v 0.022182 0.111860 0.020733
v -0.061118 0.085000 -0.123836
v -0.074086 0.127665 -0.079192
v -0.055587 0.121787 0.001098
v 0.026517 0.099790 -0.153867
v 0.095608 0.072707 -0.058341
v -0.000263 0.097085 0.043174
v -0.062283 0.114752 -0.132953
v 0.029300 0.074508 -0.140599
v 0.071780 0.108397 -0.019168
v 0.072134 0.069236 -0.015211
v 0.493642 1.043131 -0.019946
v 0.572346 1.073115 0.036734
v 0.560104 1.037074 0.070703
v 1.208101 1.040168 -0.078024
v 1.367992 1.098308 -0.066231
v 1.475742 1.116275 -0.015986
v 1.069190 1.055046 0.016009
v 1.391605 1.031811 0.004173
v -0.203807 1.022794 -0.057612
v -0.207257 1.043857 -0.009079
v -0.206537 1.005306 0.034709
v -0.205936 0.957032 0.019828
v 0.133564 1.000523 0.052738
v -0.204662 0.945955 -0.036207
v 2.136137 1.069396 0.038919
v 2.137359 1.010593 -0.036530
v 2.138349 1.083042 -0.055834
v 2.136657 1.105444 0.003045
v 2.139177 1.020725 0.024983
v 1.015157 0.972968 -0.004692
v 1.026326 0.985779 -0.049870
v 0.984160 1.062770 -0.036517
v 0.957352 1.002990 0.036163
v 0.216133 0.930317 0.009527
v 0.579541 0.976972 0.014048
v 0.109202 0.969983 -0.045199
v 0.205559 1.026131 0.002287
v 0.209424 0.950807 0.052890
v 1.446795 1.021352 -0.042640
v -0.194956 0.420596 -0.045953
v 0.577057 0.458159 -0.011596
v 0.550624 0.528084 -0.008868
v 0.586605 0.531622 0.059607
v 1.217374 0.507195 -0.078024
v 1.377265 0.565335 -0.066231
v 1.485014 0.583302 -0.015986
v 1.078462 0.522073 0.016009
v 1.400878 0.498838 0.004173
v -0.192701 0.472755 -0.064467
v -0.196703 0.508721 -0.026491
v 0.072752 0.467530 0.043413
v 0.198591 0.420744 0.054934
v 0.228990 0.399738 0.018820
v 0.161570 0.412310 -0.028549
v -0.195540 0.414193 0.015216
v 2.144909 0.536365 0.039040
v 2.148142 0.487829 -0.045731
v 2.147036 0.550110 -0.055919
v 2.147443 0.572035 0.004192
v -0.197401 0.488637 0.031358
v 2.147510 0.478001 0.016176
v 1.024430 0.439995 -0.004692
v 1.035599 0.452806 -0.049870
v 0.993432 0.529798 -0.036517
v 0.735498 0.467757 0.055835
v 0.270335 0.463841 -0.026737
v 0.208591 0.492199 0.001168
v 1.456068 0.488379 -0.042640
v -0.144445 0.132600 -0.046742
v -0.145875 0.202644 0.026048
v 1.408311 0.205205 0.030597
v 1.466789 0.257644 0.076205
v 1.413011 0.296889 0.049755
v 0.877383 0.252618 -0.025278
v 0.355898 0.178736 -0.073847
v 0.265807 0.113922 -0.035296
v 0.680233 0.196597 0.013685
v 0.326614 0.207854 0.010690
v 2.197359 0.262010 -0.058787
v 2.197110 0.197564 -0.050395
v 2.199991 0.184836 -0.001826
v 2.199699 0.233013 0.039025
v 2.198083 0.282266 -0.001695
v -0.141752 0.152521 0.039002
v -0.145723 0.183271 -0.059110
v 0.254778 0.212662 -0.033709
v -0.142993 0.119735 0.002140
v -0.144745 0.216554 -0.023758
v 1.028385 0.232568 0.015684
v 0.979794 0.215297 -0.061157
v 1.061982 0.167414 0.036021
v 1.355634 0.291601 0.008801
v 1.313180 0.216257 -0.020988
v 1.490873 0.256370 -0.024370
v 0.556340 0.245775 -0.055120
v 0.553552 0.150882 -0.029618
v 1.005829 0.170884 -0.057246
v 1.031131 0.147276 -0.018496
v -0.153728 0.691324 -0.047078
v 1.352536 0.755976 0.028312
v 1.326617 0.792236 0.069622
v 1.432097 0.853736 0.056102
v 0.233431 0.677484 0.006325
v 0.626763 0.745994 0.013883
v 0.310704 0.765924 0.011409
v 2.187765 0.840712 -0.028704
v 2.187073 0.805262 -0.063993
v 2.187394 0.756167 -0.050393
v 2.190274 0.743440 -0.001817
v 2.188642 0.827708 0.022178
v 2.190372 0.779127 0.033556
v -0.153928 0.714853 0.038672
v -0.154042 0.750631 -0.057767
v 0.169030 0.768802 -0.043984
v 0.366750 0.695831 -0.056124
v -0.153197 0.678229 0.002804
v -0.156968 0.771716 0.013823
v 1.025064 0.796341 0.011660
v 1.128220 0.797982 -0.023888
v 1.003395 0.735403 -0.058608
v 1.037532 0.707982 -0.025918
v 0.996919 0.725891 0.025560
v 1.355924 0.851391 0.009290
v 1.298407 0.774780 -0.021465
v 1.602558 0.767913 -0.006937
v 0.498188 0.799352 -0.041233
v 0.721277 0.787702 -0.077059
v 0.079163 -0.130270 -0.082277
v -0.055121 -0.130259 -0.122242
v -0.079222 -0.130270 -0.039679
v -0.022736 -0.130264 0.018051
v -0.037639 0.765047 -0.012313
v -0.080545 0.571985 -0.079853
v -0.028447 0.690731 -0.131076
v 0.040328 0.787004 -0.114363
v 0.080061 0.201120 -0.082992
v 0.031262 0.646521 -0.021998
v -0.052672 0.456921 0.012424
v -0.028656 0.396036 -0.114494
v 0.044844 0.480736 -0.087053
v 0.025306 0.179330 -0.137170
v 0.063718 1.195612 -0.036086
v -0.014838 1.193301 0.002727
v -0.059274 1.195534 -0.043888
v -0.012418 1.202071 -0.119244
v 0.047234 1.201320 -0.101890
v -0.048081 1.199680 -0.089446
v 0.039619 1.196941 -0.008999
v 0.027248 0.356393 0.012373
v 0.073986 -0.130161 -0.014427
v -0.045560 0.187875 -0.006778
v 0.019664 -0.130285 -0.140082
v -0.068589 0.259837 -0.073642
vn 0.2227 -0.1967 -0.9548
vn 0.8251 -0.5084 -0.2465
vn -0.4340 -0.8808 -0.1894
vn 0.5220 -0.5329 0.6660
vn 0.8464 0.4917 0.2044
vn 0.6248 0.7229 0.2950
vn -0.8054 0.5216 0.2814
vn -0.4238 0.5681 -0.7054
vn -0.9752 -0.2191 0.0325
vn 0.5304 0.7276 0.4351
vn 0.4038 0.9020 -0.1527
vn -0.7045 -0.6604 -0.2599
vn -0.6596 -0.7516 -0.0022
vn -0.1875 0.1268 0.9741
vn 0.4515 0.0791 -0.8888
vn -0.6892 -0.7137 -0.1246
vn 0.6734 0.7336 0.0915
vn -0.7241 -0.6400 0.2569
vn -0.1191 -0.2105 0.9703
vn -0.5700 0.8190 0.0656
vn -0.7519 -0.2086 -0.6254
vn 0.5424 -0.8365 -0.0780
vn -0.7388 0.6735 -0.0253
vn 0.1010 -0.0133 -0.9948
vn 0.6686 0.6281 -0.3981
vn 0.8394 -0.4739 -0.2659
vn -0.8217 0.5160 -0.2419
vn -0.6780 0.7344 -0.0304
vn 0.6312 -0.7575 -0.1666
vn 0.7993 -0.5969 -0.0694
vn 0.7429 -0.6614 -0.1026
vn -0.5790 0.8152 0.0169
vn -0.7622 0.6427 -0.0774
vn 0.3783 0.6759 0.6325
vn 0.9815 -0.1789 -0.0675
vn 0.5761 -0.6238 0.5282
vn -0.3467 -0.8917 0.2911
vn 0.6247 -0.7199 0.3025
vn 0.3148 -0.0050 0.9492
vn -0.6990 0.3342 0.6322
vn 0.6480 0.7346 0.2014
vn 0.5010 0.8223 -0.2700
vn -0.0947 -0.9901 -0.1032
vn 0.8048 0.5805 -0.1240
vn 0.6626 0.0409 -0.7479
vn 0.7813 0.3371 -0.5253
vn -0.3380 -0.9406 -0.0308
vn -0.5931 -0.8003 -0.0881
vn 0.6636 0.7445 0.0735
vn -0.5203 -0.7481 0.4119
vn 0.2679 0.1410 -0.9531
vn 0.7410 0.6322 -0.2265
vn 0.7057 -0.6895 -0.1629
vn 0.6978 -0.6915 0.1867
vn 0.5809 0.6798 0.4477
vn 0.0844 0.2932 0.9523
vn -0.7675 -0.5829 0.2668
vn -0.6831 -0.2070 -0.7004
vn -0.2998 -0.9539 -0.0163
vn -0.3342 -0.4615 0.8218
vn -0.4891 0.7938 0.3615
vn -0.6836 0.7117 -0.1617
vn 0.3617 -0.9107 -0.1997
vn -0.2583 0.7589 -0.5979
vn -0.6274 0.7218 -0.2922
vn -0.3406 0.9373 0.0734
vn -0.4686 0.8790 0.0877
vn 0.6598 -0.7390 0.1359
vn 0.2942 0.9107 0.2898
vn -0.6631 0.6845 0.3029
vn -0.3218 -0.0072 0.9468
vn 0.8377 -0.4810 0.2587
vn 0.3653 -0.3681 -0.8550
vn 0.5974 -0.7880 -0.1487
vn 0.5368 -0.1209 0.8350
vn -0.5535 -0.7420 0.3783
vn -0.1952 -0.8685 -0.4557
vn -0.0806 0.9933 -0.0824
vn 0.2785 0.5492 0.7879
vn -0.4564 -0.8473 -0.2718
vn 0.0030 0.9838 -0.1795
vn 0.4175 0.8977 0.1407
vn -0.7732 -0.6212 -0.1274
vn -0.6362 -0.1814 -0.7498
vn -0.2700 -0.1737 -0.9471
vn -0.7253 -0.6868 0.0467
vn -0.6579 0.4317 -0.6171
vn -0.8910 0.3579 0.2792
vn -0.1466 -0.2748 0.9503
vn 0.7279 0.6321 0.2657
vn 0.6688 0.2536 -0.6989
vn 0.2519 0.9677 -0.0066
vn 0.3060 0.4830 0.8204
vn 0.5416 -0.7597 0.3599
vn 0.7292 -0.6649 -0.1618
vn -0.4211 0.8852 -0.1980
vn 0.3263 -0.7467 -0.5796
vn 0.6054 -0.7659 -0.2163
vn 0.3819 -0.9137 0.1390
vn -0.7028 0.6998 0.1282
vn 0.7165 -0.6973 0.0207
vn 0.2165 -0.1823 -0.9591
vn 0.8414 -0.4754 -0.2569
vn -0.3766 -0.9097 -0.1751
vn 0.4804 -0.5185 0.7074
vn 0.5871 0.8053 -0.0828
vn 0.6195 0.7472 0.2405
vn -0.8116 0.5123 0.2808
vn -0.4287 0.5681 -0.7025
vn -0.9677 -0.2513 0.0219
vn 0.5259 0.7166 0.4581
vn 0.3978 0.9047 -0.1522
vn -0.6457 -0.7150 -0.2682
vn -0.2009 0.0626 0.9776
vn -0.7010 -0.7127 -0.0258
vn -0.6590 -0.7460 0.0959
vn 0.2891 0.0277 -0.9569
vn -0.7236 -0.6742 -0.1480
vn 0.3598 0.9310 0.0614
vn 0.7084 0.6824 0.1805
vn -0.7780 -0.5732 0.2572
vn -0.1740 -0.1664 0.9706
vn -0.4932 0.8670 0.0712
vn -0.7686 -0.1340 -0.6255
vn 0.4789 -0.8737 -0.0849
vn -0.6722 0.7401 -0.0210
vn 0.0713 0.0075 -0.9974
vn 0.4597 0.6388 -0.6169
vn 0.6226 -0.7825 0.0102
vn -0.7215 0.6813 0.1234
vn -0.5810 0.8135 0.0261
vn 0.5205 -0.8425 -0.1385
vn 0.6294 -0.7748 0.0595
vn 0.5224 -0.7972 0.3028
vn 0.6694 -0.7355 -0.1049
vn -0.5497 0.8353 -0.0117
vn -0.7070 0.6994 -0.1049
vn 0.4940 -0.8557 -0.1542
vn -0.6981 0.7160 -0.0042
vn 0.3391 -0.8518 -0.3994
vn 0.7458 -0.6444 -0.1690
vn 0.9845 0.0485 -0.1683
vn -0.0889 -0.8133 0.5750
vn -0.3040 -0.2607 0.9163
vn -0.9089 0.4170 -0.0093
vn -0.0391 0.9153 0.4010
vn -0.7581 0.6059 -0.2413
vn 0.7113 -0.2896 0.6404
vn 0.1524 -0.9864 -0.0616
vn -0.2203 0.1173 -0.9683
vn -0.0126 0.6599 -0.7512
vn 0.3528 0.8879 -0.2953
vn 0.0691 0.9962 0.0529
vn 0.4152 -0.8816 0.2245
vn 0.4073 -0.8213 -0.3994
vn 0.7957 -0.5817 -0.1690
vn 0.9773 0.1284 -0.1683
vn -0.0225 -0.8179 0.5750
vn -0.2818 -0.2845 0.9163
vn -0.9398 0.3417 -0.0093
vn -0.1134 0.9090 0.4010
vn -0.8048 0.5422 -0.2413
vn 0.7325 -0.2308 0.6404
vn 0.2321 -0.9707 -0.0616
vn -0.2291 0.0990 -0.9683
vn -0.0662 0.6567 -0.7512
vn 0.2795 0.9136 -0.2953
vn -0.0121 0.9985 0.0529
vn 0.4855 -0.8449 0.2245
vn -0.9483 -0.0588 0.3119
vn -0.3531 0.9228 0.1541
vn -0.1528 0.9871 0.0472
vn 0.6478 -0.2847 0.7066
vn 0.9492 -0.2629 -0.1731
vn 0.4203 0.9061 -0.0481
vn -0.1934 -0.9811 -0.0078
vn -0.2051 -0.0163 0.9786
vn -0.0826 0.9107 -0.4048
vn 0.2666 0.3110 -0.9122
vn -0.6861 0.0693 -0.7242
vn 0.2473 0.9257 -0.2861
vn -0.0285 -0.9934 -0.1111
vn 0.0274 -0.9759 -0.2165
vn 0.3974 -0.9144 -0.0775
vn -0.4582 0.8876 -0.0467
vn 0.8966 -0.4428 0.0034
vn 0.0342 -0.0374 0.9987
vn -0.1721 -0.9794 -0.1053
vn -0.9337 0.0288 0.3570
vn -0.5850 0.3975 -0.7070
vn -0.0338 0.9117 0.4095
vn -0.0725 0.9964 0.0434
vn -0.1482 0.6325 -0.7603
vn 0.2875 0.2954 -0.9111
vn 0.4218 0.9036 -0.0744
vn 0.3672 0.7854 -0.4983
vn -0.4941 -0.6175 0.6121
vn 0.0210 -0.9982 0.0568
vn -0.3334 -0.9314 -0.1457
vn 0.0301 -0.9747 -0.2217
vn -0.6180 0.3170 -0.7195
vn 0.2549 -0.1879 -0.9485
vn -0.6930 -0.7142 0.0981
vn 0.8444 -0.5010 -0.1899
vn -0.4279 -0.8658 -0.2595
vn -0.7845 0.5516 0.2834
vn 0.2510 0.9312 0.2644
vn 0.4420 0.8944 -0.0691
vn 0.4663 -0.5998 0.6503
vn 0.5257 0.8315 0.1796
vn -0.5645 -0.8209 -0.0865
vn -0.2578 0.0751 0.9633
vn -0.6951 -0.7040 -0.1456
vn 0.4564 0.8828 -0.1111
vn 0.5208 0.8479 0.0992
vn -0.4959 -0.8443 0.2029
vn 0.7010 0.7103 -0.0642
vn -0.5311 -0.8443 -0.0716
vn 0.8041 -0.5920 -0.0541
vn 0.6625 0.6374 -0.3934
vn 0.6262 -0.7784 0.0447
vn -0.1311 -0.1903 0.9729
vn -0.7520 -0.2082 -0.6254
vn 0.5528 -0.8293 -0.0811
vn -0.7387 0.6736 -0.0256
vn -0.5972 0.8020 0.0116
vn 0.6477 0.3240 0.6896
vn 0.0478 0.0469 -0.9978
vn -0.7138 0.6899 -0.1206
vn -0.6445 0.7646 0.0081
vn 0.6044 -0.7816 -0.1543
vn 0.5418 -0.8300 -0.1325
vn -0.5910 0.8063 0.0247
vn 0.6480 0.7345 0.2014
vn -0.2582 0.7589 -0.5979
vn 0.2876 0.9134 0.2881
vn -0.6689 0.6787 0.3033
vn -0.3265 -0.0112 0.9451
vn 0.8374 -0.4783 0.2645
vn 0.3718 -0.3609 -0.8553
vn 0.6245 -0.7585 -0.1863
vn 0.5349 -0.1168 0.8368
vn -0.5485 -0.7429 0.3836
vn -0.1914 -0.8755 -0.4438
vn -0.0673 0.9950 -0.0741
vn 0.2678 0.5549 0.7877
vn -0.4427 -0.8546 -0.2715
vn -0.0061 0.9856 -0.1692
vn 0.4087 0.9021 0.1387
vn -0.7692 -0.6258 -0.1294
vn -0.6292 -0.1870 -0.7544
vn -0.2772 -0.1662 -0.9463
vn -0.7453 -0.6667 0.0066
vn -0.6036 0.3999 -0.6898
vn -0.9072 0.3336 0.2564
vn -0.1644 -0.3077 0.9372
vn 0.7250 0.6351 0.2666
vn 0.6659 0.2679 -0.6963
vn 0.0815 0.9953 0.0522
vn 0.3047 0.4815 0.8218
vn 0.5479 -0.7542 0.3620
vn 0.7609 -0.6317 -0.1480
vn -0.4361 0.8654 -0.2469
vn 0.2174 -0.5470 -0.8084
vn 0.6070 -0.7569 -0.2423
vn 0.3841 -0.9130 0.1377
vn -0.7102 0.6915 0.1324
vn 0.7022 -0.7119 0.0108
vn 0.2890 0.0277 -0.9569
vn -0.1739 -0.1664 0.9706
vn 0.4789 -0.8737 -0.0848
vn 0.3390 -0.8518 -0.3994
vn 0.7457 -0.6444 -0.1690
vn 0.9772 -0.0176 -0.2115
vn -0.3132 -0.2960 0.9024
vn 0.6520 -0.3135 0.6904
vn 0.2960 0.9462 -0.1305
vn -0.2049 0.9110 0.3578
vn -0.7554 0.6020 -0.2589
vn 0.1509 -0.9791 -0.1362
vn -0.0476 0.6543 -0.7547
vn 0.4026 -0.8815 0.2468
vn 0.4070 -0.8215 -0.3994
vn 0.7957 -0.5816 -0.1691
vn 0.9773 0.1283 -0.1683
vn -0.0227 -0.8178 0.5750
vn -0.2819 -0.2842 0.9164
vn -0.9396 0.3421 -0.0093
vn -0.1133 0.9091 0.4010
vn -0.8055 0.5406 -0.2426
vn 0.7325 -0.2309 0.6404
vn 0.2320 -0.9708 -0.0616
vn -0.2291 0.0992 -0.9683
vn 0.2796 0.9136 -0.2953
vn -0.0120 0.9985 0.0531
vn 0.4853 -0.8451 0.2244
vn 0.6034 -0.6323 -0.4859
vn -0.6148 0.3725 -0.6952
vn 0.4471 0.6848 -0.5754
vn 0.1936 -0.9617 0.1941
vn 0.9566 -0.1822 0.2273
vn 0.1980 -0.0440 0.9792
vn -0.8062 -0.5432 0.2346
vn -0.8816 -0.0232 0.4714
vn 0.1644 -0.7934 0.5861
vn 0.4739 0.6378 0.6072
vn -0.9129 0.2792 -0.2978
vn 0.0103 -0.5929 0.8052
vn 0.0245 -0.9286 -0.3704
vn 0.2490 -0.9070 -0.3398
vn 0.0294 0.9996 -0.0026
vn 0.0813 0.9967 0.0066
vn -0.1482 0.6324 -0.7603
vn 0.4219 0.9036 -0.0744
vn 0.3673 0.7854 -0.4983
vn -0.4941 -0.6175 0.6120
vn 0.0301 -0.9746 -0.2217
vn -0.0522 0.4525 0.8902
vn -0.6213 -0.5616 0.5464
vn -0.0108 -0.6036 0.7972
vn -0.0943 0.9688 -0.2292
vn -0.6115 0.7857 0.0935
vn 0.0860 -0.1736 -0.9811
vn -0.5439 0.3670 -0.7547
vn 0.0078 0.2058 0.9786
vn -0.0120 0.4221 -0.9065
vn -0.0361 0.9760 0.2147
vn -0.0146 0.6805 0.7326
vn -0.0288 0.9438 -0.3293
vn -0.0274 -0.0846 -0.9960
vn -0.0162 -0.7086 -0.7054
vn 0.0128 -0.8847 -0.4660
vn 0.5999 0.3682 -0.7103
vn 0.5750 -0.6964 -0.4294
vn -0.6247 0.2143 0.7509
vn -0.6031 -0.6914 -0.3978
vn 0.0715 -0.9825 -0.1722
vn -0.0485 0.7136 -0.6988
vn 0.0062 -0.9921 -0.1251
vn 0.0449 -0.7277 0.6844
vn 0.0594 -0.9736 0.2204
vn -0.0095 0.9668 0.2555
vn 0.0491 -0.5622 -0.8256
vn 0.0562 -0.9657 0.2536
vn 0.0434 -0.5549 0.8308
vn -0.0206 0.7092 0.7048
vn -0.0157 0.7056 0.7084
vn -0.0667 0.8180 -0.5713
vn -0.0283 -0.0918 -0.9954
vn -0.0203 -0.7053 -0.7086
vn 0.5902 0.4043 -0.6987
vn 0.6077 -0.5681 -0.5549
vn 0.0056 -0.9890 -0.1481
vn 0.5719 -0.7246 0.3844
vn -0.0294 -0.4608 0.8870
vn -0.6041 -0.6534 0.4563
vn 0.0797 -0.9885 0.1283
vn -0.5959 -0.6157 -0.5155
vn -0.5281 0.2021 -0.8248
vn 0.0535 -0.6774 -0.7337
vn 0.0026 0.2822 -0.9594
vn -0.0552 0.7628 -0.6443
vn -0.6077 0.7801 -0.1489
vn 0.6204 0.7529 0.2195
vn 0.5571 0.0900 0.8256
vn -0.0485 0.7141 -0.6983
vn -0.0515 0.5092 0.8591
vn -0.0408 0.9640 -0.2627
vn 0.0442 -0.7380 0.6734
vn -0.0095 0.9657 0.2594
vn -0.0406 -0.0318 -0.9987
vn 0.5568 -0.5397 -0.6315
vn 0.1233 -0.9847 0.1228
vn 0.6047 0.7737 0.1891
vn 0.5667 0.4209 -0.7083
vn -0.0703 0.8575 0.5096
vn -0.0846 0.9360 -0.3418
vn -0.0984 0.8246 0.5571
vn -0.0374 -0.4989 0.8658
vn 0.0606 -0.9923 -0.1079
vn 0.0860 0.4777 -0.8743
vn 0.0556 -0.9982 0.0223
vn -0.0111 -0.3390 0.9407
vn 0.0550 -0.9820 -0.1805
vn -0.0293 0.9539 -0.2987
vn -0.0421 0.8881 -0.4578
vn -0.0184 -0.0010 -0.9998
vn -0.0306 0.7417 0.6700
vn -0.6073 0.5741 0.5491
vn 0.0236 -0.0329 0.9992
vn 0.6147 -0.0164 0.7886
vn -0.6394 0.1585 -0.7524
vn -0.5921 0.7839 -0.1866
vn 0.1633 -0.5957 -0.7864
vn 0.0295 0.9968 -0.0748
vn 0.0821 -0.5799 -0.8106
vn 0.6427 -0.2240 0.7326
vn -0.0018 0.7708 0.6371
vn -0.0637 -0.2002 0.9777
vn -0.0263 -0.7957 -0.6051
vn -0.0351 0.6977 -0.7155
vn 0.5654 0.1742 -0.8062
vn -0.0951 0.9441 -0.3156
vn -0.0984 0.8229 0.5595
vn 0.0450 -0.9810 0.1889
vn -0.0393 -0.4323 0.9009
vn 0.1209 -0.9820 -0.1454
vn -0.0599 0.9899 -0.1287
vn 0.0251 0.5313 -0.8468
vn -0.0252 0.9950 -0.0962
vn -0.0329 0.7335 0.6789
vn -0.6090 0.7126 0.3483
vn -0.0079 -0.4415 0.8972
vn -0.5850 -0.1536 0.7964
vn -0.5854 0.4156 -0.6961
vn -0.5968 -0.7758 0.2050
vn 0.0448 -0.8924 0.4490
vn 0.6207 0.5577 0.5511
vn 0.6112 0.7486 -0.2571
vn -0.5974 -0.5451 -0.5882
vn 0.1267 -0.2911 -0.9483
vn 0.0795 -0.7830 -0.6169
vn 0.1135 -0.2901 -0.9502
vn 0.8870 0.0351 -0.4604
vn 0.9584 0.0636 -0.2783
vn 0.2500 0.0371 -0.9675
vn 0.2600 0.0056 -0.9656
vn -0.1545 0.6504 -0.7437
vn 0.6941 -0.0069 -0.7198
vn -0.2351 -0.0241 -0.9717
vn -0.6515 0.6656 -0.3640
vn 0.4391 0.0131 0.8983
vn -0.5728 0.0212 0.8194
vn -0.6953 0.0322 0.7180
vn -0.4230 0.0004 0.9061
vn -0.7640 0.5993 0.2391
vn -0.9713 0.0087 -0.2375
vn 0.7862 0.5792 0.2156
vn 0.7037 0.0284 0.7099
vn 0.7983 -0.0060 0.6023
vn -0.2582 0.0351 -0.9655
vn -0.6865 0.0122 -0.7270
vn -0.2419 -0.0068 0.9703
vn -0.9699 0.0071 0.2433
vn -0.9823 0.0089 -0.1872
vn -0.7511 0.6130 -0.2452
vn -0.2075 0.2941 -0.9330
vn 0.4697 0.5313 0.7051
vn 0.7286 0.6840 0.0363
vn -0.4417 -0.8799 -0.1753
vn -0.3687 -0.9129 -0.1753
vn 0.0781 -0.9938 -0.0797
vn -0.4417 -0.8799 -0.1752
vn -0.3689 -0.9128 -0.1752
vn 0.5906 -0.6346 0.4984
vn 0.0759 -0.3677 0.9268
vn 0.5866 0.1132 0.8019
vn 0.6031 0.7676 0.2168
vn -0.5866 0.3765 0.7170
vn -0.6005 -0.6098 -0.5172
vn -0.5934 -0.7747 0.2184
vn -0.5728 -0.2224 0.7889
vn 0.6111 -0.7625 0.2127
vn 0.6139 -0.7705 0.1716
vn 0.5625 -0.5734 -0.5957
vn -0.2628 0.5601 0.7856
vn 0.3486 0.6310 0.6930
vn 0.5816 0.6250 -0.5207
vn 0.9353 -0.0033 -0.3540
vt 0.935564 0.426382
vt 0.975675 0.425085
vt 0.966681 0.435829
vt 0.788611 0.429261
vt 0.768687 0.417575
vt 0.806631 0.418711
vt 0.862486 0.428342
vt 0.899236 0.423986
vt 0.883015 0.434792
vt 0.845019 0.418826
vt 0.879464 0.418384
vt 0.759649 0.425264
vt 0.918599 0.435101
vt 0.830660 0.435360
vt 0.827404 0.426976
vt 0.916714 0.418686
vt 0.788831 0.435948
vt 0.761094 0.436990
vt 0.945446 0.418698
vt 0.945595 0.442681
vt 0.879750 0.441522
vt 0.798641 0.442463
vt 0.780124 0.442699
vt 0.964435 0.443075
vt 0.860713 0.197235
vt 0.821005 0.195526
vt 0.851232 0.187253
vt 0.902874 0.192767
vt 0.906121 0.203295
vt 0.880506 0.186785
vt 0.930872 0.195535
vt 0.969226 0.195377
vt 0.947585 0.204347
vt 0.957381 0.187078
vt 0.919984 0.186691
vt 0.822164 0.204704
vt 0.783830 0.203264
vt 0.860658 0.204866
vt 0.820822 0.186875
vt 0.793994 0.187030
vt 0.784310 0.194207
vt 0.765585 0.185486
vt 0.912319 0.210273
vt 0.880727 0.210868
vt 0.851030 0.211091
vt 0.793266 0.211184
vt 0.774147 0.210794
vt 0.754295 0.204810
vt 0.988142 0.204876
vt 0.958056 0.210981
vt 0.796342 0.358582
vt 0.774998 0.350359
vt 0.813634 0.347778
vt 0.849710 0.352170
vt 0.851028 0.342618
vt 0.814438 0.341559
vt 0.767592 0.360676
vt 0.975308 0.340545
vt 0.956123 0.348247
vt 0.925278 0.342193
vt 0.919604 0.358429
vt 0.965810 0.359137
vt 0.946306 0.365991
vt 0.885671 0.358035
vt 0.882667 0.364587
vt 0.837135 0.358575
vt 0.804988 0.365792
vt 0.786524 0.366420
vt 0.964663 0.366790
vt 0.937397 0.271515
vt 0.977495 0.269925
vt 0.968604 0.280571
vt 0.787036 0.279923
vt 0.778516 0.270233
vt 0.805803 0.269926
vt 0.861819 0.273668
vt 0.900900 0.269013
vt 0.883753 0.280212
vt 0.833359 0.274113
vt 0.843439 0.263973
vt 0.879949 0.263312
vt 0.921214 0.279815
vt 0.918204 0.262955
vt 0.806634 0.263341
vt 0.766240 0.262697
vt 0.758261 0.270588
vt 0.947362 0.263654
vt 0.828737 0.281006
vt 0.947705 0.287401
vt 0.796638 0.287571
vt 0.778370 0.287434
vt 0.759628 0.281815
vt 0.966517 0.287678
vt 0.803200 0.625098
vt 0.782452 0.617162
vt 0.819929 0.614708
vt 0.871756 0.618589
vt 0.912872 0.614665
vt 0.889794 0.624599
vt 0.846639 0.618988
vt 0.855974 0.609705
vt 0.886585 0.609362
vt 0.922709 0.624970
vt 0.928161 0.609296
vt 0.820678 0.608678
vt 0.775169 0.627091
vt 0.842510 0.625115
vt 0.976629 0.607674
vt 0.957906 0.615146
vt 0.967372 0.625628
vt 0.948484 0.632232
vt 0.886861 0.630905
vt 0.811514 0.632041
vt 0.793598 0.632645
vt 0.966303 0.633002
vt 0.936829 0.537365
vt 0.975717 0.535823
vt 0.967037 0.546095
vt 0.791226 0.545486
vt 0.770044 0.536278
vt 0.809584 0.535939
vt 0.863506 0.539453
vt 0.901726 0.534970
vt 0.884973 0.545783
vt 0.835863 0.539866
vt 0.845606 0.530094
vt 0.881271 0.529443
vt 0.921304 0.545377
vt 0.918389 0.529106
vt 0.809939 0.529601
vt 0.946481 0.529772
vt 0.831372 0.546555
vt 0.946850 0.552682
vt 0.800463 0.552856
vt 0.782743 0.552718
vt 0.764504 0.547285
vt 0.965108 0.552948
vt 0.936247 0.156275
vt 0.978941 0.154585
vt 0.959612 0.165666
vt 0.780905 0.158998
vt 0.771338 0.147516
vt 0.799659 0.147485
vt 0.858673 0.158216
vt 0.897791 0.153316
vt 0.880504 0.165177
vt 0.840116 0.147773
vt 0.876742 0.147340
vt 0.749334 0.154670
vt 0.917954 0.165639
vt 0.820789 0.156641
vt 0.825379 0.165859
vt 0.987789 0.167508
vt 0.916470 0.147702
vt 0.780424 0.166322
vt 0.750861 0.167496
vt 0.751415 0.145741
vt 0.947041 0.147784
vt 0.947140 0.173882
vt 0.877052 0.172625
vt 0.790806 0.173578
vt 0.771135 0.173855
vt 0.967097 0.174296
vt 0.849622 0.078222
vt 0.806858 0.076241
vt 0.839605 0.067079
vt 0.895436 0.073061
vt 0.898980 0.084861
vt 0.871217 0.066597
vt 0.925779 0.076210
vt 0.956094 0.074736
vt 0.955923 0.084866
vt 0.945324 0.066926
vt 0.914018 0.066426
vt 0.808188 0.086355
vt 0.766733 0.084906
vt 0.925980 0.087097
vt 0.850155 0.086503
vt 0.806723 0.066632
vt 0.945894 0.093597
vt 0.905658 0.092693
vt 0.871472 0.093366
vt 0.839337 0.093573
vt 0.768493 0.093621
vt 0.734641 0.086661
vt 0.988030 0.086735
vt 0.966469 0.093498
vt 0.843895 0.831430
vt 0.859555 0.834509
vt 0.829039 0.842302
vt 0.915921 0.832768
vt 0.941165 0.837594
vt 0.906781 0.841771
vt 0.961376 0.847613
vt 0.928185 0.848149
vt 0.969136 0.837421
vt 0.990066 0.842433
vt 0.824031 0.829665
vt 0.873222 0.842723
vt 0.836515 0.848235
vt 0.902220 0.848112
vt 0.988300 0.849062
vt 0.873028 0.847715
vt 0.983870 0.831061
vt 0.948455 0.832051
vt 0.921315 0.825589
vt 0.902488 0.825043
vt 0.838589 0.823371
vt 0.842306 0.917099
vt 0.857966 0.920177
vt 0.827450 0.927970
vt 0.914332 0.918436
vt 0.939576 0.923262
vt 0.905192 0.927439
vt 0.959786 0.933281
vt 0.926595 0.933817
vt 0.967547 0.923090
vt 0.988476 0.928102
vt 0.822442 0.915334
vt 0.871633 0.928391
vt 0.834926 0.933903
vt 0.900631 0.933780
vt 0.986711 0.934730
vt 0.871439 0.933383
vt 0.982281 0.916730
vt 0.946866 0.917720
vt 0.919726 0.911257
vt 0.900899 0.910711
vt 0.837000 0.909039
vt 0.909213 0.749965
vt 0.929375 0.760453
vt 0.894114 0.760045
vt 0.965404 0.749232
vt 0.988941 0.754303
vt 0.965333 0.759927
vt 0.937643 0.744388
vt 0.936458 0.752479
vt 0.865155 0.760155
vt 0.851190 0.755200
vt 0.878523 0.752880
vt 0.987314 0.761160
vt 0.821611 0.752212
vt 0.829020 0.760620
vt 0.915429 0.737996
vt 0.908312 0.744376
vt 0.894249 0.737626
vt 0.847812 0.744527
vt 0.815487 0.742738
vt 0.834656 0.736533
vt 0.968817 0.652181
vt 0.980684 0.661584
vt 0.936451 0.662173
vt 0.863261 0.653135
vt 0.897689 0.658602
vt 0.863269 0.664078
vt 0.912540 0.669118
vt 0.882139 0.669484
vt 0.848414 0.669163
vt 0.832708 0.663776
vt 0.943556 0.670180
vt 0.984520 0.670409
vt 0.968066 0.669154
vt 0.799397 0.660890
vt 0.807835 0.669685
vt 0.904690 0.646153
vt 0.896730 0.652569
vt 0.882313 0.645801
vt 0.930029 0.652582
vt 0.968409 0.644917
vt 0.943852 0.644951
vt 0.828862 0.652715
vt 0.792573 0.650858
vt 0.813994 0.644638
vt 0.900619 0.465758
vt 0.935577 0.463811
vt 0.927595 0.472509
vt 0.975675 0.462514
vt 0.966681 0.473258
vt 0.861183 0.466133
vt 0.836958 0.456312
vt 0.881825 0.456329
vt 0.788611 0.466690
vt 0.759649 0.462693
vt 0.789624 0.456193
vt 0.823592 0.473099
vt 0.827525 0.464434
vt 0.788831 0.473377
vt 0.761094 0.474419
vt 0.761621 0.454376
vt 0.945595 0.480110
vt 0.900680 0.472762
vt 0.909132 0.478475
vt 0.882192 0.478896
vt 0.853473 0.478857
vt 0.861230 0.472866
vt 0.789404 0.480010
vt 0.964435 0.480504
vt 0.940358 0.240740
vt 0.970166 0.230064
vt 0.979043 0.241091
vt 0.860712 0.233535
vt 0.821004 0.231827
vt 0.851232 0.223554
vt 0.902874 0.229068
vt 0.906120 0.239596
vt 0.880506 0.223085
vt 0.753194 0.229306
vt 0.784707 0.223456
vt 0.785333 0.232816
vt 0.930872 0.231840
vt 0.966177 0.222965
vt 0.919879 0.222988
vt 0.822163 0.241005
vt 0.786991 0.240028
vt 0.754350 0.241347
vt 0.754948 0.221615
vt 0.860658 0.241166
vt 0.820821 0.223176
vt 0.912319 0.246574
vt 0.880727 0.247169
vt 0.851029 0.247391
vt 0.793265 0.247484
vt 0.949358 0.247357
vt 0.796342 0.397217
vt 0.774998 0.388994
vt 0.813633 0.386413
vt 0.849710 0.390805
vt 0.851028 0.381253
vt 0.814438 0.380194
vt 0.767592 0.399311
vt 0.975308 0.379179
vt 0.956123 0.386882
vt 0.925278 0.380828
vt 0.919604 0.397063
vt 0.965810 0.397772
vt 0.946305 0.404626
vt 0.885671 0.396670
vt 0.882666 0.403222
vt 0.837135 0.397210
vt 0.804988 0.404427
vt 0.786524 0.405055
vt 0.964663 0.405425
vt 0.935391 0.501187
vt 0.975488 0.499597
vt 0.966597 0.510242
vt 0.785029 0.509595
vt 0.776509 0.499904
vt 0.803797 0.499598
vt 0.859812 0.503340
vt 0.898893 0.498684
vt 0.881746 0.509883
vt 0.831352 0.503784
vt 0.841432 0.493644
vt 0.877942 0.492983
vt 0.919207 0.509487
vt 0.916197 0.492627
vt 0.804627 0.493013
vt 0.764233 0.492369
vt 0.756254 0.500259
vt 0.945355 0.493325
vt 0.826730 0.510678
vt 0.945699 0.517072
vt 0.794631 0.517242
vt 0.776364 0.517105
vt 0.757621 0.511486
vt 0.964510 0.517349
vt 0.800816 0.583860
vt 0.780106 0.575927
vt 0.817502 0.573466
vt 0.869322 0.577358
vt 0.910418 0.573398
vt 0.887383 0.583360
vt 0.844246 0.577732
vt 0.853511 0.568541
vt 0.884227 0.568205
vt 0.920228 0.583730
vt 0.925329 0.568030
vt 0.818369 0.567438
vt 0.772788 0.585879
vt 0.840188 0.583889
vt 0.974269 0.566420
vt 0.955550 0.573941
vt 0.884509 0.589660
vt 0.809120 0.590796
vt 0.791204 0.591401
vt 0.965866 0.584422
vt 0.963909 0.591757
vt 0.946091 0.590988
vt 0.938279 0.310348
vt 0.977290 0.308879
vt 0.968467 0.319118
vt 0.792795 0.318485
vt 0.771419 0.309419
vt 0.810932 0.308887
vt 0.865159 0.312507
vt 0.903256 0.307961
vt 0.886507 0.318759
vt 0.837415 0.312870
vt 0.847078 0.303120
vt 0.882815 0.302442
vt 0.922243 0.318831
vt 0.920251 0.302672
vt 0.811820 0.302482
vt 0.948033 0.302734
vt 0.832950 0.319563
vt 0.948401 0.325691
vt 0.883187 0.325451
vt 0.802014 0.325865
vt 0.784294 0.325728
vt 0.766063 0.320340
vt 0.966659 0.325958
vt 0.936248 0.115800
vt 0.978941 0.114111
vt 0.959612 0.125192
vt 0.780905 0.118524
vt 0.771338 0.107042
vt 0.799659 0.107011
vt 0.858673 0.117742
vt 0.897791 0.112842
vt 0.880504 0.124702
vt 0.840116 0.107299
vt 0.876742 0.106866
vt 0.749334 0.114196
vt 0.917954 0.125165
vt 0.820789 0.116167
vt 0.825379 0.125385
vt 0.987789 0.127034
vt 0.916470 0.107228
vt 0.780424 0.125847
vt 0.750861 0.127022
vt 0.751415 0.105267
vt 0.947041 0.107310
vt 0.947140 0.133408
vt 0.877052 0.132150
vt 0.790806 0.133104
vt 0.771135 0.133381
vt 0.967097 0.133822
vt 0.849622 0.038101
vt 0.806858 0.036120
vt 0.839605 0.026957
vt 0.895435 0.032940
vt 0.898980 0.044739
vt 0.871217 0.026476
vt 0.925778 0.036089
vt 0.956094 0.034615
vt 0.955922 0.044745
vt 0.945323 0.026804
vt 0.914018 0.026304
vt 0.808188 0.046234
vt 0.766733 0.044784
vt 0.925980 0.046976
vt 0.850155 0.046381
vt 0.806723 0.026511
vt 0.945894 0.053476
vt 0.905658 0.052572
vt 0.871472 0.053244
vt 0.839337 0.053451
vt 0.768493 0.053500
vt 0.734642 0.046540
vt 0.988030 0.046614
vt 0.966469 0.053376
vt 0.842349 0.959227
vt 0.858031 0.962317
vt 0.827464 0.970111
vt 0.914433 0.960606
vt 0.939655 0.965442
vt 0.905289 0.969604
vt 0.967585 0.965281
vt 0.973295 0.975573
vt 0.953092 0.975395
vt 0.926684 0.975984
vt 0.988476 0.970292
vt 0.822452 0.957451
vt 0.871711 0.970546
vt 0.834950 0.976057
vt 0.900727 0.975945
vt 0.986713 0.976908
vt 0.871516 0.975543
vt 0.982296 0.958938
vt 0.946937 0.959910
vt 0.919831 0.953435
vt 0.901006 0.952872
vt 0.837038 0.951152
vt 0.841833 0.874174
vt 0.857493 0.877252
vt 0.826977 0.885045
vt 0.913865 0.875512
vt 0.939101 0.880340
vt 0.904721 0.884516
vt 0.844532 0.441405
vt 0.959314 0.890356
vt 0.926123 0.890893
vt 0.967074 0.880164
vt 0.988004 0.885177
vt 0.821968 0.872410
vt 0.871160 0.885466
vt 0.834453 0.890979
vt 0.900158 0.890856
vt 0.986239 0.891806
vt 0.870966 0.890458
vt 0.981806 0.873806
vt 0.946392 0.874794
vt 0.919253 0.868332
vt 0.900426 0.867786
vt 0.836527 0.866114
vt 0.864997 0.788676
vt 0.877464 0.799417
vt 0.842670 0.800610
vt 0.962639 0.788311
vt 0.979687 0.795681
vt 0.949592 0.796565
vt 0.891466 0.788990
vt 0.915316 0.797702
vt 0.927623 0.788189
vt 0.922071 0.804343
vt 0.893841 0.804551
vt 0.857946 0.804210
vt 0.987411 0.786923
vt 0.837000 0.788952
vt 0.843626 0.781013
vt 0.893986 0.781549
vt 0.956994 0.780425
vt 0.977682 0.779370
vt 0.829503 0.811321
vt 0.927398 0.811997
vt 0.949368 0.804490
vt 0.970533 0.698852
vt 0.982400 0.708255
vt 0.938167 0.708844
vt 0.864977 0.699806
vt 0.899405 0.705273
vt 0.864985 0.710749
vt 0.914255 0.715789
vt 0.883855 0.716155
vt 0.850130 0.715834
vt 0.834424 0.710447
vt 0.945272 0.716851
vt 0.986236 0.717080
vt 0.969782 0.715825
vt 0.801113 0.707561
vt 0.809550 0.716356
vt 0.906406 0.692824
vt 0.898446 0.699240
vt 0.884029 0.692472
vt 0.931745 0.699253
vt 0.970125 0.691588
vt 0.945568 0.691622
vt 0.830578 0.699386
vt 0.794289 0.697529
vt 0.815710 0.691309
vt 0.318378 0.118685
vt 0.307827 0.017858
vt 0.308541 0.137011
vt 0.341266 0.138621
vt 0.336629 0.018244
vt 0.357476 0.084061
vt 0.354415 0.019300
vt 0.321530 0.241887
vt 0.345107 0.235294
vt 0.334426 0.243688
vt 0.326736 0.512159
vt 0.345956 0.460769
vt 0.358023 0.602547
vt 0.279765 0.258684
vt 0.277227 0.603762
vt 0.287659 0.481912
vt 0.291577 0.242904
vt 0.277700 0.987379
vt 0.290806 0.986839
vt 0.321209 0.017950
vt 0.291804 0.018128
vt 0.281290 0.109103
vt 0.296493 0.141095
vt 0.607239 0.433871
vt 0.673811 0.472457
vt 0.623350 0.482199
vt 0.348218 0.717023
vt 0.293889 0.757769
vt 0.307557 0.727753
vt 0.300608 0.472969
vt 0.334343 0.770186
vt 0.201832 0.243257
vt 0.212020 0.472142
vt 0.217042 0.316818
vt 0.239308 0.246147
vt 0.238148 0.511331
vt 0.257369 0.459941
vt 0.188640 0.602935
vt 0.199072 0.481085
vt 0.189113 0.986552
vt 0.198957 0.986228
vt 0.205302 0.756942
vt 0.215869 0.985902
vt 0.221966 0.129868
vt 0.216178 0.017175
vt 0.210796 0.141071
vt 0.200556 0.017546
vt 0.189114 0.018246
vt 0.198815 0.120114
vt 0.266706 0.152811
vt 0.258426 0.236241
vt 0.269436 0.280988
vt 0.606976 0.341164
vt 0.668015 0.380833
vt 0.626743 0.381220
vt 0.625563 0.807054
vt 0.664063 0.805998
vt 0.680177 0.852629
vt 0.643056 0.882627
vt 0.269436 0.601719
vt 0.259631 0.716196
vt 0.235938 0.095010
vt 0.253159 0.135534
vt 0.218970 0.726926
vt 0.245756 0.769359
vt 0.177978 0.220794
vt 0.170122 0.017460
vt 0.157868 0.267969
vt 0.123905 0.016623
vt 0.108184 0.017404
vt 0.129122 0.270008
vt 0.118220 0.289147
vt 0.127980 0.512255
vt 0.148096 0.488852
vt 0.163425 0.506973
vt 0.104386 0.226885
vt 0.108186 0.551092
vt 0.159677 0.786634
vt 0.144425 0.727146
vt 0.160860 0.868182
vt 0.117552 0.868034
vt 0.114878 0.786634
vt 0.103146 0.836431
vt 0.128073 0.849418
vt 0.131068 0.985294
vt 0.139837 0.247255
vt 0.140572 0.016565
vt 0.180128 0.017187
vt 0.104360 0.985500
vt 0.117499 0.985561
vt 0.691062 0.155843
vt 0.669720 0.190985
vt 0.632702 0.189766
vt 0.173476 0.305738
vt 0.121190 0.633733
vt 0.177460 0.814401
vt 0.175170 0.530088
vt 0.055760 0.017782
vt 0.042047 0.260224
vt 0.055778 0.297063
vt 0.078444 0.191708
vt 0.092031 0.249369
vt 0.092031 0.018548
vt 0.029859 0.285546
vt 0.038643 0.506735
vt 0.069625 0.287377
vt 0.063033 0.528419
vt 0.075522 0.500688
vt 0.029189 0.795968
vt 0.018167 0.705581
vt 0.027206 0.893295
vt 0.041765 0.853168
vt 0.039254 0.986589
vt 0.055580 0.749044
vt 0.054837 0.986550
vt 0.018804 0.986783
vt 0.068667 0.986900
vt 0.064561 0.873011
vt 0.648356 0.211262
vt 0.682743 0.232483
vt 0.612336 0.231478
vt 0.602114 0.549790
vt 0.680622 0.559833
vt 0.631432 0.585010
vt 0.624255 0.512017
vt 0.665671 0.515070
vt 0.021452 0.433966
vt 0.086464 0.313497
vt 0.079144 0.836817
vt 0.087281 0.527702
vt 0.092031 0.745168
vt 0.539464 0.463083
vt 0.545067 0.249388
vt 0.528141 0.240889
vt 0.527789 0.016053
vt 0.519703 0.989004
vt 0.536503 0.685821
vt 0.519611 0.618453
vt 0.507232 0.989403
vt 0.474054 0.244247
vt 0.485850 0.440926
vt 0.486594 0.250330
vt 0.482650 0.670949
vt 0.494948 0.989945
vt 0.502625 0.537427
vt 0.566921 0.371327
vt 0.573654 0.642580
vt 0.573654 0.406365
vt 0.548989 0.983444
vt 0.560359 0.585110
vt 0.561454 0.017249
vt 0.519455 0.405908
vt 0.512382 0.016058
vt 0.573654 0.016050
vt 0.478433 0.016049
vt 0.494813 0.016050
vt 0.503057 0.305579
vt 0.975089 0.417032
vt 0.817094 0.411565
vt 0.918006 0.411763
vt 0.753180 0.193112
vt 0.831215 0.210990
vt 0.987085 0.185710
vt 0.882373 0.342271
vt 0.883541 0.349602
vt 0.986456 0.179755
vt 0.812412 0.179764
vt 0.930593 0.180219
vt 0.774997 0.340453
vt 0.918429 0.347826
vt 0.985154 0.348846
vt 0.850390 0.364489
vt 0.823480 0.335348
vt 0.919054 0.335720
vt 0.910901 0.286417
vt 0.880343 0.287121
vt 0.976996 0.261987
vt 0.843120 0.287166
vt 0.815070 0.256828
vt 0.929060 0.256435
vt 0.782369 0.607614
vt 0.986209 0.615700
vt 0.855376 0.630806
vt 0.770901 0.528736
vt 0.829388 0.602724
vt 0.922166 0.603084
vt 0.911319 0.551747
vt 0.881645 0.552441
vt 0.975268 0.528143
vt 0.845324 0.552484
vt 0.839565 0.172443
vt 0.818257 0.523233
vt 0.928836 0.522840
vt 0.978398 0.146041
vt 0.767167 0.074760
vt 0.769214 0.066317
vt 0.752538 0.138696
vt 0.810429 0.139685
vt 0.917359 0.139977
vt 0.988987 0.073904
vt 0.733434 0.073597
vt 0.735354 0.064958
vt 0.977836 0.065381
vt 0.817919 0.093436
vt 0.736326 0.058101
vt 0.797603 0.058604
vt 0.925494 0.058913
vt 0.886473 0.832423
vt 0.851975 0.854553
vt 0.865977 0.854920
vt 0.961411 0.825266
vt 0.987504 0.856272
vt 0.934529 0.855521
vt 0.879908 0.855544
vt 0.884884 0.918091
vt 0.850386 0.940221
vt 0.864388 0.940588
vt 0.959822 0.910934
vt 0.985914 0.941941
vt 0.932940 0.941189
vt 0.878320 0.941212
vt 0.876786 0.744687
vt 0.973503 0.743154
vt 0.943489 0.736809
vt 0.965337 0.736253
vt 0.986702 0.768451
vt 0.872233 0.767868
vt 0.858420 0.767265
vt 0.983792 0.677647
vt 0.920158 0.677149
vt 0.856386 0.676962
vt 0.840796 0.676352
vt 0.908601 0.456528
vt 0.936550 0.456043
vt 0.975089 0.454461
vt 0.762654 0.448041
vt 0.823933 0.448976
vt 0.927113 0.449175
vt 0.831214 0.247291
vt 0.755863 0.215472
vt 0.774830 0.216716
vt 0.882373 0.380905
vt 0.883541 0.388237
vt 0.812411 0.216065
vt 0.930593 0.216520
vt 0.774997 0.379088
vt 0.918428 0.386461
vt 0.985154 0.387481
vt 0.850389 0.403124
vt 0.823480 0.373983
vt 0.919054 0.374355
vt 0.908895 0.516089
vt 0.878336 0.516793
vt 0.974989 0.491658
vt 0.841113 0.516837
vt 0.813063 0.486500
vt 0.927053 0.486107
vt 0.779939 0.566344
vt 0.983822 0.574494
vt 0.852908 0.589561
vt 0.772488 0.301806
vt 0.826994 0.561480
vt 0.919685 0.561840
vt 0.846798 0.325494
vt 0.976861 0.301091
vt 0.839565 0.131968
vt 0.819809 0.296243
vt 0.921548 0.295867
vt 0.978398 0.105567
vt 0.767167 0.034638
vt 0.769214 0.026196
vt 0.752538 0.098222
vt 0.810429 0.099211
vt 0.917359 0.099502
vt 0.988987 0.033782
vt 0.733434 0.033476
vt 0.735354 0.024837
vt 0.977836 0.025260
vt 0.817919 0.053314
vt 0.736326 0.017980
vt 0.797603 0.018483
vt 0.925493 0.018792
vt 0.884979 0.960243
vt 0.953196 0.953452
vt 0.973221 0.952524
vt 0.850435 0.982387
vt 0.864456 0.982757
vt 0.985916 0.984105
vt 0.933024 0.983350
vt 0.878404 0.983381
vt 0.884406 0.875166
vt 0.849913 0.897296
vt 0.863915 0.897664
vt 0.959349 0.868010
vt 0.985442 0.899016
vt 0.932467 0.898265
vt 0.877847 0.898287
vt 0.813289 0.798578
vt 0.819220 0.786476
vt 0.978074 0.804596
vt 0.814637 0.805703
vt 0.864681 0.811506
vt 0.307714 0.986985
vt 0.985508 0.724318
vt 0.921874 0.723820
vt 0.858102 0.723633
vt 0.842512 0.723023
vt 0.308179 0.418180
vt 0.321189 0.987150
vt 0.334354 0.987631
vt 0.351461 0.987546
vt 0.277701 0.018115
vt 0.644055 0.407041
vt 0.679439 0.427718
vt 0.679901 0.652560
vt 0.602656 0.661015
vt 0.619610 0.614502
vt 0.660647 0.615702
vt 0.649446 0.688699
vt 0.236629 0.017277
vt 0.252228 0.017533
vt 0.189114 0.168485
vt 0.266028 0.018252
vt 0.232570 0.986351
vt 0.245642 0.986916
vt 0.262873 0.986765
vt 0.638374 0.309024
vt 0.684712 0.339124
vt 0.605796 0.851719
vt 0.170167 0.985701
vt 0.180128 0.985606
vt 0.157132 0.985718
vt 0.143691 0.985100
vt 0.156985 0.016889
vt 0.100817 0.341920
vt 0.100817 0.516190
vt 0.677017 0.962431
vt 0.604349 0.949417
vt 0.622152 0.906047
vt 0.670488 0.915255
vt 0.642100 0.982012
vt 0.608576 0.155723
vt 0.630669 0.118648
vt 0.670662 0.120640
vt 0.029065 0.018025
vt 0.015889 0.018520
vt 0.180128 0.673787
vt 0.068881 0.018105
vt 0.082021 0.018676
vt 0.092031 0.986835
vt 0.082402 0.986797
vt 0.012688 0.340681
vt 0.012688 0.514593
vt 0.042619 0.017741
vt 0.681421 0.272605
vt 0.611851 0.271555
vt 0.646504 0.292186
vt 0.573654 0.988996
vt 0.562745 0.988470
vt 0.478314 0.989047
vt 0.536148 0.987197
vt 0.668909 0.027087
vt 0.688777 0.058883
vt 0.607427 0.050288
vt 0.628083 0.026445
vt 0.544635 0.016050
vt 0.612323 0.081799
vt 0.677368 0.092579
vt 0.646837 0.102948
s 1
usemtl Fence2
f 10/1/1 11/2/2 17/3/3
f 4/4/4 16/5/5 6/6/6
f 5/7/7 13/8/8 7/9/9
f 5/7/7 9/10/10 8/11/11
f 4/4/4 11/12/2 16/5/5
f 7/9/9 13/8/8 14/13/12
f 15/14/13 4/4/4 12/15/14
f 1/16/15 13/8/8 8/11/11
f 6/6/6 9/10/10 12/15/14
f 3/17/16 17/18/3 4/4/4
f 17/3/3 14/13/12 10/1/1
f 2/19/17 10/1/1 1/16/15
f 15/14/13 12/15/14 5/7/7
f 14/13/12 17/3/3 2/20/17
f 7/9/9 14/13/12 8/21/11
f 3/17/16 15/14/13 6/22/6
f 16/23/5 3/17/16 6/22/6
f 17/18/3 3/17/16 16/23/5
f 17/3/3 16/24/5 2/20/17
f 23/25/18 22/26/19 28/27/20
f 23/25/18 31/28/21 32/29/22
f 23/25/18 28/27/20 26/30/23
f 29/31/24 30/32/25 33/33/26
f 30/32/25 29/31/24 24/34/27
f 18/35/28 31/28/21 26/30/23
f 27/36/29 19/37/30 22/26/19
f 33/33/26 32/29/22 29/31/24
f 18/35/28 24/34/27 29/31/24
f 20/38/31 27/36/29 23/25/18
f 34/39/32 28/27/20 22/26/19
f 25/40/33 21/41/34 35/42/35
f 32/29/22 33/33/26 18/43/28
f 32/29/22 18/43/28 26/44/23
f 28/45/20 20/38/31 26/44/23
f 19/37/30 27/36/29 25/46/33
f 35/47/35 19/37/30 25/46/33
f 36/48/36 19/37/30 35/47/35
f 33/33/26 36/49/36 24/50/27
f 39/51/37 47/52/38 41/53/39
f 43/54/40 41/53/39 46/55/41
f 38/56/42 46/55/41 41/53/39
f 39/51/37 52/57/43 47/52/38
f 51/58/44 40/59/45 37/60/46
f 49/61/47 52/62/43 37/63/46
f 44/64/48 49/61/47 45/65/49
f 39/51/37 50/66/50 38/67/42
f 51/68/44 39/51/37 38/67/42
f 52/57/43 39/51/37 51/68/44
f 52/62/43 51/69/44 37/63/46
f 63/70/51 64/71/52 70/72/53
f 55/73/54 56/74/55 65/75/56
f 57/76/57 66/77/58 59/78/59
f 61/79/60 65/75/56 62/80/61
f 57/76/57 62/80/61 60/81/62
f 59/78/59 66/77/58 67/82/63
f 53/83/64 66/77/58 60/81/62
f 58/84/65 62/80/61 65/75/56
f 69/85/66 56/74/55 64/86/52
f 67/82/63 63/70/51 70/72/53
f 53/83/64 54/87/67 63/70/51
f 68/88/68 61/79/60 57/76/57
f 67/82/63 70/72/53 54/89/67
f 55/73/54 68/88/68 58/90/65
f 69/91/66 55/73/54 58/90/65
f 70/92/53 55/73/54 69/91/66
f 70/72/53 69/93/66 54/89/67
f 73/94/69 81/95/70 75/96/71
f 76/97/72 82/98/73 77/99/74
f 79/100/75 75/96/71 80/101/76
f 76/97/72 80/101/76 78/102/77
f 77/99/74 82/98/73 83/103/78
f 71/104/79 82/98/73 78/102/77
f 72/105/80 80/101/76 75/96/71
f 73/94/69 86/106/81 81/95/70
f 84/107/82 79/100/75 76/97/72
f 85/108/83 74/109/84 71/104/79
f 83/103/78 86/110/81 71/111/79
f 77/99/74 83/103/78 78/112/77
f 73/94/69 84/107/82 72/113/80
f 85/114/83 73/94/69 72/113/80
f 86/106/81 73/94/69 85/114/83
f 86/110/81 85/115/83 71/111/79
f 96/116/85 97/117/86 103/118/87
f 89/119/88 97/120/86 98/121/89
f 90/122/90 99/123/91 92/124/92
f 94/125/93 98/121/89 95/126/94
f 90/122/90 95/126/94 93/127/95
f 92/124/92 99/123/91 100/128/96
f 87/129/97 99/123/91 93/127/95
f 91/130/98 95/126/94 98/121/89
f 100/128/96 96/116/85 103/118/87
f 87/129/97 88/131/99 96/116/85
f 101/132/100 94/125/93 90/122/90
f 100/128/96 103/118/87 88/133/99
f 89/119/88 101/132/100 91/134/98
f 102/135/101 89/119/88 91/134/98
f 103/136/87 89/119/88 102/135/101
f 103/118/87 102/137/101 88/133/99
f 115/138/102 116/139/103 106/140/104
f 110/141/105 121/142/106 111/143/107
f 108/144/108 118/145/109 112/146/110
f 108/144/108 114/147/111 113/148/112
f 110/141/105 116/149/103 121/142/106
f 112/146/110 118/145/109 119/150/113
f 110/141/105 117/151/114 120/152/115
f 106/140/104 116/139/103 122/153/116
f 104/154/117 118/145/109 113/148/112
f 111/143/107 114/147/111 117/151/114
f 107/155/118 122/156/116 110/141/105
f 109/157/119 121/142/106 116/149/103
f 106/140/104 119/150/113 115/138/102
f 104/154/117 105/158/120 115/138/102
f 120/152/115 117/151/114 108/144/108
f 119/150/113 106/140/104 105/159/120
f 112/146/110 119/150/113 113/160/112
f 107/155/118 120/152/115 111/161/107
f 121/162/106 107/155/118 111/161/107
f 122/156/116 107/155/118 121/162/106
f 106/140/104 122/153/116 109/163/119
f 106/140/104 109/163/119 105/159/120
f 131/164/121 130/165/122 136/166/123
f 131/164/121 139/167/124 140/168/125
f 131/164/121 136/166/123 134/169/126
f 137/170/127 128/171/128 132/172/129
f 128/171/128 137/170/127 124/173/130
f 123/174/131 139/167/124 134/169/126
f 135/175/132 126/176/133 130/165/122
f 141/177/134 140/168/125 137/170/127
f 123/174/131 124/173/130 137/170/127
f 127/178/135 135/175/132 131/164/121
f 142/179/136 136/166/123 130/165/122
f 141/177/134 132/172/129 124/180/130
f 140/168/125 141/177/134 123/181/131
f 140/168/125 123/181/131 134/182/126
f 136/183/123 127/178/135 134/182/126
f 126/176/133 135/175/132 133/184/137
f 143/185/138 126/176/133 133/184/137
f 132/172/129 143/186/138 125/187/139
f 132/172/129 125/187/139 124/180/130
f 145/188/140 150/189/141 156/190/142
f 147/191/143 149/192/144 148/193/145
f 149/192/144 153/194/146 155/195/147
f 152/196/148 156/197/142 153/194/146
f 145/188/140 156/190/142 159/198/149
f 150/189/141 157/199/150 151/200/151
f 155/195/147 154/201/152 148/193/145
f 151/202/151 153/194/146 156/197/142
f 144/203/153 151/200/151 157/199/150
f 159/204/149 152/196/148 146/205/154
f 155/206/147 147/191/143 154/207/152
f 146/205/154 147/191/143 155/206/147
f 145/188/140 159/198/149 151/208/151
f 161/209/155 166/210/156 172/211/157
f 163/212/158 165/213/159 164/214/160
f 165/213/159 169/215/161 171/216/162
f 168/217/163 172/218/157 169/215/161
f 161/209/155 172/211/157 175/219/164
f 166/210/156 173/220/165 167/221/166
f 171/216/162 170/222/167 164/214/160
f 167/223/166 169/215/161 172/218/157
f 160/224/168 167/221/166 173/220/165
f 175/225/164 168/217/163 162/226/169
f 171/227/162 163/212/158 170/228/167
f 162/226/169 163/212/158 171/227/162
f 161/209/155 175/219/164 167/229/166
f 179/230/170 185/231/171 184/232/172
f 181/233/173 187/234/174 182/235/175
f 177/236/176 181/233/173 188/237/177
f 176/238/178 186/239/179 189/240/180
f 180/241/181 182/235/175 187/234/174
f 187/242/174 186/239/179 180/243/181
f 185/244/171 178/245/182 184/246/172
f 177/236/176 178/245/182 185/244/171
f 190/247/183 191/248/184 180/249/181
f 207/250/185 202/251/186 203/252/187
f 198/253/188 195/254/189 204/255/190
f 195/254/189 200/256/191 199/257/192
f 192/258/193 204/255/190 199/257/192
f 192/258/193 201/259/194 204/255/190
f 197/260/195 200/256/191 203/252/187
f 196/261/196 206/262/197 202/251/186
f 202/263/186 201/259/194 196/264/196
f 200/265/191 194/266/198 199/267/192
f 193/268/199 194/266/198 200/265/191
f 206/269/197 207/250/185 197/270/195
f 205/271/200 207/272/185 196/273/196
f 221/274/201 218/275/202 222/276/203
f 218/275/202 219/277/204 225/278/205
f 212/279/206 217/280/207 216/281/208
f 211/282/209 219/283/204 214/284/210
f 224/285/211 211/282/209 220/286/212
f 209/287/213 225/288/205 211/282/209
f 213/289/214 214/284/210 219/283/204
f 225/278/205 222/276/203 218/275/202
f 222/276/203 225/278/205 208/290/215
f 215/291/216 222/276/203 223/292/217
f 215/291/216 223/292/217 216/293/208
f 217/294/207 210/295/218 216/293/208
f 224/285/211 210/295/218 217/294/207
f 209/287/213 224/285/211 214/296/210
f 225/288/205 209/287/213 214/296/210
f 225/278/205 213/297/214 208/290/215
f 241/298/219 238/299/220 243/300/221
f 231/301/18 230/302/222 236/303/20
f 231/301/18 239/304/223 240/305/224
f 231/301/18 236/303/20 234/306/225
f 238/307/220 233/308/226 232/309/227
f 237/310/228 238/299/220 241/298/219
f 238/299/220 237/310/228 227/311/229
f 226/312/230 239/304/223 234/306/225
f 235/313/231 228/314/232 230/302/222
f 241/298/219 240/305/224 237/310/228
f 228/314/232 243/315/221 232/309/227
f 233/308/226 238/307/220 227/316/229
f 226/312/230 227/311/229 237/310/228
f 229/317/31 235/313/231 231/301/18
f 242/318/233 236/303/20 230/302/222
f 240/305/224 241/298/219 226/319/230
f 240/305/224 226/319/230 234/320/225
f 236/321/20 229/317/31 234/320/225
f 228/314/232 235/313/231 233/322/226
f 241/298/219 243/300/221 227/323/229
f 246/324/37 254/325/38 248/326/39
f 250/327/40 248/326/39 253/328/234
f 245/329/42 253/328/234 248/326/39
f 246/324/37 259/330/43 254/325/38
f 258/331/44 247/332/45 244/333/46
f 256/334/47 259/335/43 244/336/46
f 251/337/48 256/334/47 252/338/49
f 246/324/37 257/339/50 245/340/42
f 258/341/44 246/324/37 245/340/42
f 259/330/43 246/324/37 258/341/44
f 259/335/43 258/342/44 244/336/46
f 270/343/51 271/344/52 277/345/53
f 262/346/54 263/347/55 272/348/56
f 264/349/57 273/350/58 266/351/59
f 268/352/60 272/348/56 269/353/61
f 264/349/57 269/353/61 267/354/62
f 266/351/59 273/350/58 274/355/63
f 260/356/235 273/350/58 267/354/62
f 265/357/65 269/353/61 272/348/56
f 276/358/66 263/347/55 271/359/52
f 274/355/63 270/343/51 277/345/53
f 260/356/235 261/360/67 270/343/51
f 275/361/68 268/352/60 264/349/57
f 274/355/63 277/345/53 261/362/67
f 262/346/54 275/361/68 265/363/65
f 276/364/66 262/346/54 265/363/65
f 277/365/53 262/346/54 276/364/66
f 277/345/53 276/366/66 261/362/67
f 280/367/236 287/368/237 288/369/238
f 282/370/239 289/371/240 283/372/241
f 285/373/242 288/369/238 286/374/243
f 282/370/239 286/374/243 284/375/244
f 283/372/241 289/371/240 290/376/245
f 278/377/246 289/371/240 284/375/244
f 279/378/247 286/374/243 288/369/238
f 280/367/236 293/379/248 287/368/237
f 291/380/249 285/373/242 282/370/239
f 292/381/250 281/382/251 278/377/246
f 283/372/241 290/376/245 284/383/244
f 280/367/236 291/380/249 279/384/247
f 292/385/250 280/367/236 279/384/247
f 293/379/248 280/367/236 292/385/250
f 293/386/248 292/387/250 278/388/246
f 303/389/252 304/390/253 310/391/254
f 296/392/255 304/393/253 305/394/256
f 297/395/257 306/396/258 299/397/259
f 301/398/260 305/394/256 302/399/261
f 297/395/257 302/399/261 300/400/262
f 299/397/259 306/396/258 307/401/263
f 294/402/264 306/396/258 300/400/262
f 298/403/265 302/399/261 305/394/256
f 307/401/263 303/389/252 310/391/254
f 294/402/264 295/404/266 303/389/252
f 308/405/267 301/398/260 297/395/257
f 307/401/263 310/391/254 295/406/266
f 299/397/259 307/401/263 300/407/262
f 296/392/255 308/405/267 298/408/265
f 309/409/268 296/392/255 298/408/265
f 310/410/254 296/392/255 309/409/268
f 310/391/254 309/411/268 295/406/266
f 322/412/102 323/413/103 313/414/104
f 317/415/105 328/416/106 318/417/107
f 315/418/108 325/419/109 319/420/110
f 315/418/108 321/421/111 320/422/112
f 317/415/105 323/423/103 328/416/106
f 319/420/110 325/419/109 326/424/113
f 317/415/105 324/425/114 327/426/115
f 313/414/104 323/413/103 329/427/116
f 311/428/269 325/419/109 320/422/112
f 318/417/107 321/421/111 324/425/114
f 314/429/118 329/430/116 317/415/105
f 316/431/119 328/416/106 323/423/103
f 313/414/104 326/424/113 322/412/102
f 311/428/269 312/432/120 322/412/102
f 327/426/115 324/425/114 315/418/108
f 326/424/113 313/414/104 312/433/120
f 319/420/110 326/424/113 320/434/112
f 314/429/118 327/426/115 318/435/107
f 328/436/106 314/429/118 318/435/107
f 329/430/116 314/429/118 328/436/106
f 313/414/104 329/427/116 316/437/119
f 313/414/104 316/437/119 312/433/120
f 338/438/121 337/439/270 343/440/123
f 338/438/121 346/441/124 347/442/271
f 338/438/121 343/440/123 341/443/126
f 344/444/127 335/445/128 339/446/129
f 335/445/128 344/444/127 331/447/130
f 330/448/131 346/441/124 341/443/126
f 342/449/132 333/450/133 337/439/270
f 348/451/134 347/442/271 344/444/127
f 330/448/131 331/447/130 344/444/127
f 334/452/135 342/449/132 338/438/121
f 349/453/136 343/440/123 337/439/270
f 348/451/134 339/446/129 331/454/130
f 347/442/271 348/451/134 330/455/131
f 347/442/271 330/455/131 341/456/126
f 343/457/123 334/452/135 341/456/126
f 333/450/133 342/449/132 340/458/137
f 350/459/138 333/450/133 340/458/137
f 339/446/129 350/460/138 332/461/139
f 339/446/129 332/461/139 331/454/130
f 352/462/272 357/463/273 363/464/274
f 354/465/143 356/466/275 355/467/145
f 359/468/276 366/469/277 360/470/278
f 356/466/275 360/470/278 362/471/279
f 359/468/276 363/472/274 366/469/277
f 352/462/272 363/464/274 367/473/280
f 357/463/273 364/474/150 358/475/281
f 362/471/279 361/476/152 355/467/145
f 358/477/281 366/469/277 363/472/274
f 351/478/153 358/475/281 364/474/150
f 367/479/280 359/468/276 353/480/282
f 362/481/279 354/465/143 361/482/152
f 353/480/282 354/465/143 362/481/279
f 352/462/272 367/473/280 358/483/281
f 369/484/283 374/485/284 380/486/285
f 371/487/286 373/488/287 372/489/288
f 7/9/9 8/21/11 9/490/10 15/14/13
f 373/488/287 377/491/289 379/492/290
f 376/493/291 380/494/285 377/491/289
f 369/484/283 380/486/285 383/495/292
f 374/485/284 381/496/293 375/497/166
f 379/492/290 378/498/294 372/489/288
f 375/499/166 377/491/289 380/494/285
f 368/500/295 375/497/166 381/496/293
f 383/501/292 376/493/291 370/502/296
f 379/503/290 371/487/286 378/504/294
f 370/502/296 371/487/286 379/503/290
f 369/484/283 383/495/292 375/505/166
f 397/506/297 396/507/298 394/508/299
f 386/509/300 395/510/301 388/511/302
f 391/512/303 387/513/304 396/507/298
f 391/512/303 396/507/298 397/506/297
f 388/511/302 387/513/304 398/514/305
f 391/512/303 398/514/305 387/513/304
f 393/515/306 392/516/307 387/513/304
f 384/517/308 396/507/298 392/516/307
f 398/514/305 386/509/300 388/511/302
f 384/517/308 394/508/299 396/507/298
f 386/509/300 385/518/309 395/510/301
f 397/506/297 389/519/310 384/520/308
f 391/512/303 397/506/297 392/521/307
f 398/514/305 391/512/303 392/521/307
f 386/509/300 398/514/305 390/522/311
f 386/509/300 390/522/311 399/523/312
f 384/517/308 385/524/309 394/508/299
f 398/525/305 393/515/306 390/526/311
f 415/527/185 410/528/186 411/529/187
f 406/530/188 403/531/189 412/532/190
f 403/531/189 408/533/191 407/534/192
f 400/535/313 412/532/190 407/534/192
f 400/535/313 409/536/194 412/532/190
f 405/537/314 408/533/191 411/529/187
f 404/538/315 414/539/316 410/528/186
f 410/540/186 409/536/194 404/541/315
f 408/542/191 402/543/198 407/544/192
f 401/545/199 402/543/198 408/542/191
f 414/546/316 415/527/185 405/547/314
f 413/548/317 415/549/185 404/550/315
f 428/551/318 427/552/319 443/553/320
f 442/554/321 425/555/322 428/551/318
f 441/556/323 424/557/324 442/554/321
f 428/551/318 443/553/320 418/558/325
f 442/554/321 416/559/326 441/556/323
f 417/560/327 422/561/328 437/562/329
f 416/559/326 437/562/329 419/563/330
f 416/564/326 419/565/330 436/566/331
f 416/564/326 436/566/331 440/567/332
f 419/565/330 432/568/333 431/569/334
f 427/552/319 428/551/318 426/570/335
f 429/571/336 441/572/323 439/573/337
f 429/574/336 425/575/322 424/576/324
f 419/563/330 437/562/329 420/577/338
f 440/567/332 443/553/320 439/573/337
f 417/560/327 442/554/321 428/551/318
f 416/559/326 442/554/321 417/560/327
f 440/567/332 441/572/323 416/564/326
f 444/578/339 423/579/340 435/580/341
f 421/581/342 437/562/329 422/561/328
f 420/577/338 437/562/329 421/581/342
f 446/582/343 467/583/344 470/584/345
f 448/585/346 452/586/347 469/587/348
f 446/582/343 449/588/349 468/589/350
f 449/588/349 463/590/351 462/591/352
f 473/592/353 462/591/352 466/593/354
f 457/594/355 460/595/356 458/596/357
f 445/597/358 454/598/359 459/599/360
f 460/595/356 445/597/358 458/596/357
f 471/600/361 447/601/362 446/602/343
f 445/603/358 455/604/363 454/605/359
f 464/606/364 461/607/365 466/608/354
f 464/606/364 466/608/354 462/609/352
f 449/610/349 469/587/348 450/611/366
f 470/584/345 457/594/355 458/596/357
f 448/585/346 456/612/367 457/594/355
f 448/585/346 472/613/368 456/612/367
f 447/601/362 472/613/368 448/585/346
f 473/592/353 453/614/369 467/583/344
f 451/615/370 469/587/348 452/586/347
f 450/611/366 469/587/348 451/615/370
f 499/616/371 485/617/372 476/618/373
f 488/619/374 484/620/375 478/621/376
f 497/622/377 494/623/378 478/621/376
f 476/618/373 496/624/379 503/625/380
f 499/626/371 495/627/381 497/622/377
f 501/628/382 482/629/383 481/630/384
f 491/631/385 500/632/386 480/633/387
f 483/634/388 491/631/385 475/635/389
f 488/619/374 477/636/390 487/637/391
f 484/638/375 485/617/372 499/616/371
f 491/631/385 490/639/392 493/640/393
f 475/641/389 493/642/393 490/643/392
f 496/624/379 482/629/383 503/625/380
f 498/644/394 499/616/371 476/618/373
f 483/634/388 494/623/378 479/645/395
f 483/634/388 482/629/383 494/623/378
f 480/646/387 502/647/396 501/628/382
f 500/632/386 495/627/381 480/633/387
f 516/648/397 507/649/398 506/650/399
f 530/651/400 524/652/401 512/653/402
f 528/654/403 523/655/404 507/649/398
f 505/656/405 527/657/406 526/658/407
f 531/659/408 532/660/409 519/661/410
f 510/662/411 519/661/410 522/663/412
f 509/664/413 510/662/411 517/665/414
f 519/661/410 518/666/415 522/663/412
f 521/667/416 508/668/417 517/665/414
f 517/665/414 510/662/411 522/663/412
f 515/669/418 516/670/397 511/671/419
f 504/672/420 522/673/412 518/674/415
f 521/675/416 522/673/412 504/672/420
f 517/676/414 522/673/412 521/675/416
f 523/655/404 524/677/401 532/660/409
f 529/678/421 530/651/400 505/656/405
f 524/652/401 530/651/400 529/678/421
f 510/662/411 523/655/404 531/659/408
f 509/664/413 523/655/404 510/662/411
f 520/679/422 525/680/423 526/658/407
f 520/679/422 532/681/409 525/680/423
f 545/682/424 541/683/425 546/684/426
f 546/684/426 541/683/425 557/685/427
f 550/686/428 540/687/429 539/688/430
f 552/689/431 550/686/428 539/688/430
f 554/690/432 543/691/433 556/692/434
f 537/693/435 549/694/436 538/695/437
f 554/696/432 537/697/435 543/698/433
f 537/693/435 538/695/437 543/691/433
f 545/682/424 547/699/438 542/700/439
f 537/697/435 554/696/432 542/700/439
f 554/696/432 555/701/440 542/700/439
f 544/702/441 546/684/426 534/703/442
f 552/689/431 539/688/430 538/695/437
f 555/701/440 554/696/432 536/704/443
f 536/705/443 556/692/434 535/706/444
f 558/707/445 534/703/442 535/706/444
f 12/15/14 4/4/4 6/6/6
f 14/13/12 13/8/8 10/1/1
f 5/7/7 8/11/11 13/8/8
f 5/7/7 12/15/14 9/10/10
f 4/4/4 17/18/3 11/12/2
f 7/9/9 15/14/13 5/7/7
f 3/17/16 4/4/4 15/14/13
f 1/16/15 10/1/1 13/8/8
f 16/708/5 11/2/2 2/19/17
f 10/1/1 2/19/17 11/2/2
f 34/39/32 22/26/19 21/41/34 25/40/33
f 6/6/6 15/709/13 9/10/10
f 8/11/11 14/710/12 1/16/15
f 1/16/15 14/710/12 2/19/17
f 30/711/25 21/41/34 19/37/30 36/48/36
f 32/29/22 31/28/21 29/31/24
f 23/25/18 27/36/29 22/26/19
f 23/25/18 26/30/23 31/28/21
f 22/26/19 19/37/30 21/41/34
f 20/38/31 28/45/20 34/712/32 27/36/29
f 33/33/26 30/32/25 36/49/36
f 35/713/35 30/32/25 24/34/27
f 18/35/28 29/31/24 31/28/21
f 35/42/35 21/41/34 30/711/25
f 20/38/31 23/25/18 32/29/22
f 20/38/31 32/29/22 26/44/23
f 46/55/41 45/714/49 42/715/446 43/54/40
f 24/34/27 36/716/36 35/713/35
f 25/40/33 27/717/29 34/39/32
f 18/35/28 33/718/26 24/34/27
f 41/53/39 47/52/38 51/719/44
f 48/720/447 49/61/47 44/64/48 42/715/446
f 40/59/45 52/62/43 49/61/47 48/720/447
f 50/66/50 39/51/37 41/53/39
f 52/62/43 40/59/45 47/721/38
f 43/54/40 50/66/50 41/53/39
f 43/54/40 42/715/446 44/64/48 50/66/50
f 42/715/446 45/714/49 37/60/46 48/720/447
f 44/64/48 45/65/49 46/722/41 50/66/50
f 51/58/44 47/721/38 40/59/45
f 37/60/46 40/59/45 48/720/447
f 51/719/44 38/56/42 41/53/39
f 64/86/52 56/74/55 55/73/54 70/92/53
f 38/56/42 50/723/50 46/55/41
f 45/714/49 49/724/47 37/60/46
f 67/82/63 66/77/58 63/70/51
f 57/76/57 60/81/62 66/77/58
f 57/76/57 61/79/60 62/80/61
f 68/88/68 55/73/54 65/75/56
f 61/79/60 68/88/68 65/75/56
f 65/75/56 56/74/55 69/85/66 58/84/65
f 59/78/59 68/88/68 57/76/57
f 53/83/64 63/70/51 66/77/58
f 53/725/64 60/726/62 59/78/59 67/82/63
f 69/727/66 64/71/52 54/87/67
f 63/70/51 54/87/67 64/71/52
f 59/78/59 60/726/62 62/728/61 68/88/68
f 74/109/84 86/110/81 83/103/78 82/98/73
f 58/84/65 68/729/68 62/80/61
f 53/83/64 67/730/63 54/87/67
f 75/96/71 81/95/70 85/731/83
f 76/97/72 78/102/77 82/98/73
f 76/97/72 79/100/75 80/101/76
f 84/107/82 73/94/69 75/96/71
f 86/110/81 74/109/84 81/732/70
f 79/100/75 84/107/82 75/96/71
f 77/99/74 78/112/77 80/733/76 84/107/82
f 77/99/74 84/107/82 76/97/72
f 85/108/83 81/732/70 74/109/84
f 71/104/79 74/109/84 82/98/73
f 85/731/83 72/105/80 75/96/71
f 97/120/86 102/734/101 91/130/98 98/121/89
f 72/105/80 84/735/82 80/101/76
f 78/102/77 83/736/78 71/104/79
f 100/128/96 99/123/91 96/116/85
f 90/122/90 93/127/95 99/123/91
f 90/122/90 94/125/93 95/126/94
f 101/132/100 89/119/88 98/121/89
f 94/125/93 101/132/100 98/121/89
f 89/119/88 103/136/87 97/120/86
f 92/124/92 101/132/100 90/122/90
f 87/129/97 96/116/85 99/123/91
f 87/737/97 93/738/95 92/124/92 100/128/96
f 102/739/101 97/117/86 88/131/99
f 96/116/85 88/131/99 97/117/86
f 92/124/92 93/738/95 95/740/94 101/132/100
f 112/146/110 113/160/112 114/741/111 120/152/115
f 91/130/98 101/742/100 95/126/94
f 87/129/97 100/743/96 88/131/99
f 110/141/105 111/143/107 117/151/114
f 119/150/113 118/145/109 115/138/102
f 108/144/108 113/148/112 118/145/109
f 108/144/108 117/151/114 114/147/111
f 110/141/105 122/156/116 116/149/103
f 112/146/110 120/152/115 108/144/108
f 107/155/118 110/141/105 120/152/115
f 104/154/117 115/138/102 118/145/109
f 109/744/119 116/139/103 105/158/120
f 115/138/102 105/158/120 116/139/103
f 142/179/136 130/165/122 129/745/448 133/746/137
f 109/157/119 122/747/116 121/142/106
f 111/143/107 120/748/115 114/147/111
f 113/148/112 119/749/113 104/154/117
f 104/154/117 119/749/113 105/158/120
f 138/750/449 143/186/138 132/172/129 128/171/128
f 140/168/125 139/167/124 137/170/127
f 131/164/121 135/175/132 130/165/122
f 131/164/121 134/169/126 139/167/124
f 130/165/122 126/176/133 129/745/448
f 138/751/449 129/745/448 126/176/133 143/185/138
f 138/751/449 125/752/139 133/746/137 129/745/448
f 125/753/139 138/750/449 128/171/128
f 123/174/131 137/170/127 139/167/124
f 127/178/135 136/183/123 142/754/136 135/175/132
f 141/177/134 137/170/127 132/172/129
f 127/178/135 131/164/121 140/168/125
f 124/173/130 125/753/139 128/171/128
f 127/178/135 140/168/125 134/182/126
f 148/193/145 154/201/152 144/203/153 157/199/150
f 125/752/139 143/755/138 133/746/137
f 133/746/137 135/756/132 142/179/136
f 123/174/131 141/757/134 124/173/130
f 149/192/144 152/196/148 153/194/146
f 150/189/141 158/758/450 157/199/150
f 148/193/145 149/192/144 155/195/147
f 158/758/450 148/193/145 157/199/150
f 152/196/148 159/204/149 156/197/142
f 145/759/140 151/200/151 144/203/153 150/760/141
f 146/205/154 152/196/148 149/192/144
f 147/191/143 146/205/154 149/192/144
f 147/191/143 148/193/145 158/758/450
f 156/190/142 150/189/141 151/200/151
f 147/191/143 158/758/450 154/207/152
f 153/761/146 159/204/149 146/205/154
f 151/202/151 159/762/149 153/194/146
f 153/194/146 146/763/154 155/195/147
f 154/201/152 158/764/450 144/203/153
f 144/203/153 158/764/450 150/760/141
f 164/214/160 170/222/167 160/224/168 173/220/165
f 165/213/159 168/217/163 169/215/161
f 166/210/156 174/765/451 173/220/165
f 164/214/160 165/213/159 171/216/162
f 174/765/451 164/214/160 173/220/165
f 168/217/163 175/225/164 172/218/157
f 161/766/155 167/221/166 160/224/168 166/767/156
f 162/226/169 168/217/163 165/213/159
f 163/212/158 162/226/169 165/213/159
f 163/212/158 164/214/160 174/765/451
f 172/211/157 166/210/156 167/221/166
f 163/212/158 174/765/451 170/228/167
f 169/768/161 175/225/164 162/226/169
f 167/223/166 175/769/164 169/215/161
f 169/215/161 162/770/169 171/216/162
f 170/222/167 174/771/451 160/224/168
f 160/224/168 174/771/451 166/767/156
f 189/240/180 186/239/179 190/247/183 183/772/452
f 188/237/177 181/233/173 182/235/175
f 179/230/170 178/245/182 177/236/176 188/237/177
f 187/242/174 190/247/183 186/239/179
f 189/240/180 179/230/170 184/232/172
f 179/230/170 188/237/177 185/231/171
f 181/233/173 191/773/184 187/234/174
f 176/238/178 189/240/180 184/232/172
f 177/236/176 191/773/184 181/233/173
f 185/231/171 188/237/177 182/235/175
f 191/248/184 190/247/183 187/242/174
f 176/238/178 180/243/181 186/239/179
f 179/230/170 189/240/180 183/772/452 178/245/182
f 185/774/171 182/775/175 191/773/184 177/236/176
f 178/245/182 183/772/452 184/246/172
f 204/255/190 201/259/194 205/271/200 198/253/188
f 180/241/181 191/776/184 182/235/175
f 184/232/172 183/777/452 176/238/178
f 176/238/178 183/777/452 190/778/183
f 176/238/178 190/778/183 180/243/181
f 195/254/189 194/266/198 193/268/199 203/252/187
f 202/263/186 205/271/200 201/259/194
f 203/252/187 202/251/186 206/262/197
f 204/255/190 195/254/189 199/257/192
f 195/254/189 203/252/187 200/256/191
f 193/268/199 207/250/185 203/252/187
f 207/272/185 205/271/200 202/263/186
f 192/258/193 196/264/196 201/259/194
f 220/286/212 212/279/206 210/295/218 224/285/211
f 198/253/188 194/266/198 195/254/189
f 197/260/195 203/252/187 206/262/197
f 194/266/198 198/253/188 199/267/192
f 197/270/195 207/250/185 193/268/199
f 196/261/196 207/779/185 206/262/197
f 197/260/195 193/780/199 200/256/191
f 199/257/192 198/781/188 192/258/193
f 192/258/193 198/781/188 205/782/200
f 192/258/193 205/782/200 196/264/196
f 220/286/212 211/282/209 214/284/210
f 221/274/201 216/281/208 223/783/217
f 221/274/201 212/279/206 216/281/208
f 212/279/206 220/286/212 217/280/207
f 221/274/201 223/783/217 218/275/202
f 211/282/209 225/288/205 219/283/204
f 209/287/213 211/282/209 224/285/211
f 217/280/207 220/286/212 214/284/210
f 215/291/216 221/274/201 222/276/203
f 208/784/215 218/275/202 223/783/217
f 212/279/206 221/274/201 215/291/216 210/295/218
f 242/318/233 230/302/222 232/309/227 233/308/226
f 213/785/214 219/277/204 208/784/215
f 218/275/202 208/784/215 219/277/204
f 216/293/208 210/295/218 215/291/216
f 213/289/214 225/786/205 214/284/210
f 214/284/210 224/787/211 217/280/207
f 223/783/217 222/788/203 208/784/215
f 229/317/31 236/321/20 242/789/233 235/313/231
f 240/305/224 239/304/223 237/310/228
f 231/301/18 235/313/231 230/302/222
f 231/301/18 234/306/225 239/304/223
f 230/302/222 228/314/232 232/309/227
f 232/309/227 243/315/221 238/307/220
f 226/312/230 237/310/228 239/304/223
f 229/317/31 231/301/18 240/305/224
f 229/317/31 240/305/224 234/320/225
f 233/308/226 227/316/229 243/790/221 228/791/232
f 253/328/234 252/792/49 249/793/446 250/327/40
f 233/308/226 235/794/231 242/318/233
f 226/312/230 241/795/219 227/311/229
f 248/326/39 254/325/38 258/796/44
f 255/797/447 256/334/47 251/337/48 249/793/446
f 247/332/45 259/335/43 256/334/47 255/797/447
f 257/339/50 246/324/37 248/326/39
f 259/335/43 247/332/45 254/798/38
f 250/327/40 257/339/50 248/326/39
f 250/327/40 249/793/446 251/337/48 257/339/50
f 249/793/446 252/792/49 244/333/46 255/797/447
f 251/337/48 252/338/49 253/799/234 257/339/50
f 258/331/44 254/798/38 247/332/45
f 244/333/46 247/332/45 255/797/447
f 258/796/44 245/329/42 248/326/39
f 271/359/52 263/347/55 262/346/54 277/365/53
f 245/329/42 257/800/50 253/328/234
f 252/792/49 256/801/47 244/333/46
f 274/355/63 273/350/58 270/343/51
f 264/349/57 267/354/62 273/350/58
f 264/349/57 268/352/60 269/353/61
f 275/361/68 262/346/54 272/348/56
f 268/352/60 275/361/68 272/348/56
f 272/348/56 263/347/55 276/358/66 265/357/65
f 266/351/59 275/361/68 264/349/57
f 260/356/235 270/343/51 273/350/58
f 260/802/235 267/803/62 266/351/59 274/355/63
f 276/804/66 271/344/52 261/360/67
f 270/343/51 261/360/67 271/344/52
f 266/351/59 267/803/62 269/805/61 275/361/68
f 281/382/251 293/386/248 290/376/245 289/371/240
f 265/357/65 275/806/68 269/353/61
f 260/356/235 274/807/63 261/360/67
f 288/369/238 287/368/237 292/808/250
f 282/370/239 284/375/244 289/371/240
f 282/370/239 285/373/242 286/374/243
f 291/380/249 280/367/236 288/369/238
f 293/386/248 281/382/251 287/809/237
f 285/373/242 291/380/249 288/369/238
f 283/372/241 284/383/244 286/810/243 291/380/249
f 283/372/241 291/380/249 282/370/239
f 292/381/250 287/809/237 281/382/251
f 278/377/246 281/382/251 289/371/240
f 292/808/250 279/378/247 288/369/238
f 290/376/245 293/386/248 278/388/246
f 305/394/256 304/393/253 309/811/268 298/403/265
f 279/378/247 291/812/249 286/374/243
f 284/375/244 290/813/245 278/377/246
f 307/401/263 306/396/258 303/389/252
f 297/395/257 300/400/262 306/396/258
f 297/395/257 301/398/260 302/399/261
f 308/405/267 296/392/255 305/394/256
f 301/398/260 308/405/267 305/394/256
f 296/392/255 310/410/254 304/393/253
f 299/397/259 308/405/267 297/395/257
f 294/402/264 303/389/252 306/396/258
f 299/397/259 300/407/262 302/814/261 308/405/267
f 309/815/268 304/390/253 295/404/266
f 303/389/252 295/404/266 304/390/253
f 319/420/110 320/434/112 321/816/111 327/426/115
f 298/403/265 308/817/267 302/399/261
f 300/400/262 307/818/263 294/402/264
f 294/402/264 307/818/263 295/404/266
f 317/415/105 318/417/107 324/425/114
f 326/424/113 325/419/109 322/412/102
f 315/418/108 320/422/112 325/419/109
f 315/418/108 324/425/114 321/421/111
f 317/415/105 329/430/116 323/423/103
f 319/420/110 327/426/115 315/418/108
f 314/429/118 317/415/105 327/426/115
f 311/428/269 322/412/102 325/419/109
f 316/819/119 323/413/103 312/432/120
f 322/412/102 312/432/120 323/413/103
f 349/453/136 337/439/270 336/820/448 340/821/137
f 316/431/119 329/822/116 328/416/106
f 318/417/107 327/823/115 321/421/111
f 320/422/112 326/824/113 311/428/269
f 311/428/269 326/824/113 312/432/120
f 345/825/449 350/460/138 339/446/129 335/445/128
f 347/442/271 346/441/124 344/444/127
f 338/438/121 342/449/132 337/439/270
f 338/438/121 341/443/126 346/441/124
f 337/439/270 333/450/133 336/820/448
f 345/826/449 336/820/448 333/450/133 350/459/138
f 345/826/449 332/827/139 340/821/137 336/820/448
f 332/828/139 345/825/449 335/445/128
f 330/448/131 344/444/127 346/441/124
f 334/452/135 343/457/123 349/829/136 342/449/132
f 348/451/134 344/444/127 339/446/129
f 334/452/135 338/438/121 347/442/271
f 331/447/130 332/828/139 335/445/128
f 334/452/135 347/442/271 341/456/126
f 355/467/145 361/476/152 351/478/153 364/474/150
f 332/827/139 350/830/138 340/821/137
f 340/821/137 342/831/132 349/453/136
f 330/448/131 348/832/134 331/447/130
f 356/466/275 359/468/276 360/470/278
f 357/463/273 365/833/453 364/474/150
f 355/467/145 356/466/275 362/471/279
f 365/833/453 355/467/145 364/474/150
f 359/468/276 367/479/280 363/472/274
f 353/480/282 360/834/278 366/835/277 367/479/280
f 353/480/282 359/468/276 356/466/275
f 354/465/143 353/480/282 356/466/275
f 354/465/143 355/467/145 365/833/453
f 363/464/274 357/463/273 358/475/281
f 354/465/143 365/833/453 361/482/152
f 352/836/272 358/475/281 351/478/153 357/837/273
f 358/477/281 367/838/280 366/469/277
f 360/470/278 353/839/282 362/471/279
f 361/476/152 365/840/453 351/478/153
f 351/478/153 365/840/453 357/837/273
f 372/489/288 378/498/294 368/500/295 381/496/293
f 373/488/287 376/493/291 377/491/289
f 374/485/284 382/841/454 381/496/293
f 372/489/288 373/488/287 379/492/290
f 382/841/454 372/489/288 381/496/293
f 376/493/291 383/501/292 380/494/285
f 369/842/283 375/497/166 368/500/295 374/843/284
f 370/502/296 376/493/291 373/488/287
f 371/487/286 370/502/296 373/488/287
f 371/487/286 372/489/288 382/841/454
f 380/486/285 374/485/284 375/497/166
f 371/487/286 382/841/454 378/504/294
f 377/844/289 383/501/292 370/502/296
f 375/499/166 383/845/292 377/491/289
f 377/491/289 370/846/296 379/492/290
f 378/498/294 382/847/454 368/500/295
f 368/500/295 382/847/454 374/843/284
f 395/848/301 385/849/309 389/519/310 394/508/299
f 395/510/301 399/850/312 388/511/302
f 396/507/298 387/513/304 392/516/307
f 388/511/302 390/526/311 387/513/304
f 412/532/190 409/536/194 413/548/317 406/530/188
f 389/519/310 397/506/297 394/508/299
f 399/851/312 395/848/301 394/508/299
f 393/515/306 387/513/304 390/526/311
f 390/526/311 388/511/302 399/850/312
f 399/523/312 385/518/309 386/509/300
f 384/520/308 389/519/310 385/849/309
f 394/508/299 385/524/309 399/851/312
f 393/515/306 398/525/305 392/516/307
f 392/516/307 397/852/297 384/517/308
f 403/531/189 402/543/198 401/545/199 411/529/187
f 410/540/186 413/548/317 409/536/194
f 411/529/187 410/528/186 414/539/316
f 412/532/190 403/531/189 407/534/192
f 403/531/189 411/529/187 408/533/191
f 401/545/199 415/527/185 411/529/187
f 415/549/185 413/548/317 410/540/186
f 400/535/313 404/541/315 409/536/194
f 431/569/334 434/853/455 423/579/340 444/578/339
f 406/530/188 402/543/198 403/531/189
f 405/537/314 411/529/187 414/539/316
f 402/543/198 406/530/188 407/544/192
f 405/547/314 415/527/185 401/545/199
f 404/538/315 415/854/185 414/539/316
f 405/537/314 401/855/199 408/533/191
f 407/534/192 406/856/188 400/535/313
f 400/535/313 406/856/188 413/857/317
f 400/535/313 413/857/317 404/541/315
f 436/566/331 419/565/330 444/578/339
f 438/858/456 435/580/341 423/579/340
f 422/561/328 438/858/456 423/579/340
f 428/551/318 425/555/322 426/570/335
f 442/554/321 424/557/324 425/555/322
f 440/567/332 435/580/341 438/858/456
f 418/558/325 438/858/456 422/561/328
f 417/560/327 418/558/325 422/561/328
f 416/559/326 417/560/327 437/562/329
f 440/567/332 436/566/331 435/580/341
f 430/859/457 422/561/328 423/579/340 434/853/455
f 433/860/458 421/581/342 422/561/328 430/859/457
f 432/861/333 420/577/338 421/581/342 433/860/458
f 439/573/337 443/553/320 427/552/319 429/571/336
f 419/563/330 420/577/338 432/861/333
f 444/578/339 419/565/330 431/569/334
f 429/571/336 424/862/324 441/572/323
f 438/858/456 443/553/320 440/567/332
f 418/558/325 443/553/320 438/858/456
f 425/575/322 429/574/336 427/863/319 426/864/335
f 434/865/455 432/866/333 433/867/458 430/868/457
f 432/866/333 434/865/455 431/869/334
f 465/870/459 456/612/367 472/613/368 455/871/363
f 418/558/325 417/560/327 428/551/318
f 440/567/332 439/573/337 441/572/323
f 436/566/331 444/578/339 435/580/341
f 468/589/350 449/588/349 473/592/353
f 459/599/360 454/598/359 471/872/361
f 470/584/345 467/583/344 453/614/369
f 452/586/347 470/584/345 453/614/369
f 469/587/348 449/610/349 446/602/343 447/601/362
f 471/600/361 454/873/359 472/613/368
f 458/596/357 445/597/358 459/599/360
f 448/585/346 470/584/345 452/586/347
f 447/601/362 448/585/346 469/587/348
f 461/874/365 452/586/347 453/614/369 466/593/354
f 446/582/343 468/589/350 467/583/344
f 453/614/369 473/592/353 466/593/354
f 464/875/364 451/615/370 452/586/347 461/874/365
f 463/876/351 450/611/366 451/615/370 464/875/364
f 455/604/363 445/603/358 460/877/356 465/878/459
f 449/610/349 450/611/366 463/876/351
f 473/592/353 449/588/349 462/591/352
f 456/612/367 465/870/459 460/595/356
f 460/595/356 457/594/355 456/612/367
f 455/871/363 472/613/368 454/873/359
f 448/585/346 457/594/355 470/584/345
f 459/599/360 446/582/343 470/584/345 458/596/357
f 463/879/351 464/606/364 462/609/352
f 447/601/362 471/600/361 472/613/368
f 446/582/343 459/599/360 471/872/361
f 474/880/460 490/881/392 480/646/387 481/630/384
f 468/589/350 473/592/353 467/583/344
f 484/620/375 499/626/371 497/622/377
f 477/636/390 488/619/374 478/621/376
f 492/882/461 481/630/384 489/883/462
f 476/618/373 485/617/372 486/884/463
f 476/618/373 486/884/463 487/637/391 477/636/390
f 483/634/388 500/632/386 491/631/385
f 494/623/378 496/624/379 477/636/390 478/621/376
f 502/647/396 498/644/394 476/618/373 503/625/380
f 476/618/373 477/636/390 496/624/379
f 495/627/381 499/626/371 498/885/394 502/886/396
f 475/635/389 489/883/462 482/629/383 483/634/388
f 497/622/377 495/627/381 494/623/378
f 491/631/385 480/633/387 490/639/392
f 481/630/384 480/646/387 501/628/382
f 486/887/463 484/888/375 488/889/374 487/890/391
f 481/630/384 482/629/383 489/883/462
f 475/635/389 491/631/385 493/640/393
f 474/880/460 481/630/384 492/882/461
f 484/888/375 486/887/463 485/891/372
f 475/641/389 474/892/460 492/893/461 489/894/462
f 474/892/460 475/641/389 490/643/392
f 528/654/403 511/895/419 512/896/402 524/677/401
f 479/645/395 494/623/378 495/627/381
f 482/629/383 496/624/379 494/623/378
f 484/620/375 497/622/377 478/621/376
f 500/632/386 483/634/388 479/645/395
f 482/629/383 501/628/382 503/625/380
f 501/628/382 502/647/396 503/625/380
f 480/646/387 495/897/381 502/647/396
f 500/632/386 479/645/395 495/627/381
f 505/656/405 514/898/464 516/648/397 506/650/399
f 530/651/400 513/899/465 514/898/464
f 512/653/402 513/899/465 530/651/400
f 523/655/404 527/657/406 506/650/399 507/649/398
f 514/898/464 505/656/405 530/651/400
f 526/658/407 525/680/423 529/678/421 505/656/405
f 505/656/405 506/650/399 527/657/406
f 518/900/415 532/681/409 520/679/422 504/901/420
f 529/902/421 525/903/423 524/677/401
f 528/654/403 524/677/401 523/655/404
f 520/679/422 509/664/413 508/668/417
f 510/662/411 531/659/408 519/661/410
f 508/668/417 509/664/413 517/665/414
f 508/668/417 521/667/416 504/901/420 520/679/422
f 532/660/409 518/666/415 519/661/410
f 515/904/418 507/649/398 516/648/397
f 515/904/418 511/895/419 507/649/398
f 514/905/464 512/906/402 511/671/419 516/670/397
f 512/906/402 514/905/464 513/907/465
f 527/657/406 509/664/413 520/679/422 526/658/407
f 524/677/401 525/903/423 532/660/409
f 509/664/413 527/657/406 523/655/404
f 507/649/398 511/895/419 528/654/403
f 548/908/466 537/697/435 542/700/439 553/909/467
f 531/659/408 523/655/404 532/660/409
f 544/702/441 558/707/445 538/695/437 539/688/430
f 544/702/441 545/682/424 546/684/426
f 544/702/441 539/688/430 545/682/424
f 541/683/425 545/682/424 542/700/439 555/701/440
f 534/703/442 546/684/426 557/685/427
f 556/692/434 543/691/433 558/707/445
f 543/691/433 538/695/437 558/707/445
f 538/695/437 549/694/436 552/689/431
f 537/693/435 548/910/466 549/694/436
f 539/688/430 540/687/429 545/682/424
f 545/682/424 540/687/429 551/911/468 547/699/438
f 558/707/445 544/702/441 534/703/442
f 548/912/466 553/913/467 552/914/431 549/915/436
f 550/686/428 551/911/468 540/687/429
f 547/699/438 553/909/467 542/700/439
f 533/916/469 541/683/425 555/701/440
f 536/705/443 554/690/432 556/692/434
f 535/706/444 556/692/434 558/707/445
f 557/685/427 541/683/425 533/916/469
f 550/917/428 553/913/467 547/918/438 551/919/468
f 550/917/428 552/914/431 553/913/467
o Fence1.001
v 2.076869 -0.130255 -0.060988
v 2.066563 -0.130255 -0.022529
v 2.038409 -0.130255 0.005626
v 1.999950 -0.130255 0.015931
v 1.961490 -0.130255 0.005626
v 1.933336 -0.130255 -0.022529
v 1.923031 -0.130255 -0.060988
v 1.933336 -0.130255 -0.099448
v 1.961490 -0.130255 -0.127602
v 1.999950 -0.130255 -0.137907
v 2.038409 -0.130255 -0.127602
v 2.066563 -0.130255 -0.099448
v 2.037990 -0.099165 -0.126726
v 1.999957 -0.099165 -0.136916
v 1.961924 -0.099165 -0.126725
v 1.934082 -0.099166 -0.098883
v 1.923891 -0.099166 -0.060850
v 1.934082 -0.099166 -0.022817
v 1.961924 -0.099166 0.005025
v 1.999957 -0.099166 0.015216
v 2.037990 -0.099166 0.005025
v 2.065832 -0.099165 -0.098883
v 2.065832 -0.099165 -0.022817
v 2.076023 -0.099165 -0.060850
v 2.063994 1.099369 -0.060622
v 2.055076 1.096156 -0.031326
v 2.032658 1.092883 -0.010473
v 2.002748 1.090425 -0.003648
v 1.973359 1.089442 -0.012682
v 1.952366 1.090196 -0.035153
v 1.945395 1.092487 -0.065040
v 1.954312 1.095699 -0.094336
v 1.976730 1.098973 -0.115190
v 2.006640 1.101430 -0.122014
v 2.036030 1.102414 -0.112980
v 2.057022 1.101659 -0.090509
v 2.048360 0.647242 -0.064767
v 2.045716 0.560180 -0.059146
v 2.037553 0.559728 -0.027740
v 2.040171 0.647234 -0.034157
v 2.014780 0.558728 -0.004644
v 2.017780 0.647216 -0.011745
v 1.983486 0.557442 0.003964
v 1.987182 0.647193 -0.003535
v 1.952099 0.556220 -0.004243
v 1.956583 0.647171 -0.011729
v 1.929035 0.555399 -0.027071
v 1.934182 0.647160 -0.034132
v 1.920475 0.555196 -0.058402
v 1.925984 0.647162 -0.064741
v 1.928710 0.555650 -0.089833
v 1.934186 0.647174 -0.095353
v 1.951505 0.556632 -0.112929
v 1.956584 0.647190 -0.117765
v 1.982729 0.557893 -0.121498
v 1.987175 0.647208 -0.125972
v 2.014059 0.559112 -0.113272
v 2.017766 0.647225 -0.117776
v 2.037113 0.559954 -0.090451
v 2.040160 0.647238 -0.095374
v 2.056150 0.442673 -0.050889
v 2.063123 0.344475 -0.052979
v 2.055316 0.342693 -0.018892
v 2.048362 0.441376 -0.018069
v 2.031576 0.339432 0.006668
v 2.025243 0.439109 0.006426
v 1.998264 0.335563 0.016850
v 1.992985 0.436488 0.016028
v 1.964306 0.332121 0.008927
v 1.960236 0.434210 0.008161
v 1.938802 0.330029 -0.014978
v 1.935778 0.432876 -0.015063
v 1.928584 0.329851 -0.048460
v 1.926163 0.432833 -0.047419
v 1.936391 0.331636 -0.082547
v 1.933964 0.434099 -0.080233
v 1.960131 0.334904 -0.108105
v 1.957086 0.436344 -0.104716
v 1.993442 0.338777 -0.118287
v 1.989332 0.438976 -0.114312
v 2.027400 0.342216 -0.110365
v 2.022067 0.441285 -0.106451
v 2.052905 0.344301 -0.086461
v 2.046523 0.442641 -0.083239
v 2.073536 0.254571 -0.060529
v 2.078516 0.151055 -0.065135
v 2.069914 0.149777 -0.028490
v 2.065437 0.252743 -0.025175
v 2.044182 0.147830 -0.001093
v 2.040814 0.249370 0.001334
v 2.008217 0.145714 0.009726
v 2.006266 0.245359 0.011895
v 1.971645 0.143992 0.001075
v 1.971048 0.241787 0.003678
v 1.944255 0.143140 -0.024732
v 1.944597 0.239609 -0.021115
v 1.933384 0.143408 -0.060792
v 1.934002 0.239406 -0.055841
v 1.941954 0.144730 -0.097450
v 1.942100 0.241232 -0.091195
v 1.967681 0.146735 -0.124878
v 1.966723 0.244598 -0.117705
v 2.003672 0.148865 -0.135716
v 2.001273 0.248605 -0.128267
v 2.040276 0.150544 -0.127053
v 2.036491 0.252180 -0.120050
v 2.067671 0.151338 -0.101214
v 2.062941 0.254365 -0.095256
v 2.058304 1.180546 -0.055487
v 2.049345 1.177319 -0.026057
v 2.026825 1.174030 -0.005108
v 1.996777 1.171561 0.001748
v 1.967252 1.170573 -0.007327
v 1.946163 1.171332 -0.029902
v 1.939160 1.173633 -0.059926
v 1.948118 1.176860 -0.089356
v 1.970639 1.180148 -0.110306
v 2.000687 1.182618 -0.117162
v 2.030211 1.183605 -0.108087
v 2.051301 1.182847 -0.085512
v 2.063694 1.035122 -0.060910
v 2.061643 0.950769 -0.062210
v 2.053728 0.950772 -0.032671
v 2.055579 1.034550 -0.031364
v 2.032105 0.950773 -0.011047
v 2.033777 1.033963 -0.009835
v 2.002566 0.950770 -0.003133
v 2.004129 1.033517 -0.002092
v 1.973027 0.950767 -0.011048
v 1.974580 1.033333 -0.010210
v 1.951404 0.950766 -0.032671
v 1.953046 1.033459 -0.032014
v 1.943489 0.950769 -0.062210
v 1.945299 1.033862 -0.061661
v 1.951404 0.950773 -0.091748
v 1.953414 1.034434 -0.091207
v 1.973028 0.950774 -0.113372
v 1.975216 1.035022 -0.112736
v 2.002566 0.950771 -0.121287
v 2.004864 1.035467 -0.120479
v 2.032104 0.950767 -0.113372
v 2.034413 1.035652 -0.112361
v 2.053728 0.950766 -0.091748
v 2.055947 1.035526 -0.090557
v 2.058013 0.858594 -0.067111
v 2.052967 0.742341 -0.068153
v 2.044935 0.742341 -0.038177
v 2.050090 0.858590 -0.037543
v 2.022993 0.742345 -0.016232
v 2.028445 0.858588 -0.015898
v 1.993019 0.742355 -0.008198
v 1.998877 0.858592 -0.007975
v 1.963046 0.742366 -0.016227
v 1.969308 0.858596 -0.015897
v 1.941103 0.742371 -0.038167
v 1.947663 0.858597 -0.037543
v 1.933072 0.742366 -0.068140
v 1.939740 0.858594 -0.067111
v 1.941103 0.742355 -0.098115
v 1.947663 0.858588 -0.096680
v 1.963045 0.742345 -0.120060
v 1.969308 0.858587 -0.118325
v 1.993019 0.742341 -0.128095
v 1.998877 0.858591 -0.126248
v 2.022993 0.742341 -0.120066
v 2.028445 0.858596 -0.118325
v 2.044936 0.742342 -0.098126
v 2.050091 0.858598 -0.096679
v 2.051563 1.202156 -0.055566
v 2.057474 1.196466 -0.055094
v 2.055666 1.200630 -0.055278
v 2.043624 1.199804 -0.028883
v 2.048594 1.193554 -0.025584
v 2.047087 1.197977 -0.026576
v 2.023376 1.197401 -0.009775
v 2.026110 1.190584 -0.004515
v 2.025273 1.195269 -0.006048
v 1.996245 1.195587 -0.003364
v 1.996048 1.188352 0.002468
v 1.996068 1.193231 0.000804
v 1.969500 1.194848 -0.011369
v 1.966461 1.187455 -0.006507
v 1.967299 1.192408 -0.007856
v 1.950310 1.195388 -0.031645
v 1.945278 1.188134 -0.029034
v 1.946674 1.193023 -0.029707
v 1.943817 1.197067 -0.058756
v 1.938175 1.190207 -0.059078
v 1.939721 1.194912 -0.058893
v 1.951760 1.199433 -0.085437
v 1.947055 1.193119 -0.088588
v 1.948301 1.197569 -0.087595
v 1.972009 1.201848 -0.104540
v 1.969538 1.196089 -0.109658
v 1.970116 1.200280 -0.108121
v 1.999138 1.203660 -0.110947
v 1.999601 1.198321 -0.116641
v 1.999320 1.202318 -0.114972
v 2.025878 1.204385 -0.102944
v 2.029188 1.199218 -0.107666
v 2.028088 1.203137 -0.106312
v 2.045067 1.203833 -0.082673
v 2.050371 1.198539 -0.085138
v 2.048712 1.202518 -0.084463
v 2.002559 0.024473 -0.136411
v 1.928949 0.022812 -0.061361
v 2.003872 0.023508 0.012425
v 2.067819 0.024689 -0.025266
v 2.040891 0.024130 0.002169
v 1.939248 0.022725 -0.024244
v 1.965504 0.023839 -0.126133
v 2.039786 0.024951 -0.126732
v 1.938560 0.023223 -0.098658
v 1.966672 0.022987 0.002759
v 2.077450 0.025056 -0.062545
v 2.067199 0.025156 -0.099691
v 1.999085 1.198506 -0.030750
v 2.026512 1.200521 -0.057240
v 1.970814 1.198959 -0.059925
v 1.998246 1.201019 -0.086396
vn 0.8820 0.0770 -0.4650
vn 0.8620 0.2350 -0.4490
vn 0.9734 0.2236 0.0507
vn 0.9974 0.0592 0.0406
vn 0.4670 -0.0182 0.8841
vn 0.4487 0.1659 0.8781
vn -0.0429 0.1358 0.9898
vn -0.0355 -0.0567 0.9978
vn -0.5257 0.1163 0.8427
vn -0.5285 -0.0807 0.8451
vn -0.8730 0.1124 0.4746
vn -0.8805 -0.0840 0.4665
vn -0.9920 0.1248 -0.0191
vn -0.9972 -0.0658 -0.0369
vn -0.8484 0.1497 -0.5078
vn -0.8471 -0.0312 -0.5305
vn -0.4778 0.1807 -0.8597
vn -0.4703 0.0106 -0.8824
vn 0.0215 0.2098 -0.9775
vn 0.0333 0.0487 -0.9983
vn 0.5133 0.2298 -0.8269
vn 0.5287 0.0731 -0.8456
vn 0.8450 0.0243 0.5342
vn 0.8207 0.1982 0.5359
vn 0.8430 0.1073 -0.5272
vn 0.8443 0.1085 -0.5247
vn 0.9952 0.0942 -0.0266
vn 0.9958 0.0841 -0.0354
vn 0.8560 0.0552 -0.5141
vn 0.8586 -0.0115 -0.5126
vn 0.9995 0.0281 -0.0107
vn 0.9967 0.0799 -0.0161
vn 0.8627 -0.0581 -0.5023
vn 0.8638 -0.0448 -0.5019
vn 0.9989 -0.0459 -0.0037
vn 0.9992 -0.0397 -0.0041
vn 0.5017 -0.0459 0.8639
vn 0.4980 -0.0438 0.8660
vn 0.0001 -0.0325 0.9995
vn 0.0008 -0.0274 0.9996
vn 0.8722 -0.0149 -0.4890
vn 0.8788 0.0388 -0.4756
vn 0.9992 0.0313 0.0242
vn 0.9998 -0.0144 0.0121
vn 0.4657 0.1091 -0.8782
vn 0.4633 0.1006 -0.8805
vn 0.4832 0.0215 -0.8752
vn 0.4855 -0.0419 -0.8732
vn -0.0357 0.0897 -0.9953
vn -0.0432 0.0723 -0.9964
vn -0.0222 -0.0116 -0.9997
vn -0.0160 -0.0552 -0.9983
vn 0.9996 0.0272 -0.0007
vn 1.0000 0.0078 -0.0006
vn 0.8659 0.0105 0.5001
vn 0.8661 0.0250 0.4993
vn 0.5113 -0.0122 -0.8593
vn 0.5268 0.0347 -0.8493
vn -0.5284 0.0540 -0.8473
vn -0.5369 0.0314 -0.8430
vn -0.5223 -0.0349 -0.8521
vn -0.5121 -0.0493 -0.8575
vn 0.4991 0.0082 -0.8665
vn 0.5036 0.0114 -0.8639
vn 0.8684 -0.0119 -0.4958
vn 0.8645 -0.0195 -0.5023
vn 0.4914 -0.0057 -0.8709
vn 0.4767 0.0371 -0.8783
vn 0.8511 0.0303 -0.5241
vn 0.8608 -0.0111 -0.5088
vn 0.0129 -0.0075 -0.9999
vn 0.0362 0.0196 -0.9992
vn -0.8814 0.0110 -0.4722
vn -0.8858 -0.0111 -0.4639
vn -0.8799 -0.0428 -0.4733
vn -0.8716 -0.0267 -0.4895
vn 0.0009 0.0346 -0.9994
vn 0.0027 0.0316 -0.9995
vn -0.0106 0.0050 -0.9999
vn -0.0253 0.0395 -0.9989
vn -0.4903 -0.0014 -0.8716
vn -0.4649 -0.0020 -0.8854
vn -0.9991 -0.0283 0.0318
vn -0.9983 -0.0437 0.0386
vn -0.9989 -0.0336 0.0320
vn -0.9999 0.0069 0.0075
vn -0.4970 0.0530 -0.8661
vn -0.4990 0.0432 -0.8655
vn -0.5100 0.0184 -0.8600
vn -0.5208 0.0370 -0.8529
vn -0.8618 0.0054 -0.5073
vn -0.8442 -0.0231 -0.5356
vn -0.8468 -0.0532 0.5293
vn -0.8457 -0.0577 0.5306
vn -0.8501 -0.0100 0.5266
vn -0.8639 0.0438 0.5017
vn -0.8628 0.0584 -0.5022
vn -0.8659 0.0430 -0.4984
vn -0.8717 0.0310 -0.4891
vn -0.8773 0.0303 -0.4790
vn -0.9999 0.0115 -0.0060
vn -0.9985 -0.0371 -0.0397
vn -0.4647 -0.0562 0.8837
vn -0.4692 -0.0492 0.8817
vn -0.4761 0.0220 0.8791
vn -0.5001 0.0750 0.8627
vn -0.9988 0.0492 -0.0035
vn -0.9995 0.0310 0.0024
vn -0.9992 0.0390 0.0119
vn -0.9995 0.0209 0.0235
vn -0.8686 0.0148 0.4953
vn -0.8822 -0.0405 0.4692
vn 0.0420 -0.0362 0.9985
vn 0.0310 -0.0210 0.9993
vn 0.0222 0.0545 0.9983
vn -0.0033 0.0918 0.9958
vn -0.8670 0.0278 0.4975
vn -0.8647 0.0107 0.5022
vn -0.8598 0.0400 0.5091
vn -0.8535 0.0108 0.5209
vn -0.5059 0.0132 0.8625
vn -0.5245 -0.0340 0.8508
vn 0.5351 0.0011 0.8448
vn 0.5231 0.0195 0.8521
vn 0.5139 0.0790 0.8542
vn 0.4971 0.0888 0.8631
vn -0.5009 -0.0003 0.8655
vn -0.4985 -0.0126 0.8668
vn -0.4907 0.0337 0.8707
vn -0.4765 0.0031 0.8792
vn -0.0092 0.0069 0.9999
vn -0.0241 -0.0205 0.9995
vn 0.8834 0.0452 0.4664
vn 0.8765 0.0616 0.4775
vn 0.8705 0.0885 0.4841
vn 0.8665 0.0654 0.4950
vn 0.0107 0.0221 0.9997
vn 0.0304 -0.0000 0.9995
vn 0.4905 -0.0019 0.8715
vn 0.4810 -0.0029 0.8767
vn 0.5099 0.0086 0.8602
vn 0.5282 0.0028 0.8491
vn 0.9991 -0.0411 -0.0037
vn 0.9995 -0.0320 0.0045
vn 0.8635 -0.0436 0.5024
vn 0.8667 -0.0508 0.4962
vn 0.8547 0.0158 0.5189
vn 0.8600 -0.0099 0.5101
vn 0.4967 -0.0565 -0.8661
vn 0.4988 -0.0292 -0.8662
vn -0.0021 -0.0360 -0.9993
vn 0.0008 -0.0033 -1.0000
vn -0.5011 -0.0026 -0.8654
vn -0.4976 0.0261 -0.8670
vn -0.8654 0.0349 -0.4998
vn -0.8630 0.0514 -0.5025
vn -0.9978 0.0668 -0.0016
vn -0.9978 0.0658 -0.0037
vn -0.8640 0.0853 0.4961
vn -0.8655 0.0653 0.4966
vn -0.4999 0.0853 0.8619
vn -0.5002 0.0499 0.8645
vn -0.0005 0.0663 0.9978
vn 0.0011 0.0235 0.9997
vn 0.5010 0.0329 0.8648
vn 0.5024 -0.0066 0.8646
vn 0.8677 -0.0062 0.4971
vn 0.8674 -0.0320 0.4966
vn 0.8719 -0.0032 0.4897
vn 0.8820 0.0104 0.4711
vn 0.9993 0.0205 -0.0310
vn 0.9999 -0.0102 -0.0112
vn 0.8653 0.0294 -0.5003
vn 0.8653 0.0083 -0.5012
vn 0.4994 0.0159 0.8662
vn 0.5001 0.0235 0.8656
vn -0.0007 0.0229 0.9997
vn -0.0000 0.0230 0.9997
vn -0.4998 0.0295 0.8657
vn -0.5002 0.0237 0.8656
vn -0.8648 0.0338 0.5010
vn -0.8661 0.0254 0.4993
vn -0.9994 0.0345 0.0030
vn -0.9996 0.0277 -0.0007
vn -0.8677 0.0313 -0.4962
vn -0.8653 0.0298 -0.5003
vn -0.5036 0.0252 -0.8636
vn -0.4995 0.0314 -0.8658
vn -0.0037 0.0182 -0.9998
vn -0.0000 0.0318 -0.9995
vn 0.4977 0.0120 -0.8672
vn 0.4994 0.0311 -0.8658
vn 0.7151 0.6957 0.0685
vn 0.6022 0.6673 0.4382
vn 0.1737 0.9817 0.0778
vn 0.1566 0.9687 0.1925
vn 0.3214 0.6358 0.7018
vn 0.0734 0.9551 0.2870
vn -0.0534 0.6097 0.7909
vn -0.0545 0.9421 0.3310
vn -0.4246 0.5958 0.6818
vn -0.1840 0.9388 0.2913
vn -0.6940 0.5977 0.4015
vn -0.2759 0.9417 0.1924
vn -0.7883 0.6149 0.0227
vn -0.3034 0.9508 0.0635
vn -0.6796 0.6429 -0.3534
vn -0.2534 0.9656 -0.0586
vn -0.3953 0.6743 -0.6237
vn -0.1567 0.9785 -0.1342
vn -0.0129 0.7008 -0.7133
vn -0.0434 0.9886 -0.1445
vn 0.3623 0.7151 -0.5978
vn 0.0641 0.9915 -0.1131
vn 0.6283 0.7132 -0.3108
vn 0.1426 0.9892 -0.0327
vn -0.0441 0.9963 0.0741
vn -0.0494 0.9966 0.0661
vn -0.0510 0.9965 0.0667
vn -0.0448 0.9960 0.0768
vt 0.477308 0.973344
vt 0.477308 0.985262
vt 0.491128 0.985262
vt 0.491128 0.973344
vt 0.518932 0.973344
vt 0.518932 0.985262
vt 0.532784 0.985262
vt 0.532784 0.973344
vt 0.366181 0.973344
vt 0.366180 0.985262
vt 0.380001 0.985262
vt 0.380001 0.973344
vt 0.394006 0.985262
vt 0.394006 0.973344
vt 0.407827 0.985262
vt 0.407827 0.973344
vt 0.421679 0.985262
vt 0.421679 0.973344
vt 0.435630 0.985262
vt 0.435630 0.973344
vt 0.449482 0.985262
vt 0.449482 0.973344
vt 0.463303 0.985262
vt 0.463303 0.973344
vt 0.504981 0.973344
vt 0.504981 0.985262
vt 0.477308 0.290861
vt 0.477308 0.357478
vt 0.491128 0.357478
vt 0.491129 0.290861
vt 0.477308 0.431131
vt 0.477308 0.519435
vt 0.491128 0.519435
vt 0.491128 0.431131
vt 0.477308 0.584792
vt 0.477308 0.654645
vt 0.491128 0.654645
vt 0.491128 0.584792
vt 0.518932 0.739852
vt 0.518932 0.807492
vt 0.532784 0.807492
vt 0.532784 0.739852
vt 0.477308 0.868773
vt 0.477308 0.913605
vt 0.491128 0.913605
vt 0.491128 0.868773
vt 0.463303 0.290861
vt 0.463303 0.357478
vt 0.463303 0.431131
vt 0.463303 0.519435
vt 0.449483 0.290861
vt 0.449482 0.357478
vt 0.449483 0.431131
vt 0.449482 0.519435
vt 0.491129 0.014819
vt 0.491129 0.037582
vt 0.504981 0.037582
vt 0.504981 0.014819
vt 0.463303 0.868773
vt 0.463303 0.913605
vt 0.435630 0.290861
vt 0.435630 0.357478
vt 0.435630 0.431131
vt 0.435630 0.519435
vt 0.463303 0.739852
vt 0.463303 0.807492
vt 0.477308 0.807492
vt 0.477308 0.739852
vt 0.463303 0.127685
vt 0.463303 0.217789
vt 0.477308 0.217789
vt 0.477308 0.127685
vt 0.449482 0.868773
vt 0.449482 0.913605
vt 0.421679 0.290861
vt 0.421679 0.357478
vt 0.421679 0.431131
vt 0.421679 0.519435
vt 0.449482 0.739852
vt 0.449482 0.807492
vt 0.449483 0.127685
vt 0.449482 0.217789
vt 0.435630 0.868773
vt 0.435630 0.913605
vt 0.407827 0.290861
vt 0.407827 0.357478
vt 0.407827 0.431131
vt 0.407827 0.519435
vt 0.435630 0.739852
vt 0.435630 0.807492
vt 0.435630 0.127685
vt 0.435630 0.217789
vt 0.421679 0.868773
vt 0.421679 0.913605
vt 0.394006 0.290861
vt 0.394006 0.357478
vt 0.394006 0.431131
vt 0.394006 0.519435
vt 0.421679 0.739852
vt 0.421679 0.807492
vt 0.421679 0.127685
vt 0.421679 0.217789
vt 0.407827 0.868773
vt 0.407827 0.913605
vt 0.380001 0.290861
vt 0.380001 0.357478
vt 0.380001 0.431131
vt 0.380001 0.519435
vt 0.407827 0.739852
vt 0.407827 0.807492
vt 0.407827 0.127685
vt 0.407827 0.217789
vt 0.394006 0.868773
vt 0.394006 0.913605
vt 0.366181 0.290861
vt 0.366181 0.357478
vt 0.366181 0.431131
vt 0.366181 0.519435
vt 0.394006 0.739852
vt 0.394006 0.807492
vt 0.394006 0.127685
vt 0.394006 0.217789
vt 0.380001 0.868773
vt 0.380001 0.913605
vt 0.518932 0.290861
vt 0.518932 0.357478
vt 0.532784 0.357478
vt 0.532784 0.290861
vt 0.518932 0.431131
vt 0.518932 0.519435
vt 0.532784 0.519435
vt 0.532784 0.431131
vt 0.380001 0.739852
vt 0.380001 0.807492
vt 0.380001 0.127685
vt 0.380001 0.217789
vt 0.366181 0.868773
vt 0.366181 0.913605
vt 0.504981 0.290861
vt 0.504981 0.357478
vt 0.504981 0.431131
vt 0.504981 0.519435
vt 0.366181 0.739852
vt 0.366181 0.807492
vt 0.366181 0.127685
vt 0.366181 0.217789
vt 0.518932 0.868773
vt 0.518932 0.913605
vt 0.532784 0.913605
vt 0.532784 0.868773
vt 0.518932 0.127685
vt 0.518932 0.217789
vt 0.532784 0.217789
vt 0.532784 0.127685
vt 0.491128 0.739852
vt 0.491128 0.807492
vt 0.504981 0.807492
vt 0.504981 0.739852
vt 0.504981 0.913605
vt 0.504981 0.868773
vt 0.463303 0.584792
vt 0.463303 0.654645
vt 0.449482 0.584792
vt 0.449482 0.654645
vt 0.435630 0.584792
vt 0.435630 0.654645
vt 0.421679 0.584792
vt 0.421679 0.654645
vt 0.407827 0.584792
vt 0.407827 0.654645
vt 0.394006 0.584792
vt 0.394006 0.654645
vt 0.380001 0.584792
vt 0.380001 0.654645
vt 0.366181 0.584792
vt 0.366181 0.654645
vt 0.518932 0.584792
vt 0.518932 0.654645
vt 0.532784 0.654645
vt 0.532784 0.584792
vt 0.504981 0.584792
vt 0.504981 0.654645
vt 0.504981 0.127685
vt 0.504981 0.217789
vt 0.491129 0.217789
vt 0.491129 0.127685
vt 0.477308 0.014819
vt 0.477308 0.037582
vt 0.518932 0.037582
vt 0.518932 0.014819
vt 0.532784 0.037582
vt 0.532784 0.014819
vt 0.366181 0.014819
vt 0.366181 0.037582
vt 0.380001 0.037582
vt 0.380001 0.014819
vt 0.394006 0.037582
vt 0.394006 0.014819
vt 0.407827 0.037582
vt 0.407827 0.014819
vt 0.421679 0.037582
vt 0.421679 0.014819
vt 0.435630 0.037582
vt 0.435630 0.014819
vt 0.449483 0.037582
vt 0.449483 0.014819
vt 0.463303 0.037582
vt 0.463303 0.014819
vt 0.491128 0.988782
vt 0.504981 0.988782
vt 0.675361 0.742481
vt 0.663693 0.761849
vt 0.661331 0.759424
vt 0.672124 0.741541
vt 0.518932 0.988782
vt 0.675808 0.719892
vt 0.672522 0.720670
vt 0.532784 0.988782
vt 0.664947 0.700043
vt 0.662485 0.702342
vt 0.366180 0.988782
vt 0.380001 0.988782
vt 0.645591 0.688285
vt 0.644608 0.691491
vt 0.394006 0.988782
vt 0.622932 0.687737
vt 0.623688 0.690993
vt 0.407827 0.988782
vt 0.603007 0.698623
vt 0.605300 0.701050
vt 0.421679 0.988782
vt 0.591217 0.718085
vt 0.594438 0.719011
vt 0.435630 0.988782
vt 0.590800 0.740821
vt 0.594036 0.739990
vt 0.449482 0.988782
vt 0.601777 0.760684
vt 0.604161 0.758331
vt 0.463303 0.988782
vt 0.621208 0.772363
vt 0.622099 0.769119
vt 0.477308 0.988782
vt 0.643865 0.772803
vt 0.643019 0.769532
vt 0.648825 0.716329
vt 0.618390 0.715679
vt 0.648242 0.744873
vt 0.617806 0.744279
s 1
usemtl FencePost.001
f 678/920/470 761/921/471 728/922/472 667/923/473
f 669/924/474 734/925/475 737/926/476 670/927/477
f 670/928/477 737/929/476 740/930/478 671/931/479
f 671/931/479 740/930/478 743/932/480 672/933/481
f 672/933/481 743/932/480 746/934/482 673/935/483
f 673/935/483 746/934/482 749/936/484 674/937/485
f 674/937/485 749/936/484 752/938/486 675/939/487
f 675/939/487 752/938/486 755/940/488 676/941/489
f 676/941/489 755/940/488 758/942/490 677/943/491
f 677/943/491 758/942/490 761/921/471 678/920/470
f 668/944/492 731/945/493 734/925/475 669/924/474
f 666/946/494 641/947/495 620/948/496 643/949/497
f 642/950/498 617/951/499 596/952/500 619/953/501
f 618/954/502 725/955/503 704/956/504 595/957/505
f 708/958/506 683/959/507 685/960/508 710/961/509
f 702/962/510 594/963/511 583/964/512 679/965/513
f 664/966/514 639/967/515 641/947/495 666/946/494
f 640/968/516 615/969/517 617/951/499 642/950/498
f 662/970/518 637/971/519 639/967/515 664/966/514
f 638/972/520 613/973/521 615/969/517 640/968/516
f 559/974/522 582/975/523 581/976/524 560/977/525
f 700/978/526 593/979/527 594/963/511 702/962/510
f 660/980/528 635/981/529 637/971/519 662/970/518
f 636/982/530 611/983/531 613/973/521 638/972/520
f 724/984/532 699/985/533 701/986/534 726/987/535
f 770/988/536 663/989/537 665/990/538 774/991/539
f 698/992/540 592/993/541 593/979/527 700/978/526
f 658/994/542 633/995/543 635/981/529 660/980/528
f 634/996/544 609/997/545 611/983/531 636/982/530
f 722/998/546 697/999/547 699/985/533 724/984/532
f 763/1000/548 661/1001/549 663/989/537 770/988/536
f 696/1002/550 591/1003/551 592/993/541 698/992/540
f 656/1004/552 631/1005/553 633/995/543 658/994/542
f 632/1006/554 607/1007/555 609/997/545 634/996/544
f 720/1008/556 695/1009/557 697/999/547 722/998/546
f 769/1010/558 659/1011/559 661/1001/549 763/1000/548
f 694/1012/560 590/1013/561 591/1003/551 696/1002/550
f 654/1014/562 629/1015/563 631/1005/553 656/1004/552
f 630/1016/564 605/1017/565 607/1007/555 632/1006/554
f 718/1018/566 693/1019/567 695/1009/557 720/1008/556
f 771/1020/568 657/1021/569 659/1011/559 769/1010/558
f 692/1022/570 589/1023/571 590/1013/561 694/1012/560
f 652/1024/572 627/1025/573 629/1015/563 654/1014/562
f 628/1026/574 603/1027/575 605/1017/565 630/1016/564
f 716/1028/576 691/1029/577 693/1019/567 718/1018/566
f 764/1030/578 655/1031/579 657/1021/569 771/1020/568
f 690/1032/580 588/1033/581 589/1023/571 692/1022/570
f 650/1034/582 625/1035/583 627/1025/573 652/1024/572
f 626/1036/584 601/1037/585 603/1027/575 628/1026/574
f 714/1038/586 689/1039/587 691/1029/577 716/1028/576
f 768/1040/588 653/1041/589 655/1031/579 764/1030/578
f 688/1042/590 587/1043/591 588/1033/581 690/1032/580
f 648/1044/592 623/1045/593 625/1046/583 650/1047/582
f 624/1048/594 599/1049/595 601/1050/585 626/1051/584
f 712/1052/596 687/1053/597 689/1039/587 714/1038/586
f 772/1054/598 651/1055/599 653/1041/589 768/1040/588
f 686/1056/600 586/1057/601 587/1043/591 688/1042/590
f 646/1058/602 621/1059/603 623/1045/593 648/1044/592
f 622/1060/604 597/1061/605 599/1049/595 624/1048/594
f 710/1062/509 685/1063/508 687/1053/597 712/1052/596
f 765/1064/606 649/1065/607 651/1055/599 772/1054/598
f 684/1066/608 585/1067/609 586/1068/601 686/1069/600
f 643/949/497 620/948/496 621/1059/603 646/1058/602
f 619/953/501 596/952/500 597/1061/605 622/1060/604
f 767/1070/610 647/1071/611 649/1072/607 765/1073/606
f 703/1074/612 680/1075/613 681/1076/614 706/1077/615
f 679/965/513 583/964/512 584/1078/616 682/1079/617
f 682/1079/617 584/1078/616 585/1067/609 684/1066/608
f 616/1080/618 723/1081/619 725/955/503 618/954/502
f 614/1082/620 721/1083/621 723/1081/619 616/1080/618
f 612/1084/622 719/1085/623 721/1083/621 614/1082/620
f 610/1086/624 717/1087/625 719/1085/623 612/1084/622
f 608/1088/626 715/1089/627 717/1087/625 610/1086/624
f 606/1090/628 713/1091/629 715/1089/627 608/1088/626
f 604/1092/630 711/1093/631 713/1091/629 606/1090/628
f 602/1094/632 709/1095/633 711/1093/631 604/1092/630
f 600/1096/634 707/1097/635 709/1098/633 602/1099/632
f 598/1100/636 705/1101/637 707/1097/635 600/1096/634
f 595/957/505 704/956/504 705/1101/637 598/1100/636
f 618/954/502 595/957/505 596/952/500 617/951/499
f 616/1080/618 618/954/502 617/951/499 615/969/517
f 614/1082/620 616/1080/618 615/969/517 613/973/521
f 612/1084/622 614/1082/620 613/973/521 611/983/531
f 610/1086/624 612/1084/622 611/983/531 609/997/545
f 608/1088/626 610/1086/624 609/997/545 607/1007/555
f 606/1090/628 608/1088/626 607/1007/555 605/1017/565
f 604/1092/630 606/1090/628 605/1017/565 603/1027/575
f 602/1094/632 604/1092/630 603/1027/575 601/1037/585
f 600/1096/634 602/1099/632 601/1050/585 599/1049/595
f 598/1100/636 600/1096/634 599/1049/595 597/1061/605
f 595/957/505 598/1100/636 597/1061/605 596/952/500
f 766/1102/638 645/1103/639 647/1071/611 767/1070/610
f 642/950/498 619/953/501 620/948/496 641/947/495
f 640/968/516 642/950/498 641/947/495 639/967/515
f 638/972/520 640/968/516 639/967/515 637/971/519
f 636/982/530 638/972/520 637/971/519 635/981/529
f 634/996/544 636/982/530 635/981/529 633/995/543
f 632/1006/554 634/996/544 633/995/543 631/1005/553
f 630/1016/564 632/1006/554 631/1005/553 629/1015/563
f 628/1026/574 630/1016/564 629/1015/563 627/1025/573
f 626/1036/584 628/1026/574 627/1025/573 625/1035/583
f 624/1048/594 626/1051/584 625/1046/583 623/1045/593
f 622/1060/604 624/1048/594 623/1045/593 621/1059/603
f 619/953/501 622/1060/604 621/1059/603 620/948/496
f 774/991/539 665/990/538 644/1104/640 773/1105/641
f 666/946/494 643/949/497 644/1104/640 665/990/538
f 664/966/514 666/946/494 665/990/538 663/989/537
f 662/970/518 664/966/514 663/989/537 661/1001/549
f 660/980/528 662/970/518 661/1001/549 659/1011/559
f 658/994/542 660/980/528 659/1011/559 657/1021/569
f 656/1004/552 658/994/542 657/1021/569 655/1031/579
f 654/1014/562 656/1004/552 655/1031/579 653/1041/589
f 652/1024/572 654/1014/562 653/1041/589 651/1055/599
f 650/1034/582 652/1024/572 651/1055/599 649/1065/607
f 648/1044/592 650/1047/582 649/1072/607 647/1071/611
f 646/1058/602 648/1044/592 647/1071/611 645/1103/639
f 643/949/497 646/1058/602 645/1103/639 644/1104/640
f 773/1105/641 644/1104/640 645/1103/639 766/1102/638
f 570/1106/642 580/1107/643 582/975/523 559/974/522
f 560/977/525 581/976/524 579/1108/644 561/1109/645
f 561/1109/645 579/1108/644 578/1110/646 562/1111/647
f 562/1112/647 578/1113/646 577/1114/648 563/1115/649
f 563/1115/649 577/1114/648 576/1116/650 564/1117/651
f 564/1117/651 576/1116/650 575/1118/652 565/1119/653
f 565/1119/653 575/1118/652 574/1120/654 566/1121/655
f 566/1121/655 574/1120/654 573/1122/656 567/1123/657
f 567/1123/657 573/1122/656 572/1124/658 568/1125/659
f 568/1125/659 572/1124/658 571/1126/660 569/1127/661
f 569/1127/661 571/1126/660 580/1107/643 570/1106/642
f 594/963/511 678/920/470 667/923/473 583/964/512
f 593/979/527 677/943/491 678/920/470 594/963/511
f 592/993/541 676/941/489 677/943/491 593/979/527
f 591/1003/551 675/939/487 676/941/489 592/993/541
f 590/1013/561 674/937/485 675/939/487 591/1003/551
f 589/1023/571 673/935/483 674/937/485 590/1013/561
f 588/1033/581 672/933/481 673/935/483 589/1023/571
f 587/1043/591 671/931/479 672/933/481 588/1033/581
f 586/1057/601 670/928/477 671/931/479 587/1043/591
f 585/1067/609 669/924/474 670/927/477 586/1068/601
f 584/1078/616 668/944/492 669/924/474 585/1067/609
f 583/964/512 667/923/473 668/944/492 584/1078/616
f 702/962/510 679/965/513 680/1075/613 701/986/534
f 700/978/526 702/962/510 701/986/534 699/985/533
f 698/992/540 700/978/526 699/985/533 697/999/547
f 696/1002/550 698/992/540 697/999/547 695/1009/557
f 694/1012/560 696/1002/550 695/1009/557 693/1019/567
f 692/1022/570 694/1012/560 693/1019/567 691/1029/577
f 690/1032/580 692/1022/570 691/1029/577 689/1039/587
f 688/1042/590 690/1032/580 689/1039/587 687/1053/597
f 686/1056/600 688/1042/590 687/1053/597 685/1063/508
f 684/1066/608 686/1069/600 685/960/508 683/959/507
f 682/1079/617 684/1066/608 683/959/507 681/1076/614
f 679/965/513 682/1079/617 681/1076/614 680/1075/613
f 706/1077/615 681/1076/614 683/959/507 708/958/506
f 726/987/535 703/1074/612 704/956/504 725/955/503
f 724/984/532 726/987/535 725/955/503 723/1081/619
f 722/998/546 724/984/532 723/1081/619 721/1083/621
f 720/1008/556 722/998/546 721/1083/621 719/1085/623
f 718/1018/566 720/1008/556 719/1085/623 717/1087/625
f 716/1028/576 718/1018/566 717/1087/625 715/1089/627
f 714/1038/586 716/1028/576 715/1089/627 713/1091/629
f 712/1052/596 714/1038/586 713/1091/629 711/1093/631
f 710/1062/509 712/1052/596 711/1093/631 709/1095/633
f 708/958/506 710/961/509 709/1098/633 707/1097/635
f 706/1077/615 708/958/506 707/1097/635 705/1101/637
f 703/1074/612 706/1077/615 705/1101/637 704/956/504
f 726/987/535 701/986/534 680/1075/613 703/1074/612
f 667/923/473 728/922/472 731/945/493 668/944/492
f 731/945/493 728/922/472 729/1128/662 732/1129/663
f 732/1130/663 729/1131/662 727/1132/664 730/1133/665
f 734/925/475 731/945/493 732/1129/663 735/1134/666
f 735/1135/666 732/1130/663 730/1133/665 733/1136/667
f 737/926/476 734/925/475 735/1134/666 738/1137/668
f 738/1138/668 735/1135/666 733/1136/667 736/1139/669
f 740/930/478 737/929/476 738/1140/668 741/1141/670
f 741/1142/670 738/1138/668 736/1139/669 739/1143/671
f 743/932/480 740/930/478 741/1141/670 744/1144/672
f 744/1145/672 741/1142/670 739/1143/671 742/1146/673
f 746/934/482 743/932/480 744/1144/672 747/1147/674
f 747/1148/674 744/1145/672 742/1146/673 745/1149/675
f 749/936/484 746/934/482 747/1147/674 750/1150/676
f 750/1151/676 747/1148/674 745/1149/675 748/1152/677
f 752/938/486 749/936/484 750/1150/676 753/1153/678
f 753/1154/678 750/1151/676 748/1152/677 751/1155/679
f 755/940/488 752/938/486 753/1153/678 756/1156/680
f 756/1157/680 753/1154/678 751/1155/679 754/1158/681
f 758/942/490 755/940/488 756/1156/680 759/1159/682
f 759/1160/682 756/1157/680 754/1158/681 757/1161/683
f 761/921/471 758/942/490 759/1159/682 762/1162/684
f 762/1163/684 759/1160/682 757/1161/683 760/1164/685
f 728/922/472 761/921/471 762/1162/684 729/1128/662
f 729/1131/662 762/1163/684 760/1164/685 727/1132/664
f 733/1136/667 775/1165/686 739/1143/671 736/1139/669
f 582/975/523 773/1105/641 766/1102/638 581/976/524
f 580/1107/643 774/991/539 773/1105/641 582/975/523
f 581/976/524 766/1102/638 767/1070/610 579/1108/644
f 579/1108/644 767/1070/610 765/1073/606 578/1110/646
f 578/1113/646 765/1064/606 772/1054/598 577/1114/648
f 577/1114/648 772/1054/598 768/1040/588 576/1116/650
f 576/1116/650 768/1040/588 764/1030/578 575/1118/652
f 575/1118/652 764/1030/578 771/1020/568 574/1120/654
f 574/1120/654 771/1020/568 769/1010/558 573/1122/656
f 573/1122/656 769/1010/558 763/1000/548 572/1124/658
f 572/1124/658 763/1000/548 770/988/536 571/1126/660
f 571/1126/660 770/988/536 774/991/539 580/1107/643
f 775/1165/686 777/1166/687 742/1146/673 739/1143/671
f 777/1166/687 748/1152/677 745/1149/675 742/1146/673
f 730/1133/665 776/1167/688 775/1165/686 733/1136/667
f 776/1167/688 778/1168/689 777/1166/687 775/1165/686
f 778/1168/689 751/1155/679 748/1152/677 777/1166/687
f 727/1132/664 760/1164/685 776/1167/688 730/1133/665
f 760/1164/685 757/1161/683 778/1168/689 776/1167/688
f 757/1161/683 754/1158/681 751/1155/679 778/1168/689
