# Blender 3.6.5
# www.blender.org
mtllib untitled.mtl
o cactus_full
v -0.000117 -0.000000 -0.162167
v 0.015681 3.006285 -0.119684
v 0.034532 -0.000000 -0.173604
v 0.045498 3.006946 -0.129456
v 0.067737 -0.000000 -0.163531
v 0.074046 3.006772 -0.120749
v 0.087335 -0.000000 -0.134915
v 0.090865 3.005799 -0.096129
v 0.125161 -0.000000 -0.125161
v 0.123389 3.005666 -0.087688
v 0.147174 -0.000000 -0.098339
v 0.142288 3.004777 -0.064605
v 0.145310 -0.000000 -0.062343
v 0.140638 3.003383 -0.033677
v 0.173604 -0.000000 -0.034532
v 0.164939 3.002497 -0.009735
v 0.177005 0.000000 0.000000
v 0.167820 3.001193 0.019943
v 0.154268 0.000000 0.031087
v 0.148223 2.999854 0.046620
v 0.163531 0.000000 0.067737
v 0.156144 2.998507 0.078128
v 0.147174 0.000000 0.098339
v 0.142036 2.997227 0.104398
v 0.111188 0.000000 0.113883
v 0.111063 2.996400 0.117699
v 0.098339 0.000000 0.147174
v 0.099969 2.995040 0.146285
v 0.067737 0.000000 0.163531
v 0.073626 2.994216 0.160293
v 0.030592 0.000000 0.158139
v 0.041684 2.994186 0.155601
v 0.000000 0.000000 0.177005
v 0.015347 2.993266 0.171764
v -0.034532 0.000000 0.173604
v -0.014350 2.993176 0.168787
v -0.060355 0.000000 0.148937
v -0.036530 2.993957 0.147551
v -0.098339 0.000000 0.147174
v -0.069198 2.993782 0.145976
v -0.125161 0.000000 0.125161
v -0.092241 2.994456 0.127019
v -0.130999 0.000000 0.089379
v -0.097216 2.995792 0.096262
v -0.163531 0.000000 0.067737
v -0.125170 2.996414 0.077614
v -0.173604 0.000000 0.034532
v -0.133791 2.997625 0.049066
v -0.157527 -0.000000 -0.000461
v -0.119918 2.999071 0.019022
v -0.173604 -0.000000 -0.034532
v -0.133702 3.000276 -0.010280
v -0.163531 -0.000000 -0.067737
v -0.124996 3.001615 -0.038797
v -0.130998 -0.000000 -0.090300
v -0.096985 3.002689 -0.058134
v -0.125161 -0.000000 -0.125162
v -0.091920 3.004065 -0.088081
v -0.098338 -0.000000 -0.147174
v -0.068821 3.005081 -0.106954
v -0.060355 -0.000000 -0.149858
v -0.036147 3.005427 -0.109201
v -0.034532 -0.000000 -0.173604
v -0.013905 3.006504 -0.129565
v -0.000113 0.356782 -0.167679
v -0.000289 0.994043 -0.146582
v 0.011349 1.668470 -0.156935
v 0.020697 2.335327 -0.136368
v 0.051500 2.335284 -0.146671
v 0.044062 1.668139 -0.168100
v 0.031558 0.993483 -0.157455
v 0.033224 0.356782 -0.178902
v 0.080981 2.335743 -0.137493
v 0.075489 1.667387 -0.158522
v 0.062161 0.992960 -0.148127
v 0.065171 0.356782 -0.169017
v 0.098339 2.336554 -0.111540
v 0.094122 1.666475 -0.131011
v 0.080313 0.992667 -0.121335
v 0.084027 0.356782 -0.140935
v 0.131926 2.337036 -0.102644
v 0.129917 1.665654 -0.121759
v 0.115169 0.992070 -0.112324
v 0.120421 0.356782 -0.131364
v 0.151433 2.337820 -0.078311
v 0.150827 1.664739 -0.095987
v 0.135537 0.991737 -0.087226
v 0.141600 0.356782 -0.105042
v 0.149711 2.338665 -0.045708
v 0.149199 1.664026 -0.061276
v 0.133965 0.991791 -0.053421
v 0.139806 0.356782 -0.069719
v 0.174796 2.339514 -0.020470
v 0.176049 1.662988 -0.034576
v 0.160118 0.991358 -0.027419
v 0.167028 0.356782 -0.042427
v 0.177754 2.340358 0.010815
v 0.179393 1.662219 -0.001296
v 0.163386 0.991327 0.004991
v 0.170301 0.356782 -0.008540
v 0.157498 2.340949 0.038938
v 0.158015 1.661950 0.028766
v 0.142582 0.991711 0.034268
v 0.148425 0.356782 0.021966
v 0.165661 2.341882 0.072151
v 0.166909 1.661041 0.064064
v 0.151255 0.991587 0.068644
v 0.157337 0.356782 0.057932
v 0.151073 2.342503 0.099845
v 0.151560 1.660677 0.093633
v 0.136322 0.991869 0.097441
v 0.141600 0.356782 0.087962
v 0.119075 2.342635 0.113867
v 0.117599 1.660945 0.108765
v 0.103261 0.992453 0.112177
v 0.106977 0.356782 0.103216
v 0.107599 2.343343 0.144002
v 0.105577 1.660468 0.140912
v 0.091568 0.992680 0.143485
v 0.094614 0.356782 0.135885
v 0.080383 2.343530 0.158769
v 0.076709 1.660631 0.156805
v 0.063466 0.993179 0.158962
v 0.065171 0.356782 0.151937
v 0.047393 2.343157 0.153825
v 0.041574 1.661351 0.151755
v 0.029255 0.993768 0.154044
v 0.029433 0.356782 0.146645
v 0.020181 2.343404 0.170865
v 0.012725 1.661462 0.170067
v 0.001173 0.994268 0.171877
v 0.000000 0.356782 0.165159
v -0.010490 2.343095 0.167728
v -0.019931 1.662098 0.166926
v -0.030624 0.994817 0.168819
v -0.033224 0.356782 0.161821
v -0.033386 2.342337 0.145342
v -0.044435 1.663031 0.143248
v -0.054491 0.995212 0.145759
v -0.058069 0.356782 0.137615
v -0.067127 2.342044 0.143684
v -0.080349 1.663689 0.141701
v -0.089459 0.995817 0.144252
v -0.094614 0.356782 0.135885
v -0.090916 2.341342 0.123700
v -0.105787 1.664583 0.120585
v -0.114235 0.996230 0.123688
v -0.120421 0.356782 0.114283
v -0.096036 2.340452 0.091278
v -0.111438 1.665418 0.086110
v -0.119750 0.996299 0.090114
v -0.126037 0.356782 0.079169
v -0.124898 2.339722 0.071621
v -0.142273 1.666398 0.065375
v -0.149781 0.996803 0.069920
v -0.157337 0.356782 0.057931
v -0.133786 2.338865 0.041527
v -0.151919 1.667248 0.033402
v -0.159184 0.996941 0.038782
v -0.167028 0.356782 0.025347
v -0.119439 2.338138 0.009856
v -0.136851 1.667708 -0.000400
v -0.144526 0.996662 0.005864
v -0.151560 0.356782 -0.008992
v -0.133659 2.337220 -0.021033
v -0.152177 1.668675 -0.033184
v -0.159460 0.996895 -0.026064
v -0.167028 0.356782 -0.042427
v -0.124650 2.336496 -0.051095
v -0.142778 1.669196 -0.065238
v -0.150321 0.996712 -0.057280
v -0.157337 0.356782 -0.075012
v -0.095707 2.336174 -0.071481
v -0.112108 1.669129 -0.087122
v -0.120468 0.996178 -0.078592
v -0.126037 0.356782 -0.097154
v -0.090458 2.335382 -0.103049
v -0.106720 1.669754 -0.120756
v -0.115234 0.996062 -0.111348
v -0.120421 0.356782 -0.131364
v -0.066589 2.335035 -0.122946
v -0.081446 1.669769 -0.142086
v -0.090634 0.995619 -0.132121
v -0.094614 0.356782 -0.152966
v -0.032840 2.335222 -0.125315
v -0.045549 1.669202 -0.144826
v -0.055684 0.995012 -0.134789
v -0.058069 0.356782 -0.155600
v -0.009855 2.334828 -0.146783
v -0.021226 1.669270 -0.167823
v -0.032010 0.994584 -0.157185
v -0.033224 0.356782 -0.178902
v 0.020426 2.373728 -0.150281
v 0.054601 2.373685 -0.161488
v 0.087310 2.374190 -0.151503
v 0.106569 2.375074 -0.123271
v 0.143834 2.375604 -0.113592
v 0.165478 2.376460 -0.087123
v 0.163569 2.377379 -0.051659
v 0.191401 2.378307 -0.024204
v 0.194685 2.379226 0.009828
v 0.172212 2.379864 0.040418
v 0.181270 2.380882 0.076547
v 0.165086 2.381554 0.106671
v 0.129585 2.381693 0.121924
v 0.116854 2.382461 0.154703
v 0.086659 2.382661 0.170766
v 0.050057 2.382248 0.165386
v 0.019867 2.382513 0.183920
v -0.014163 2.382172 0.180507
v -0.039567 2.381344 0.156155
v -0.077002 2.381020 0.154350
v -0.103396 2.380253 0.132611
v -0.109079 2.379283 0.097343
v -0.141102 2.378484 0.075959
v -0.150964 2.377551 0.043223
v -0.135048 2.376762 0.008772
v -0.150826 2.375762 -0.024829
v -0.140832 2.374976 -0.057529
v -0.108721 2.374629 -0.079703
v -0.102898 2.373770 -0.114043
v -0.076416 2.373396 -0.135684
v -0.038972 2.373605 -0.138261
v -0.013472 2.373179 -0.161612
v 0.020979 2.298809 -0.148311
v 0.055154 2.298766 -0.159517
v 0.087863 2.299270 -0.149533
v 0.107123 2.300155 -0.121301
v 0.144388 2.300685 -0.111622
v 0.166031 2.301541 -0.085153
v 0.164122 2.302460 -0.049688
v 0.191955 2.303387 -0.022234
v 0.195238 2.304307 0.011798
v 0.172765 2.304945 0.042388
v 0.181823 2.305962 0.078518
v 0.165640 2.306635 0.108642
v 0.130139 2.306774 0.123894
v 0.117408 2.307542 0.156674
v 0.087212 2.307741 0.172736
v 0.050611 2.307329 0.167356
v 0.020420 2.307594 0.185890
v -0.013610 2.307252 0.182477
v -0.039014 2.306425 0.158125
v -0.076449 2.306100 0.156320
v -0.102843 2.305334 0.134582
v -0.108525 2.304364 0.099313
v -0.140548 2.303565 0.077930
v -0.150410 2.302631 0.045193
v -0.134494 2.301843 0.010743
v -0.150273 2.300843 -0.022858
v -0.140278 2.300056 -0.055558
v -0.108167 2.299711 -0.077732
v -0.102344 2.298850 -0.112072
v -0.075863 2.298477 -0.133714
v -0.038419 2.298686 -0.136290
v -0.012919 2.298260 -0.159642
v 0.048297 1.709621 -0.181927
v 0.083164 1.708792 -0.171511
v 0.103835 1.707793 -0.141587
v 0.143549 1.706886 -0.131526
v 0.166745 1.705883 -0.103493
v 0.164936 1.705109 -0.065735
v 0.194724 1.703969 -0.036694
v 0.198432 1.703132 -0.000494
v 0.174710 1.702846 0.032210
v 0.184575 1.701855 0.070605
v 0.167543 1.701464 0.102772
v 0.129863 1.701769 0.119234
v 0.116521 1.701254 0.154205
v 0.084491 1.701443 0.171496
v 0.045510 1.702239 0.166006
v 0.013501 1.702371 0.185927
v -0.022731 1.703075 0.182514
v -0.049915 1.704099 0.156760
v -0.089760 1.704828 0.155080
v -0.117982 1.705810 0.132113
v -0.124250 1.706720 0.094612
v -0.158459 1.707798 0.072060
v -0.169158 1.708727 0.037281
v -0.152438 1.709221 0.000511
v -0.169438 1.710279 -0.035150
v -0.159008 1.710842 -0.070018
v -0.124978 1.710758 -0.093826
v -0.118998 1.711435 -0.130413
v -0.090954 1.711442 -0.153618
v -0.051127 1.710812 -0.156602
v -0.024139 1.710876 -0.181620
v 0.012002 1.709994 -0.169779
v 0.010678 1.633963 -0.171403
v 0.046973 1.633590 -0.183551
v 0.081840 1.632760 -0.173135
v 0.102511 1.631761 -0.143210
v 0.142224 1.630855 -0.133150
v 0.165421 1.629852 -0.105117
v 0.163612 1.629077 -0.067359
v 0.193400 1.627938 -0.038318
v 0.197107 1.627100 -0.002117
v 0.173386 1.626815 0.030586
v 0.183251 1.625823 0.068982
v 0.166219 1.625433 0.101148
v 0.128539 1.625738 0.117611
v 0.115197 1.625223 0.152581
v 0.083167 1.625412 0.169872
v 0.044186 1.626208 0.164382
v 0.012177 1.626340 0.184304
v -0.024055 1.627044 0.180890
v -0.051239 1.628067 0.155136
v -0.091085 1.628797 0.153456
v -0.119306 1.629779 0.130489
v -0.125574 1.630689 0.092988
v -0.159783 1.631767 0.070436
v -0.170482 1.632696 0.035657
v -0.153762 1.633190 -0.001113
v -0.170762 1.634248 -0.036774
v -0.160332 1.634811 -0.071642
v -0.126303 1.634726 -0.095450
v -0.120322 1.635404 -0.132037
v -0.092279 1.635411 -0.155242
v -0.052451 1.634781 -0.158226
v -0.025463 1.634845 -0.183244
v 0.035613 1.030163 -0.171807
v 0.069566 1.029583 -0.161663
v 0.089703 1.029257 -0.132520
v 0.128374 1.028595 -0.122722
v 0.150970 1.028225 -0.095422
v 0.149223 1.028284 -0.058650
v 0.178237 1.027804 -0.030368
v 0.181860 1.027769 0.004887
v 0.158776 1.028194 0.036736
v 0.168395 1.028057 0.074128
v 0.151824 1.028368 0.105454
v 0.115143 1.029016 0.121487
v 0.102166 1.029268 0.155544
v 0.070986 1.029821 0.172382
v 0.033030 1.030474 0.167036
v 0.001872 1.031029 0.186437
v -0.033407 1.031638 0.183113
v -0.059885 1.032077 0.158031
v -0.098681 1.032748 0.156395
v -0.126168 1.033206 0.134029
v -0.132284 1.033283 0.097507
v -0.165600 1.033843 0.075544
v -0.176030 1.033997 0.041674
v -0.159765 1.033687 0.005865
v -0.176330 1.033947 -0.028865
v -0.166188 1.033744 -0.062822
v -0.133064 1.033152 -0.086008
v -0.127254 1.033024 -0.121639
v -0.099959 1.032533 -0.144238
v -0.061182 1.031859 -0.147143
v -0.034914 1.031385 -0.171508
v 0.000279 1.030784 -0.159976
v -0.000867 0.964633 -0.159924
v 0.034468 0.964012 -0.171755
v 0.068420 0.963432 -0.161611
v 0.088558 0.963106 -0.132468
v 0.127228 0.962444 -0.122670
v 0.149824 0.962074 -0.095370
v 0.148077 0.962133 -0.058598
v 0.177091 0.961653 -0.030316
v 0.180715 0.961618 0.004939
v 0.157630 0.962042 0.036788
v 0.167249 0.961905 0.074180
v 0.150679 0.962217 0.105506
v 0.113997 0.962865 0.121539
v 0.101020 0.963117 0.155596
v 0.069840 0.963670 0.172435
v 0.031884 0.964323 0.167088
v 0.000726 0.964878 0.186489
v -0.034553 0.965487 0.183165
v -0.061030 0.965926 0.158083
v -0.099827 0.966596 0.156447
v -0.127313 0.967055 0.134081
v -0.133430 0.967132 0.097559
v -0.166746 0.967692 0.075596
v -0.177176 0.967846 0.041726
v -0.160910 0.967536 0.005917
v -0.177476 0.967796 -0.028813
v -0.167334 0.967593 -0.062770
v -0.134210 0.967001 -0.085956
v -0.128400 0.966873 -0.121587
v -0.101105 0.966382 -0.144186
v -0.062328 0.965708 -0.147091
v -0.036060 0.965234 -0.171456
v 0.036862 0.407678 -0.193856
v 0.072307 0.407678 -0.183104
v 0.093227 0.407678 -0.152557
v 0.133605 0.407678 -0.142145
v 0.157103 0.407678 -0.113513
v 0.155113 0.407678 -0.075089
v 0.185316 0.407678 -0.045402
v 0.188946 0.407678 -0.008540
v 0.164675 0.407678 0.024644
v 0.174564 0.407678 0.063766
v 0.157103 0.407678 0.096433
v 0.118689 0.407678 0.113026
v 0.104973 0.407678 0.148563
v 0.072307 0.407678 0.166023
v 0.032656 0.407678 0.160268
v 0.000000 0.407678 0.180406
v -0.036862 0.407678 0.176776
v -0.064427 0.407678 0.150445
v -0.104973 0.407678 0.148563
v -0.133605 0.407678 0.125065
v -0.139836 0.407678 0.086868
v -0.174564 0.407678 0.063766
v -0.185316 0.407678 0.028321
v -0.168154 0.407678 -0.009032
v -0.185316 0.407678 -0.045402
v -0.174564 0.407678 -0.080847
v -0.139836 0.407678 -0.104932
v -0.133605 0.407678 -0.142146
v -0.104973 0.407678 -0.165643
v -0.064427 0.407678 -0.168508
v -0.036861 0.407678 -0.193856
v -0.000125 0.407678 -0.181648
v 0.036862 0.302608 -0.193856
v 0.072307 0.302608 -0.183104
v 0.093227 0.302608 -0.152557
v 0.133605 0.302608 -0.142145
v 0.157103 0.302608 -0.113513
v 0.155113 0.302608 -0.075089
v 0.185316 0.302608 -0.045402
v 0.188946 0.302608 -0.008540
v 0.164675 0.302608 0.024644
v 0.174564 0.302608 0.063766
v 0.157103 0.302608 0.096433
v 0.118689 0.302608 0.113026
v 0.104973 0.302608 0.148563
v 0.072307 0.302608 0.166023
v 0.032656 0.302608 0.160268
v 0.000000 0.302608 0.180406
v -0.036862 0.302608 0.176776
v -0.064427 0.302608 0.150445
v -0.104973 0.302608 0.148563
v -0.133605 0.302608 0.125065
v -0.139836 0.302608 0.086868
v -0.174564 0.302608 0.063766
v -0.185316 0.302608 0.028321
v -0.168154 0.302608 -0.009032
v -0.185316 0.302608 -0.045402
v -0.174564 0.302608 -0.080847
v -0.139836 0.302608 -0.104932
v -0.133605 0.302608 -0.142146
v -0.104973 0.302608 -0.165643
v -0.064427 0.302608 -0.168508
v -0.036861 0.302608 -0.193856
v -0.000125 0.302608 -0.181648
v 0.015308 3.050800 -0.082584
v 0.037627 3.051295 -0.089899
v 0.058995 3.051164 -0.083381
v 0.071586 3.050436 -0.064952
v 0.095930 3.050337 -0.058634
v 0.110077 3.049671 -0.041356
v 0.108842 3.048628 -0.018205
v 0.127032 3.047965 -0.000284
v 0.129188 3.046988 0.021931
v 0.114520 3.045986 0.041900
v 0.120449 3.044977 0.065484
v 0.109888 3.044020 0.085148
v 0.086704 3.043401 0.095105
v 0.078400 3.042383 0.116502
v 0.058682 3.041766 0.126987
v 0.034772 3.041744 0.123475
v 0.015058 3.041055 0.135574
v -0.007172 3.040987 0.133346
v -0.023774 3.041573 0.117450
v -0.048227 3.041441 0.116271
v -0.065475 3.041945 0.102081
v -0.069199 3.042945 0.079059
v -0.090124 3.043411 0.065100
v -0.096577 3.044318 0.043731
v -0.086192 3.045400 0.021242
v -0.096511 3.046302 -0.000692
v -0.089994 3.047305 -0.022037
v -0.069027 3.048109 -0.036512
v -0.065235 3.049139 -0.058928
v -0.047944 3.049899 -0.073055
v -0.023487 3.050158 -0.074737
v -0.006838 3.050964 -0.089980
v 0.015019 3.081331 -0.027731
v 0.025916 3.081572 -0.031302
v 0.036348 3.081508 -0.028120
v 0.042495 3.081153 -0.019123
v 0.054380 3.081104 -0.016038
v 0.061287 3.080779 -0.007603
v 0.060684 3.080270 0.003700
v 0.069564 3.079946 0.012449
v 0.070617 3.079470 0.023295
v 0.063456 3.078980 0.033044
v 0.066350 3.078488 0.044558
v 0.061195 3.078021 0.054158
v 0.049876 3.077718 0.059019
v 0.045821 3.077221 0.069466
v 0.036195 3.076920 0.074585
v 0.024522 3.076909 0.072870
v 0.014897 3.076573 0.078777
v 0.004044 3.076540 0.077689
v -0.004061 3.076826 0.069928
v -0.015999 3.076761 0.069353
v -0.024420 3.077007 0.062425
v -0.026238 3.077496 0.051185
v -0.036454 3.077723 0.044371
v -0.039604 3.078166 0.033938
v -0.034535 3.078694 0.022959
v -0.039572 3.079134 0.012250
v -0.036390 3.079624 0.001829
v -0.026154 3.080016 -0.005238
v -0.024303 3.080519 -0.016182
v -0.015861 3.080891 -0.023079
v -0.003921 3.081017 -0.023900
v 0.004207 3.081411 -0.031342
v 0.014868 3.095006 0.016424
v 0.016466 3.095041 0.015900
v 0.017996 3.095032 0.016367
v 0.018897 3.094980 0.017686
v 0.020640 3.094973 0.018138
v 0.021653 3.094925 0.019375
v 0.021565 3.094851 0.021032
v 0.022867 3.094803 0.022315
v 0.023021 3.094733 0.023906
v 0.021971 3.094662 0.025335
v 0.022395 3.094589 0.027024
v 0.021639 3.094521 0.028432
v 0.019980 3.094476 0.029144
v 0.019385 3.094404 0.030676
v 0.017973 3.094359 0.031427
v 0.016262 3.094358 0.031175
v 0.014850 3.094309 0.032042
v 0.013259 3.094304 0.031882
v 0.012070 3.094346 0.030744
v 0.010320 3.094336 0.030660
v 0.009085 3.094373 0.029644
v 0.008818 3.094444 0.027996
v 0.007320 3.094477 0.026996
v 0.006858 3.094542 0.025467
v 0.007602 3.094620 0.023857
v 0.006863 3.094684 0.022286
v 0.007330 3.094756 0.020758
v 0.008831 3.094814 0.019722
v 0.009102 3.094887 0.018117
v 0.010340 3.094942 0.017106
v 0.012091 3.094960 0.016985
v 0.013283 3.095018 0.015894
v -0.000065 1.425619 -0.100896
v 0.008651 2.511179 -0.698561
v 0.019051 1.419550 -0.102621
v 0.025101 2.511076 -0.703964
v 0.037369 1.424895 -0.101102
v 0.040850 2.511396 -0.699170
v 0.048181 1.440081 -0.096786
v 0.050129 2.512034 -0.685592
v 0.069049 1.445257 -0.095315
v 0.068071 2.512363 -0.680946
v 0.081194 1.459491 -0.091269
v 0.078498 2.512975 -0.668217
v 0.080165 1.478592 -0.085840
v 0.077588 2.513683 -0.651152
v 0.095774 1.493351 -0.081646
v 0.090994 2.514337 -0.637951
v 0.097651 1.511676 -0.076438
v 0.092583 2.515035 -0.621577
v 0.085107 1.528172 -0.071749
v 0.081772 2.515571 -0.606851
v 0.090217 1.547621 -0.066221
v 0.086142 2.516332 -0.589469
v 0.081194 1.563861 -0.061606
v 0.078359 2.516881 -0.574970
v 0.061341 1.572110 -0.059261
v 0.061272 2.517060 -0.567620
v 0.054252 1.589776 -0.054240
v 0.055151 2.517675 -0.551843
v 0.037369 1.598456 -0.051773
v 0.040618 2.517890 -0.544105
v 0.016877 1.595595 -0.052586
v 0.022996 2.517649 -0.546683
v 0.000000 1.605606 -0.049741
v 0.008467 2.517914 -0.537755
v -0.019051 1.603801 -0.050254
v -0.007917 2.517723 -0.539387
v -0.033297 1.590711 -0.053974
v -0.020153 2.517140 -0.551096
v -0.054252 1.589776 -0.054240
v -0.038175 2.516969 -0.551953
v -0.069049 1.578094 -0.057560
v -0.050888 2.516435 -0.562405
v -0.072270 1.559106 -0.062957
v -0.053632 2.515704 -0.579373
v -0.090217 1.547621 -0.066221
v -0.069054 2.515157 -0.589652
v -0.095774 1.530000 -0.071229
v -0.073810 2.514462 -0.605400
v -0.086905 1.511431 -0.076507
v -0.066157 2.513825 -0.621982
v -0.095774 1.493351 -0.081646
v -0.073761 2.513091 -0.638144
v -0.090217 1.475730 -0.086654
v -0.068958 2.512467 -0.653882
v -0.072270 1.463756 -0.090057
v -0.053505 2.512136 -0.664561
v -0.069049 1.445257 -0.095315
v -0.050711 2.511465 -0.681086
v -0.054252 1.433575 -0.098635
v -0.037967 2.511124 -0.691507
v -0.033297 1.432151 -0.099040
v -0.019942 2.511207 -0.692759
v -0.019051 1.419550 -0.102621
v -0.007671 2.510828 -0.704002
v -0.000062 1.476505 -0.291060
v -0.000159 1.642321 -0.511104
v 0.006261 1.865847 -0.628834
v 0.011418 2.141612 -0.675753
v 0.028412 2.141097 -0.681413
v 0.024308 1.863406 -0.634492
v 0.017410 1.638047 -0.515324
v 0.018329 1.470550 -0.292752
v 0.044676 2.141787 -0.676391
v 0.041646 1.864969 -0.629427
v 0.034293 1.641304 -0.511330
v 0.035954 1.475795 -0.291261
v 0.054252 2.143469 -0.662165
v 0.051926 1.870099 -0.615134
v 0.044307 1.651155 -0.500309
v 0.046356 1.490697 -0.287026
v 0.072781 2.144158 -0.657299
v 0.071673 1.871561 -0.610223
v 0.063537 1.654265 -0.496417
v 0.066434 1.495776 -0.285582
v 0.083543 2.145749 -0.643962
v 0.083208 1.876336 -0.596821
v 0.074773 1.663468 -0.486071
v 0.078118 1.509745 -0.281613
v 0.082593 2.147767 -0.626083
v 0.082310 1.883033 -0.578876
v 0.073906 1.676069 -0.472322
v 0.077129 1.528489 -0.276285
v 0.096432 2.149437 -0.612253
v 0.097123 1.887933 -0.564974
v 0.088334 1.685569 -0.461571
v 0.092147 1.542972 -0.272169
v 0.098064 2.151392 -0.595098
v 0.098968 1.894311 -0.547752
v 0.090137 1.697616 -0.448359
v 0.093952 1.560955 -0.267058
v 0.086889 2.153057 -0.579669
v 0.087174 1.900289 -0.532282
v 0.078660 1.708667 -0.436577
v 0.081883 1.577143 -0.262457
v 0.091392 2.155153 -0.561459
v 0.092081 1.907006 -0.513996
v 0.083445 1.721408 -0.422530
v 0.086800 1.596229 -0.257032
v 0.083345 2.156814 -0.546267
v 0.083613 1.912835 -0.498759
v 0.075207 1.732239 -0.410906
v 0.078118 1.612165 -0.252503
v 0.065692 2.157555 -0.538566
v 0.064878 1.916052 -0.491055
v 0.056968 1.737960 -0.405122
v 0.059017 1.620260 -0.250202
v 0.059360 2.159380 -0.522037
v 0.058245 1.922348 -0.474473
v 0.050516 1.749702 -0.392455
v 0.052197 1.637596 -0.245275
v 0.044346 2.160187 -0.513930
v 0.042319 1.925666 -0.466356
v 0.035013 1.755665 -0.386337
v 0.035954 1.646114 -0.242854
v 0.026146 2.159746 -0.516630
v 0.022936 1.925007 -0.469092
v 0.016140 1.754075 -0.388559
v 0.016238 1.643306 -0.243652
v 0.011134 2.160694 -0.507276
v 0.007020 1.928790 -0.459725
v 0.000647 1.760915 -0.381482
v 0.000000 1.653131 -0.240860
v -0.005787 2.160374 -0.508986
v -0.010996 1.928477 -0.461465
v -0.016895 1.760000 -0.382932
v -0.018329 1.651360 -0.241363
v -0.018419 2.158891 -0.521253
v -0.024514 1.924138 -0.473797
v -0.030062 1.751580 -0.392471
v -0.032036 1.638514 -0.245014
v -0.037033 2.158651 -0.522151
v -0.044327 1.924160 -0.474724
v -0.049353 1.751266 -0.393310
v -0.052197 1.637596 -0.245275
v -0.050157 2.157313 -0.533101
v -0.058361 1.920322 -0.485734
v -0.063021 1.743782 -0.401839
v -0.066434 1.626133 -0.248533
v -0.052982 2.155278 -0.550878
v -0.061479 1.913736 -0.503582
v -0.066064 1.731316 -0.415539
v -0.069532 1.607499 -0.253829
v -0.068904 2.153940 -0.561647
v -0.078490 1.910019 -0.514414
v -0.082631 1.724008 -0.423951
v -0.086800 1.596229 -0.257032
v -0.073807 2.152035 -0.578147
v -0.083811 1.903950 -0.530983
v -0.087819 1.712477 -0.436685
v -0.092147 1.578937 -0.261947
v -0.065893 2.150126 -0.595519
v -0.075499 1.897308 -0.548409
v -0.079733 1.700114 -0.449988
v -0.083613 1.560715 -0.267126
v -0.073738 2.148149 -0.612453
v -0.083953 1.891133 -0.565417
v -0.087971 1.688328 -0.463079
v -0.092147 1.542972 -0.272169
v -0.068767 2.146318 -0.628940
v -0.078768 1.884878 -0.581960
v -0.082930 1.676638 -0.475726
v -0.086800 1.525680 -0.277083
v -0.052800 2.145169 -0.640130
v -0.061848 1.880391 -0.593169
v -0.066460 1.668490 -0.484207
v -0.069532 1.513931 -0.280423
v -0.049904 2.143230 -0.657443
v -0.058876 1.873867 -0.610543
v -0.063573 1.656254 -0.497505
v -0.066434 1.495776 -0.285582
v -0.036736 2.142091 -0.668362
v -0.044932 1.869535 -0.621484
v -0.050001 1.648344 -0.505801
v -0.052197 1.484313 -0.288841
v -0.018117 2.142081 -0.669673
v -0.025129 1.868687 -0.622774
v -0.030720 1.647103 -0.506662
v -0.032036 1.482915 -0.289238
v -0.005437 2.140841 -0.681453
v -0.011710 1.864042 -0.634580
v -0.017659 1.638595 -0.515624
v -0.018329 1.470550 -0.292752
v 0.011269 2.162054 -0.685230
v 0.030122 2.161497 -0.691387
v 0.048167 2.162250 -0.685923
v 0.058792 2.164082 -0.670449
v 0.079351 2.164834 -0.665154
v 0.091291 2.166566 -0.650647
v 0.090238 2.168762 -0.631199
v 0.105593 2.170580 -0.616154
v 0.107404 2.172707 -0.597493
v 0.095006 2.174516 -0.580710
v 0.100003 2.176797 -0.560901
v 0.091075 2.178603 -0.544376
v 0.071490 2.179406 -0.536000
v 0.064466 2.181390 -0.518020
v 0.047808 2.182266 -0.509202
v 0.027616 2.181782 -0.512139
v 0.010960 2.182811 -0.501965
v -0.007814 2.182461 -0.503825
v -0.021829 2.180845 -0.517169
v -0.042481 2.180581 -0.518146
v -0.057042 2.179124 -0.530057
v -0.060177 2.176910 -0.549395
v -0.077843 2.175452 -0.561110
v -0.083284 2.173378 -0.579058
v -0.074503 2.171303 -0.597955
v -0.083208 2.169152 -0.616376
v -0.077695 2.167161 -0.634311
v -0.059979 2.165914 -0.646481
v -0.056767 2.163805 -0.665314
v -0.042158 2.162568 -0.677191
v -0.021500 2.162560 -0.678617
v -0.007432 2.161213 -0.691431
v 0.011574 2.120971 -0.680576
v 0.030428 2.120414 -0.686733
v 0.048473 2.121167 -0.681270
v 0.059098 2.122999 -0.665795
v 0.079656 2.123751 -0.660501
v 0.091597 2.125483 -0.645993
v 0.090543 2.127678 -0.626545
v 0.105898 2.129497 -0.611500
v 0.107710 2.131624 -0.592839
v 0.095312 2.133433 -0.576056
v 0.100309 2.135714 -0.556247
v 0.091381 2.137519 -0.539723
v 0.071795 2.138323 -0.531346
v 0.064772 2.140307 -0.513367
v 0.048113 2.141182 -0.504548
v 0.027921 2.140699 -0.507485
v 0.011265 2.141728 -0.497311
v -0.007508 2.141378 -0.499171
v -0.021523 2.139762 -0.512516
v -0.042175 2.139498 -0.513492
v -0.056737 2.138041 -0.525404
v -0.059871 2.135827 -0.544742
v -0.077538 2.134368 -0.556456
v -0.082979 2.132295 -0.574404
v -0.074198 2.130219 -0.593302
v -0.082903 2.128068 -0.611722
v -0.077389 2.126078 -0.629657
v -0.059674 2.124831 -0.641828
v -0.056462 2.122721 -0.660661
v -0.041852 2.121485 -0.672538
v -0.021195 2.121477 -0.673964
v -0.007127 2.120130 -0.686778
v 0.026645 1.881864 -0.650023
v 0.045880 1.883558 -0.644513
v 0.057284 1.889135 -0.628964
v 0.079193 1.890717 -0.623621
v 0.091990 1.895907 -0.609042
v 0.090992 1.903192 -0.589522
v 0.107426 1.908517 -0.574399
v 0.109471 1.915453 -0.555665
v 0.096385 1.921961 -0.538837
v 0.101827 1.929265 -0.518947
v 0.092431 1.935610 -0.502373
v 0.071643 1.939116 -0.493993
v 0.064283 1.945968 -0.475955
v 0.046612 1.949583 -0.467127
v 0.025107 1.948874 -0.470104
v 0.007448 1.952995 -0.459916
v -0.012540 1.952662 -0.461809
v -0.027537 1.947946 -0.475224
v -0.049519 1.947979 -0.476234
v -0.065089 1.943809 -0.488211
v -0.068546 1.936645 -0.507626
v -0.087419 1.932609 -0.519410
v -0.093321 1.926009 -0.537433
v -0.084097 1.918780 -0.556389
v -0.093476 1.912067 -0.574891
v -0.087722 1.905261 -0.592885
v -0.068948 1.900373 -0.605077
v -0.065649 1.893276 -0.623976
v -0.050178 1.888558 -0.635877
v -0.028206 1.887628 -0.637278
v -0.013317 1.882570 -0.650120
v 0.006621 1.884527 -0.643869
v 0.005891 1.845209 -0.629231
v 0.025914 1.842546 -0.635385
v 0.045150 1.844240 -0.629875
v 0.056554 1.849816 -0.614327
v 0.078463 1.851399 -0.608983
v 0.091260 1.856588 -0.594405
v 0.090262 1.863874 -0.574885
v 0.106696 1.869199 -0.559761
v 0.108741 1.876135 -0.541027
v 0.095654 1.882643 -0.524199
v 0.101096 1.889947 -0.504309
v 0.091700 1.896292 -0.487735
v 0.070913 1.899798 -0.479355
v 0.063552 1.906650 -0.461318
v 0.045882 1.910264 -0.452490
v 0.024377 1.909556 -0.455467
v 0.006718 1.913677 -0.445278
v -0.013271 1.913343 -0.447172
v -0.028268 1.908628 -0.460586
v -0.050250 1.908660 -0.461596
v -0.065819 1.904491 -0.473573
v -0.069277 1.897327 -0.492988
v -0.088149 1.893291 -0.504772
v -0.094052 1.886690 -0.522796
v -0.084828 1.879462 -0.541751
v -0.094207 1.872748 -0.560253
v -0.088453 1.865942 -0.578248
v -0.069679 1.861055 -0.590439
v -0.066379 1.853958 -0.609338
v -0.050908 1.849240 -0.621239
v -0.028937 1.848310 -0.622641
v -0.014048 1.843252 -0.635483
v 0.019647 1.647645 -0.534819
v 0.038378 1.651184 -0.530471
v 0.049488 1.661895 -0.518481
v 0.070822 1.665272 -0.514244
v 0.083288 1.675280 -0.502987
v 0.082324 1.688987 -0.488032
v 0.098330 1.699316 -0.476334
v 0.100329 1.712420 -0.461962
v 0.087594 1.724444 -0.449148
v 0.092901 1.738303 -0.433867
v 0.083759 1.750086 -0.421225
v 0.063522 1.756316 -0.414936
v 0.056363 1.769092 -0.401158
v 0.039162 1.775583 -0.394506
v 0.018222 1.773860 -0.396926
v 0.001033 1.781305 -0.389231
v -0.018430 1.780316 -0.390811
v -0.033037 1.771161 -0.401190
v -0.054440 1.770826 -0.402106
v -0.069604 1.762690 -0.411387
v -0.072979 1.749131 -0.426290
v -0.091359 1.741186 -0.435444
v -0.097113 1.728646 -0.449296
v -0.088139 1.715194 -0.463766
v -0.097278 1.702377 -0.478007
v -0.091683 1.689659 -0.491763
v -0.073409 1.680790 -0.500986
v -0.070204 1.667479 -0.515450
v -0.055146 1.658870 -0.524472
v -0.033753 1.657514 -0.525405
v -0.019262 1.648254 -0.535152
v 0.000154 1.652301 -0.530231
v -0.000478 1.625377 -0.505595
v 0.019015 1.620722 -0.510182
v 0.037746 1.624260 -0.505835
v 0.048856 1.634972 -0.493844
v 0.070190 1.638348 -0.489607
v 0.082656 1.648356 -0.478350
v 0.081692 1.662064 -0.463395
v 0.097698 1.672392 -0.451697
v 0.099697 1.685496 -0.437325
v 0.086962 1.697521 -0.424511
v 0.092269 1.711379 -0.409231
v 0.083127 1.723163 -0.396588
v 0.062890 1.729393 -0.390299
v 0.055731 1.742168 -0.376521
v 0.038530 1.748659 -0.369869
v 0.017590 1.746936 -0.372290
v 0.000401 1.754381 -0.364594
v -0.019062 1.753392 -0.366175
v -0.033669 1.744238 -0.376553
v -0.055073 1.743902 -0.377469
v -0.070237 1.735766 -0.386750
v -0.073611 1.722208 -0.401653
v -0.091991 1.714263 -0.410807
v -0.097745 1.701722 -0.424660
v -0.088772 1.688271 -0.439129
v -0.097911 1.675453 -0.453371
v -0.092315 1.662735 -0.467126
v -0.074041 1.653866 -0.476349
v -0.070836 1.640555 -0.490813
v -0.055778 1.631946 -0.499835
v -0.034385 1.630590 -0.500768
v -0.019894 1.621331 -0.510515
v 0.020336 1.470290 -0.322017
v 0.039890 1.475996 -0.320395
v 0.051432 1.492206 -0.315788
v 0.073708 1.497731 -0.314218
v 0.086671 1.512926 -0.309899
v 0.085573 1.533316 -0.304104
v 0.102236 1.549070 -0.299626
v 0.104238 1.568631 -0.294067
v 0.090848 1.586241 -0.289062
v 0.096304 1.607002 -0.283161
v 0.086671 1.624337 -0.278234
v 0.065479 1.633142 -0.275732
v 0.057912 1.652000 -0.270372
v 0.039890 1.661266 -0.267738
v 0.018015 1.658212 -0.268606
v 0.000000 1.668898 -0.265569
v -0.020336 1.666972 -0.266117
v -0.035543 1.652999 -0.270088
v -0.057912 1.652000 -0.270372
v -0.073708 1.639531 -0.273916
v -0.077145 1.619261 -0.279677
v -0.096304 1.607002 -0.283161
v -0.102236 1.588192 -0.288507
v -0.092768 1.568370 -0.294141
v -0.102236 1.549070 -0.299626
v -0.096304 1.530260 -0.304972
v -0.077145 1.517479 -0.308605
v -0.073708 1.497731 -0.314218
v -0.057912 1.485262 -0.317762
v -0.035543 1.483742 -0.318194
v -0.020336 1.470290 -0.322017
v -0.000069 1.476769 -0.320175
v 0.020336 1.454443 -0.266259
v 0.039890 1.460149 -0.264638
v 0.051432 1.476359 -0.260030
v 0.073708 1.481884 -0.258460
v 0.086671 1.497078 -0.254142
v 0.085573 1.517469 -0.248346
v 0.102236 1.533223 -0.243869
v 0.104238 1.552784 -0.238309
v 0.090848 1.570394 -0.233304
v 0.096304 1.591155 -0.227404
v 0.086671 1.608490 -0.222477
v 0.065479 1.617295 -0.219974
v 0.057912 1.636153 -0.214614
v 0.039890 1.645419 -0.211981
v 0.018015 1.642365 -0.212849
v 0.000000 1.653051 -0.209812
v -0.020336 1.651125 -0.210359
v -0.035543 1.637152 -0.214331
v -0.057912 1.636153 -0.214614
v -0.073708 1.623684 -0.218158
v -0.077145 1.603414 -0.223919
v -0.096304 1.591155 -0.227404
v -0.102236 1.572345 -0.232750
v -0.092768 1.552523 -0.238383
v -0.102236 1.533223 -0.243869
v -0.096304 1.514413 -0.249215
v -0.077145 1.501632 -0.252847
v -0.073708 1.481884 -0.258460
v -0.057912 1.469415 -0.262004
v -0.035543 1.467894 -0.262436
v -0.020336 1.454443 -0.266259
v -0.000069 1.460922 -0.264418
v 0.008445 2.537414 -0.680292
v 0.020758 2.537337 -0.684336
v 0.032547 2.537576 -0.680748
v 0.039493 2.538054 -0.670584
v 0.052923 2.538301 -0.667107
v 0.060728 2.538758 -0.657578
v 0.060046 2.539288 -0.644805
v 0.070081 2.539778 -0.634923
v 0.071271 2.540300 -0.622667
v 0.063179 2.540701 -0.611644
v 0.066450 2.541270 -0.598633
v 0.060623 2.541681 -0.587780
v 0.047833 2.541816 -0.582278
v 0.043252 2.542276 -0.570469
v 0.032374 2.542437 -0.564677
v 0.019183 2.542257 -0.566606
v 0.008307 2.542455 -0.559923
v -0.003957 2.542312 -0.561145
v -0.013116 2.541876 -0.569910
v -0.026606 2.541747 -0.570551
v -0.036122 2.541348 -0.578374
v -0.038176 2.540801 -0.591076
v -0.049720 2.540391 -0.598770
v -0.053280 2.539871 -0.610558
v -0.047551 2.539394 -0.622970
v -0.053243 2.538845 -0.635068
v -0.049648 2.538378 -0.646848
v -0.038081 2.538130 -0.654842
v -0.035989 2.537628 -0.667211
v -0.026450 2.537373 -0.675012
v -0.012957 2.537435 -0.675949
v -0.003773 2.537151 -0.684365
v 0.008286 2.556808 -0.651599
v 0.014297 2.556771 -0.653573
v 0.020053 2.556887 -0.651821
v 0.023444 2.557121 -0.646859
v 0.030001 2.557241 -0.645161
v 0.033811 2.557465 -0.640510
v 0.033478 2.557723 -0.634273
v 0.038378 2.557962 -0.629449
v 0.038958 2.558217 -0.623465
v 0.035007 2.558413 -0.618084
v 0.036604 2.558691 -0.611732
v 0.033760 2.558892 -0.606433
v 0.027516 2.558957 -0.603747
v 0.025279 2.559182 -0.597982
v 0.019968 2.559260 -0.595154
v 0.013528 2.559173 -0.596096
v 0.008218 2.559269 -0.592833
v 0.002231 2.559199 -0.593429
v -0.002240 2.558987 -0.597709
v -0.008827 2.558924 -0.598022
v -0.013472 2.558729 -0.601841
v -0.014475 2.558462 -0.608042
v -0.020111 2.558262 -0.611798
v -0.021849 2.558008 -0.617554
v -0.019052 2.557775 -0.623613
v -0.021831 2.557507 -0.629520
v -0.020076 2.557279 -0.635271
v -0.014429 2.557158 -0.639174
v -0.013407 2.556912 -0.645212
v -0.008750 2.556788 -0.649021
v -0.002163 2.556818 -0.649478
v 0.002321 2.556680 -0.653587
v 0.008203 2.566429 -0.627982
v 0.009084 2.566423 -0.628272
v 0.009928 2.566441 -0.628015
v 0.010425 2.566475 -0.627287
v 0.011387 2.566493 -0.627038
v 0.011946 2.566525 -0.626356
v 0.011897 2.566563 -0.625442
v 0.012615 2.566598 -0.624734
v 0.012700 2.566636 -0.623857
v 0.012121 2.566664 -0.623068
v 0.012355 2.566705 -0.622136
v 0.011938 2.566735 -0.621359
v 0.011022 2.566744 -0.620965
v 0.010694 2.566777 -0.620120
v 0.009916 2.566789 -0.619705
v 0.008971 2.566776 -0.619843
v 0.008193 2.566790 -0.619365
v 0.007315 2.566780 -0.619453
v 0.006659 2.566749 -0.620080
v 0.005693 2.566739 -0.620126
v 0.005012 2.566711 -0.620686
v 0.004865 2.566671 -0.621595
v 0.004039 2.566642 -0.622146
v 0.003784 2.566605 -0.622990
v 0.004194 2.566571 -0.623879
v 0.003786 2.566531 -0.624745
v 0.004044 2.566498 -0.625588
v 0.004872 2.566480 -0.626160
v 0.005022 2.566444 -0.627046
v 0.005704 2.566426 -0.627604
v 0.006670 2.566431 -0.627671
v 0.007328 2.566410 -0.628274
v 0.023977 1.118173 0.076984
v 0.015262 2.203733 0.674649
v 0.004862 1.112104 0.078709
v -0.001188 2.203630 0.680052
v -0.013457 1.117449 0.077190
v -0.016937 2.203949 0.675257
v -0.024269 1.132635 0.072874
v -0.026216 2.204588 0.661679
v -0.045137 1.137810 0.071403
v -0.044159 2.204917 0.657034
v -0.057281 1.152044 0.067357
v -0.054585 2.205529 0.644305
v -0.056253 1.171146 0.061928
v -0.053675 2.206237 0.627240
v -0.071862 1.185904 0.057733
v -0.067081 2.206891 0.614038
v -0.073738 1.204229 0.052525
v -0.068671 2.207589 0.597664
v -0.061194 1.220726 0.047837
v -0.057860 2.208124 0.582938
v -0.066305 1.240175 0.042309
v -0.062230 2.208885 0.565557
v -0.057281 1.256414 0.037694
v -0.054446 2.209434 0.551057
v -0.037428 1.264663 0.035349
v -0.037359 2.209614 0.543707
v -0.030339 1.282330 0.030328
v -0.031239 2.210228 0.527931
v -0.013457 1.291010 0.027861
v -0.016706 2.210443 0.520193
v 0.007035 1.288148 0.028674
v 0.000916 2.210203 0.522770
v 0.023912 1.298160 0.025829
v 0.015446 2.210468 0.513843
v 0.042963 1.296355 0.026342
v 0.031829 2.210276 0.515474
v 0.057209 1.283265 0.030062
v 0.044065 2.209694 0.527184
v 0.078164 1.282330 0.030328
v 0.062088 2.209522 0.528041
v 0.092962 1.270648 0.033648
v 0.074800 2.208989 0.538492
v 0.096182 1.251660 0.039045
v 0.077545 2.208258 0.555460
v 0.114130 1.240175 0.042309
v 0.092967 2.207711 0.565739
v 0.119687 1.222554 0.047317
v 0.097723 2.207016 0.581488
v 0.110817 1.203985 0.052595
v 0.090069 2.206378 0.598069
v 0.119687 1.185904 0.057733
v 0.097674 2.205644 0.614232
v 0.114130 1.168284 0.062742
v 0.092871 2.205021 0.629969
v 0.096182 1.156310 0.066145
v 0.077418 2.204690 0.640648
v 0.092962 1.137810 0.071403
v 0.074623 2.204019 0.657173
v 0.078164 1.126129 0.074723
v 0.061880 2.203678 0.667595
v 0.057209 1.124705 0.075127
v 0.043854 2.203761 0.668846
v 0.042963 1.112104 0.078709
v 0.031584 2.203382 0.680090
v 0.023975 1.169059 0.267147
v 0.024072 1.334874 0.487192
v 0.017651 1.558401 0.604921
v 0.012494 1.834166 0.651840
v -0.004499 1.833651 0.657501
v -0.000396 1.555960 0.610579
v 0.006503 1.330600 0.491412
v 0.005583 1.163104 0.268840
v -0.020763 1.834340 0.652479
v -0.017733 1.557523 0.605515
v -0.010380 1.333858 0.487418
v -0.012041 1.168349 0.267349
v -0.030340 1.836023 0.638253
v -0.028013 1.562653 0.591222
v -0.020395 1.343709 0.476397
v -0.022444 1.183251 0.263114
v -0.048869 1.836712 0.633386
v -0.047761 1.564115 0.586311
v -0.039624 1.346818 0.472505
v -0.042522 1.188330 0.261670
v -0.059631 1.838303 0.620050
v -0.059296 1.568889 0.572909
v -0.050861 1.356022 0.462158
v -0.054206 1.202298 0.257700
v -0.058681 1.840321 0.602171
v -0.058398 1.575587 0.554964
v -0.049994 1.368623 0.448410
v -0.053216 1.221043 0.252373
v -0.072520 1.841990 0.588340
v -0.073211 1.580487 0.541062
v -0.064422 1.378123 0.437658
v -0.068234 1.235526 0.248256
v -0.074152 1.843946 0.571185
v -0.075056 1.586864 0.523840
v -0.066225 1.390170 0.424447
v -0.070040 1.253509 0.243145
v -0.062976 1.845610 0.555757
v -0.063262 1.592843 0.508369
v -0.054748 1.401221 0.412665
v -0.057971 1.269697 0.238544
v -0.067480 1.847707 0.537546
v -0.068168 1.599559 0.490084
v -0.059532 1.413962 0.398618
v -0.062888 1.288783 0.233120
v -0.059432 1.849368 0.522355
v -0.059701 1.605389 0.474847
v -0.051294 1.424792 0.386994
v -0.054206 1.304719 0.228591
v -0.041779 1.850109 0.514654
v -0.040965 1.608606 0.467142
v -0.033055 1.430514 0.381210
v -0.035105 1.312814 0.226290
v -0.035448 1.851934 0.498125
v -0.034332 1.614902 0.450560
v -0.026604 1.442256 0.368543
v -0.028284 1.330150 0.221363
v -0.020433 1.852741 0.490018
v -0.018406 1.618220 0.442444
v -0.011101 1.448219 0.362424
v -0.012041 1.338668 0.218941
v -0.002234 1.852300 0.492717
v 0.000977 1.617561 0.445180
v 0.007773 1.446629 0.364647
v 0.007675 1.335860 0.219740
v 0.012779 1.853248 0.483364
v 0.016892 1.621344 0.435813
v 0.023265 1.453468 0.357569
v 0.023912 1.345685 0.216947
v 0.029700 1.852928 0.485073
v 0.034908 1.621031 0.437552
v 0.040807 1.452554 0.359019
v 0.042242 1.343914 0.217451
v 0.042331 1.851445 0.497341
v 0.048427 1.616691 0.449884
v 0.053974 1.444134 0.368558
v 0.055948 1.331068 0.221102
v 0.060945 1.851205 0.498238
v 0.068239 1.616714 0.450812
v 0.073265 1.443819 0.369397
v 0.076109 1.330150 0.221363
v 0.074069 1.849867 0.509188
v 0.082273 1.612876 0.461821
v 0.086934 1.436335 0.377926
v 0.090347 1.318687 0.224621
v 0.076894 1.847832 0.526966
v 0.085391 1.606290 0.479670
v 0.089977 1.423870 0.391627
v 0.093445 1.300053 0.229917
v 0.092817 1.846494 0.537735
v 0.102402 1.602573 0.490502
v 0.106544 1.416561 0.400039
v 0.110713 1.288783 0.233120
v 0.097720 1.844588 0.554234
v 0.107724 1.596503 0.507070
v 0.111732 1.405031 0.412773
v 0.116059 1.271491 0.238034
v 0.089805 1.842679 0.571607
v 0.099411 1.589861 0.524497
v 0.103645 1.392668 0.426076
v 0.107526 1.253269 0.243213
v 0.097650 1.840703 0.588540
v 0.107866 1.583686 0.541505
v 0.111884 1.380882 0.439167
v 0.116059 1.235526 0.248256
v 0.092680 1.838872 0.605028
v 0.102681 1.577431 0.558048
v 0.106842 1.369192 0.451813
v 0.110713 1.218234 0.253171
v 0.076713 1.837723 0.616217
v 0.085761 1.572944 0.569256
v 0.090372 1.361044 0.460295
v 0.093445 1.206484 0.256510
v 0.073817 1.835784 0.633530
v 0.082788 1.566421 0.586630
v 0.087485 1.348808 0.473592
v 0.090346 1.188330 0.261670
v 0.060648 1.834645 0.644449
v 0.068845 1.562089 0.597571
v 0.073914 1.340898 0.481888
v 0.076109 1.176867 0.264928
v 0.042030 1.834635 0.645760
v 0.049041 1.561241 0.598861
v 0.054632 1.339657 0.482749
v 0.055948 1.175469 0.265325
v 0.029349 1.833395 0.657541
v 0.035623 1.556596 0.610668
v 0.041572 1.331149 0.491712
v 0.042241 1.163104 0.268840
v 0.012644 1.854608 0.661317
v -0.006210 1.854051 0.667475
v -0.024255 1.854804 0.662011
v -0.034880 1.856636 0.646536
v -0.055438 1.857388 0.641242
v -0.067379 1.859120 0.626735
v -0.066326 1.861315 0.607286
v -0.081680 1.863134 0.592241
v -0.083492 1.865261 0.573580
v -0.071094 1.867070 0.556798
v -0.076091 1.869351 0.536989
v -0.067163 1.871156 0.520464
v -0.047578 1.871960 0.512088
v -0.040554 1.873944 0.494108
v -0.023896 1.874819 0.485289
v -0.003703 1.874336 0.488227
v 0.012952 1.875365 0.478052
v 0.031726 1.875015 0.479912
v 0.045741 1.873399 0.493257
v 0.066393 1.873135 0.494234
v 0.080954 1.871677 0.506145
v 0.084089 1.869464 0.525483
v 0.101756 1.868005 0.537198
v 0.107197 1.865932 0.555146
v 0.098416 1.863856 0.574043
v 0.107121 1.861705 0.592463
v 0.101607 1.859715 0.610398
v 0.083892 1.858468 0.622569
v 0.080680 1.856358 0.641402
v 0.066070 1.855121 0.653279
v 0.045413 1.855114 0.654705
v 0.031345 1.853767 0.667519
v 0.012339 1.813525 0.656664
v -0.006515 1.812968 0.662821
v -0.024560 1.813720 0.657357
v -0.035185 1.815552 0.641882
v -0.055744 1.816305 0.636588
v -0.067684 1.818037 0.622081
v -0.066631 1.820232 0.602633
v -0.081986 1.822050 0.587587
v -0.083797 1.824178 0.568927
v -0.071399 1.825987 0.552144
v -0.076396 1.828268 0.532335
v -0.067468 1.830073 0.515810
v -0.047883 1.830876 0.507434
v -0.040859 1.832861 0.489454
v -0.024201 1.833736 0.480636
v -0.004009 1.833253 0.483573
v 0.012647 1.834282 0.473399
v 0.031421 1.833932 0.475258
v 0.045436 1.832316 0.488603
v 0.066088 1.832052 0.489580
v 0.080649 1.830594 0.501491
v 0.083784 1.828380 0.520829
v 0.101450 1.826922 0.532544
v 0.106891 1.824849 0.550492
v 0.098111 1.822773 0.569389
v 0.106815 1.820622 0.587809
v 0.101302 1.818631 0.605745
v 0.083587 1.817384 0.617915
v 0.080374 1.815275 0.636748
v 0.065765 1.814038 0.648625
v 0.045108 1.814030 0.650051
v 0.031039 1.812683 0.662865
v -0.002732 1.574418 0.626110
v -0.021968 1.576112 0.620600
v -0.033372 1.581689 0.605052
v -0.055281 1.583271 0.599709
v -0.068078 1.588460 0.585130
v -0.067080 1.595746 0.565610
v -0.083514 1.601071 0.550486
v -0.085559 1.608007 0.531753
v -0.072472 1.614515 0.514925
v -0.077914 1.621819 0.495034
v -0.068518 1.628164 0.478460
v -0.047731 1.631670 0.470080
v -0.040370 1.638522 0.452043
v -0.022700 1.642137 0.443215
v -0.001195 1.641428 0.446192
v 0.016464 1.645549 0.436003
v 0.036453 1.645216 0.437897
v 0.051450 1.640500 0.451312
v 0.073432 1.640532 0.452322
v 0.089001 1.636363 0.464299
v 0.092459 1.629199 0.483714
v 0.111331 1.625163 0.495498
v 0.117234 1.618562 0.513521
v 0.108010 1.611334 0.532477
v 0.117389 1.604620 0.550978
v 0.111635 1.597814 0.568973
v 0.092861 1.592927 0.581164
v 0.089561 1.585830 0.600063
v 0.074090 1.581112 0.611964
v 0.052118 1.580182 0.613366
v 0.037230 1.575124 0.626208
v 0.017291 1.577081 0.619957
v 0.018022 1.537763 0.605319
v -0.002002 1.535100 0.611472
v -0.021237 1.536794 0.605962
v -0.032641 1.542370 0.590414
v -0.054550 1.543952 0.585071
v -0.067347 1.549142 0.570492
v -0.066349 1.556428 0.550972
v -0.082783 1.561753 0.535848
v -0.084828 1.568689 0.517115
v -0.071742 1.575197 0.500287
v -0.077184 1.582501 0.480396
v -0.067788 1.588845 0.463822
v -0.047000 1.592352 0.455443
v -0.039640 1.599203 0.437405
v -0.021969 1.602818 0.428577
v -0.000464 1.602109 0.431554
v 0.017195 1.606231 0.421366
v 0.037183 1.605897 0.423259
v 0.052180 1.601182 0.436674
v 0.074162 1.601214 0.437684
v 0.089732 1.597044 0.449661
v 0.093189 1.589881 0.469076
v 0.112062 1.585844 0.480860
v 0.117964 1.579244 0.498883
v 0.108740 1.572016 0.517839
v 0.118119 1.565302 0.536341
v 0.112365 1.558496 0.554335
v 0.093591 1.553609 0.566527
v 0.090292 1.546511 0.585426
v 0.074821 1.541793 0.597327
v 0.052849 1.540863 0.598728
v 0.037960 1.535806 0.611570
v 0.004265 1.340199 0.510906
v -0.014466 1.343738 0.506559
v -0.025575 1.354449 0.494568
v -0.046909 1.357825 0.490331
v -0.059375 1.367833 0.479074
v -0.058411 1.381541 0.464119
v -0.074418 1.391869 0.452421
v -0.076417 1.404974 0.438049
v -0.063682 1.416998 0.425236
v -0.068988 1.430856 0.409955
v -0.059846 1.442640 0.397312
v -0.039610 1.448870 0.391023
v -0.032451 1.461645 0.377246
v -0.015249 1.468137 0.370593
v 0.005690 1.466413 0.373014
v 0.022880 1.473859 0.365319
v 0.042342 1.472870 0.366899
v 0.056950 1.463715 0.377278
v 0.078353 1.463380 0.378194
v 0.093517 1.455243 0.387474
v 0.096891 1.441685 0.402378
v 0.115271 1.433740 0.411532
v 0.121025 1.421199 0.425384
v 0.112052 1.407748 0.439853
v 0.121191 1.394931 0.454095
v 0.115596 1.382212 0.467850
v 0.097322 1.373343 0.477073
v 0.094117 1.360032 0.491538
v 0.079058 1.351423 0.500560
v 0.057665 1.350068 0.501492
v 0.043174 1.340808 0.511239
v 0.023758 1.344855 0.506319
v 0.024391 1.317931 0.481682
v 0.004897 1.313276 0.486270
v -0.013834 1.316814 0.481922
v -0.024943 1.327526 0.469931
v -0.046277 1.330902 0.465694
v -0.058743 1.340910 0.454438
v -0.057779 1.354617 0.439483
v -0.073786 1.364946 0.427785
v -0.075785 1.378050 0.413413
v -0.063049 1.390075 0.400599
v -0.068356 1.403933 0.385318
v -0.059214 1.415717 0.372675
v -0.038978 1.421946 0.366387
v -0.031819 1.434722 0.352609
v -0.014617 1.441213 0.345957
v 0.006322 1.439490 0.348377
v 0.023512 1.446935 0.340682
v 0.042974 1.445946 0.342262
v 0.057582 1.436792 0.352641
v 0.078985 1.436456 0.353557
v 0.094149 1.428320 0.362837
v 0.097523 1.414761 0.377741
v 0.115903 1.406817 0.386895
v 0.121658 1.394276 0.400747
v 0.112684 1.380825 0.415217
v 0.121823 1.368007 0.429458
v 0.116228 1.355289 0.443214
v 0.097954 1.346420 0.452437
v 0.094749 1.333109 0.466901
v 0.079690 1.324500 0.475923
v 0.058298 1.323144 0.476855
v 0.043806 1.313885 0.486602
v 0.003577 1.162844 0.298104
v -0.015978 1.168550 0.296483
v -0.027519 1.184760 0.291875
v -0.049795 1.190285 0.290305
v -0.062759 1.205479 0.285987
v -0.061661 1.225870 0.280191
v -0.078323 1.241624 0.275714
v -0.080326 1.261185 0.270154
v -0.066936 1.278795 0.265149
v -0.072391 1.299556 0.259249
v -0.062759 1.316890 0.254322
v -0.041566 1.325696 0.251819
v -0.033999 1.344554 0.246459
v -0.015978 1.353820 0.243826
v 0.005897 1.350765 0.244694
v 0.023912 1.361452 0.241657
v 0.044248 1.359526 0.242204
v 0.059456 1.345553 0.246175
v 0.081824 1.344554 0.246459
v 0.097620 1.332085 0.250003
v 0.101058 1.311815 0.255764
v 0.120216 1.299556 0.259249
v 0.126148 1.280746 0.264595
v 0.116680 1.260924 0.270228
v 0.126148 1.241624 0.275714
v 0.120216 1.222814 0.281060
v 0.101058 1.210033 0.284692
v 0.097620 1.190285 0.290305
v 0.081824 1.177816 0.293849
v 0.059456 1.176295 0.294281
v 0.044248 1.162844 0.298104
v 0.023982 1.169322 0.296263
v 0.003577 1.146997 0.242347
v -0.015978 1.152703 0.240725
v -0.027519 1.168913 0.236118
v -0.049795 1.174438 0.234548
v -0.062759 1.189632 0.230229
v -0.061661 1.210022 0.224434
v -0.078323 1.225777 0.219956
v -0.080326 1.245338 0.214397
v -0.066936 1.262947 0.209392
v -0.072391 1.283708 0.203491
v -0.062759 1.301043 0.198564
v -0.041566 1.309849 0.196062
v -0.033999 1.328707 0.190702
v -0.015978 1.337973 0.188068
v 0.005897 1.334918 0.188937
v 0.023912 1.345605 0.185899
v 0.044248 1.343678 0.186447
v 0.059456 1.329706 0.190418
v 0.081824 1.328707 0.190702
v 0.097620 1.316237 0.194246
v 0.101058 1.295968 0.200007
v 0.120216 1.283708 0.203491
v 0.126148 1.264899 0.208837
v 0.116680 1.245077 0.214471
v 0.126148 1.225776 0.219956
v 0.120216 1.206967 0.225302
v 0.101058 1.194186 0.228935
v 0.097620 1.174438 0.234548
v 0.081824 1.161968 0.238092
v 0.059456 1.160448 0.238524
v 0.044248 1.146997 0.242347
v 0.023982 1.153475 0.240506
v 0.015468 2.229968 0.656379
v 0.003154 2.229891 0.660424
v -0.008634 2.230129 0.656835
v -0.015580 2.230608 0.646671
v -0.029011 2.230854 0.643194
v -0.036815 2.231312 0.633666
v -0.036134 2.231842 0.620892
v -0.046169 2.232331 0.611011
v -0.047359 2.232854 0.598754
v -0.039266 2.233255 0.587731
v -0.042537 2.233824 0.574721
v -0.036711 2.234235 0.563867
v -0.023921 2.234370 0.558366
v -0.019339 2.234830 0.546556
v -0.008461 2.234991 0.540764
v 0.004730 2.234811 0.542693
v 0.015605 2.235009 0.536011
v 0.027869 2.234865 0.537232
v 0.037028 2.234429 0.545997
v 0.050519 2.234301 0.546639
v 0.060034 2.233902 0.554462
v 0.062088 2.233354 0.567163
v 0.073632 2.232945 0.574857
v 0.077192 2.232425 0.586646
v 0.071463 2.231948 0.599057
v 0.077156 2.231398 0.611156
v 0.073560 2.230932 0.622935
v 0.061993 2.230684 0.630929
v 0.059901 2.230181 0.643299
v 0.050363 2.229926 0.651100
v 0.036870 2.229989 0.652036
v 0.027685 2.229705 0.660453
v 0.015627 2.249362 0.627686
v 0.009615 2.249325 0.629661
v 0.003860 2.249441 0.627909
v 0.000469 2.249674 0.622947
v -0.006088 2.249795 0.621249
v -0.009898 2.250018 0.616597
v -0.009566 2.250277 0.610361
v -0.014465 2.250516 0.605537
v -0.015046 2.250771 0.599553
v -0.011095 2.250967 0.594171
v -0.012692 2.251245 0.587819
v -0.009848 2.251445 0.582521
v -0.003603 2.251511 0.579835
v -0.001366 2.251736 0.574069
v 0.003944 2.251814 0.571241
v 0.010384 2.251726 0.572183
v 0.015694 2.251823 0.568921
v 0.021681 2.251753 0.569517
v 0.026153 2.251540 0.573796
v 0.032739 2.251478 0.574109
v 0.037385 2.251283 0.577929
v 0.038388 2.251015 0.584130
v 0.044023 2.250816 0.587886
v 0.045762 2.250562 0.593641
v 0.042965 2.250329 0.599701
v 0.045744 2.250061 0.605607
v 0.043988 2.249833 0.611358
v 0.038341 2.249712 0.615261
v 0.037320 2.249466 0.621300
v 0.032663 2.249342 0.625108
v 0.026076 2.249372 0.625566
v 0.021591 2.249234 0.629675
v 0.015710 2.258983 0.604070
v 0.014828 2.258977 0.604360
v 0.013984 2.258994 0.604103
v 0.013487 2.259029 0.603375
v 0.012526 2.259046 0.603126
v 0.011967 2.259079 0.602444
v 0.012016 2.259117 0.601529
v 0.011297 2.259152 0.600822
v 0.011212 2.259189 0.599944
v 0.011791 2.259218 0.599155
v 0.011557 2.259259 0.598224
v 0.011974 2.259288 0.597447
v 0.012890 2.259298 0.597053
v 0.013218 2.259331 0.596208
v 0.013997 2.259342 0.595793
v 0.014941 2.259329 0.595931
v 0.015720 2.259344 0.595453
v 0.016598 2.259333 0.595540
v 0.017253 2.259302 0.596168
v 0.018219 2.259293 0.596214
v 0.018900 2.259264 0.596774
v 0.019047 2.259225 0.597683
v 0.019874 2.259196 0.598234
v 0.020129 2.259159 0.599078
v 0.019719 2.259124 0.599966
v 0.020126 2.259085 0.600832
v 0.019869 2.259052 0.601676
v 0.019041 2.259034 0.602248
v 0.018891 2.258998 0.603133
v 0.018208 2.258980 0.603692
v 0.017242 2.258984 0.603759
v 0.016585 2.258964 0.604362
v 0.013408 1.828334 0.006881
v -0.434088 2.641136 0.000355
v 0.012116 1.823790 -0.007432
v -0.438133 2.641059 -0.011962
v 0.013254 1.827792 -0.021148
v -0.434543 2.641298 -0.023754
v 0.016485 1.839162 -0.029243
v -0.424377 2.641776 -0.030701
v 0.017587 1.843038 -0.044868
v -0.420899 2.642023 -0.044136
v 0.020616 1.853695 -0.053961
v -0.411368 2.642481 -0.051942
v 0.024681 1.867997 -0.053191
v -0.398591 2.643011 -0.051261
v 0.027821 1.879048 -0.064878
v -0.388706 2.643500 -0.061299
v 0.031721 1.892768 -0.066283
v -0.376446 2.644023 -0.062489
v 0.035231 1.905120 -0.056891
v -0.365420 2.644424 -0.054394
v 0.039370 1.919682 -0.060717
v -0.352406 2.644994 -0.057666
v 0.042826 1.931841 -0.053961
v -0.341550 2.645405 -0.051838
v 0.044581 1.938018 -0.039096
v -0.336047 2.645539 -0.039044
v 0.048341 1.951245 -0.033788
v -0.324234 2.646000 -0.034462
v 0.050188 1.957744 -0.021148
v -0.318440 2.646161 -0.023580
v 0.049579 1.955602 -0.005804
v -0.320370 2.645981 -0.010386
v 0.051710 1.963098 0.006832
v -0.313686 2.646179 0.000493
v 0.051325 1.961746 0.021096
v -0.314907 2.646035 0.012760
v 0.048540 1.951945 0.031763
v -0.323675 2.645599 0.021922
v 0.048341 1.951245 0.047453
v -0.324316 2.645471 0.035416
v 0.045855 1.942499 0.058532
v -0.332142 2.645072 0.044934
v 0.041814 1.928281 0.060943
v -0.344847 2.644524 0.046989
v 0.039370 1.919682 0.074382
v -0.352543 2.644115 0.058536
v 0.035620 1.906489 0.078542
v -0.364334 2.643594 0.062097
v 0.031669 1.892585 0.071901
v -0.376750 2.643117 0.056366
v 0.027821 1.879048 0.078542
v -0.388851 2.642567 0.062060
v 0.024071 1.865854 0.074382
v -0.400634 2.642101 0.058464
v 0.021523 1.856889 0.060943
v -0.408630 2.641853 0.046894
v 0.017587 1.843038 0.058532
v -0.421003 2.641350 0.044801
v 0.015101 1.834291 0.047453
v -0.428806 2.641095 0.035260
v 0.014798 1.833225 0.031763
v -0.429743 2.641157 0.021763
v 0.012116 1.823790 0.021096
v -0.438162 2.640873 0.012576
v -0.128975 1.866435 0.006879
v -0.293731 1.990587 0.006951
v -0.381880 2.157951 0.002144
v -0.417010 2.364426 -0.001717
v -0.421248 2.364041 -0.014441
v -0.386116 2.156123 -0.011368
v -0.296891 1.987387 -0.006203
v -0.130242 1.861976 -0.006892
v -0.417488 2.364557 -0.026618
v -0.382324 2.157293 -0.024350
v -0.293901 1.989827 -0.018844
v -0.129126 1.865903 -0.020088
v -0.406836 2.365817 -0.033788
v -0.371623 2.161134 -0.032046
v -0.285648 1.997202 -0.026342
v -0.125955 1.877061 -0.027876
v -0.403193 2.366333 -0.047662
v -0.367945 2.162229 -0.046832
v -0.282734 1.999530 -0.040740
v -0.124874 1.880864 -0.042910
v -0.393207 2.367524 -0.055720
v -0.357911 2.165804 -0.055469
v -0.274988 2.006422 -0.049154
v -0.121902 1.891322 -0.051658
v -0.379821 2.369035 -0.055008
v -0.344475 2.170818 -0.054797
v -0.264694 2.015857 -0.048504
v -0.117913 1.905357 -0.050917
v -0.369465 2.370285 -0.065370
v -0.334066 2.174488 -0.065888
v -0.256644 2.022969 -0.059307
v -0.114831 1.916201 -0.062162
v -0.356620 2.371749 -0.066592
v -0.321171 2.179262 -0.067269
v -0.246751 2.031990 -0.060657
v -0.111004 1.929666 -0.063513
v -0.345068 2.372996 -0.058225
v -0.309588 2.183739 -0.058438
v -0.237930 2.040263 -0.052064
v -0.107559 1.941787 -0.054477
v -0.331434 2.374565 -0.061597
v -0.295897 2.188767 -0.062112
v -0.227413 2.049803 -0.055646
v -0.103497 1.956077 -0.058159
v -0.320059 2.375809 -0.055571
v -0.284488 2.193132 -0.055772
v -0.218709 2.057913 -0.049478
v -0.100106 1.968009 -0.051658
v -0.314293 2.376364 -0.042354
v -0.278719 2.195541 -0.041744
v -0.214378 2.062196 -0.035822
v -0.098384 1.974070 -0.037356
v -0.301917 2.377730 -0.037613
v -0.266304 2.200255 -0.036778
v -0.204894 2.070988 -0.030991
v -0.094694 1.987050 -0.032250
v -0.295847 2.378334 -0.026371
v -0.260227 2.202739 -0.024854
v -0.200313 2.075453 -0.019384
v -0.092882 1.993428 -0.020088
v -0.297868 2.378004 -0.012744
v -0.262275 2.202246 -0.010341
v -0.201977 2.074262 -0.005252
v -0.093479 1.991325 -0.005326
v -0.290865 2.378714 -0.001504
v -0.255262 2.205079 0.001576
v -0.196678 2.079383 0.006348
v -0.091388 1.998681 0.006832
v -0.292145 2.378475 0.011165
v -0.256564 2.204844 0.015065
v -0.197763 2.078698 0.019482
v -0.091765 1.997355 0.020556
v -0.301330 2.377364 0.020623
v -0.265797 2.201595 0.025187
v -0.204906 2.072394 0.029341
v -0.094499 1.987737 0.030819
v -0.302002 2.377184 0.034560
v -0.266492 2.201612 0.040022
v -0.205534 2.072159 0.043785
v -0.094694 1.987050 0.045914
v -0.310201 2.376183 0.044387
v -0.274735 2.198738 0.050529
v -0.211920 2.066555 0.054019
v -0.097134 1.978467 0.056574
v -0.323511 2.374659 0.046502
v -0.288099 2.193807 0.052864
v -0.222178 2.057222 0.056297
v -0.101099 1.964515 0.058894
v -0.331575 2.373657 0.058424
v -0.296210 2.191024 0.065601
v -0.228477 2.051750 0.068702
v -0.103497 1.956077 0.071823
v -0.343928 2.372230 0.062095
v -0.308615 2.186479 0.069585
v -0.238011 2.043116 0.072586
v -0.107177 1.943130 0.075826
v -0.356936 2.370801 0.056169
v -0.321663 2.181506 0.063361
v -0.247971 2.033859 0.066531
v -0.111055 1.929486 0.069437
v -0.369615 2.369321 0.062043
v -0.334398 2.176883 0.069691
v -0.257773 2.025035 0.072700
v -0.114831 1.916201 0.075826
v -0.381960 2.367950 0.058321
v -0.346784 2.172199 0.065809
v -0.267242 2.016282 0.068925
v -0.118511 1.903254 0.071823
v -0.390338 2.367090 0.046366
v -0.355176 2.168840 0.053140
v -0.273592 2.010181 0.056593
v -0.121011 1.894457 0.058894
v -0.403301 2.365638 0.044197
v -0.368185 2.163955 0.050915
v -0.283549 2.001020 0.054432
v -0.124874 1.880864 0.056574
v -0.411476 2.364785 0.034338
v -0.376377 2.160712 0.040475
v -0.289760 1.995097 0.044270
v -0.127314 1.872281 0.045914
v -0.412458 2.364778 0.020397
v -0.377342 2.160077 0.025647
v -0.290405 1.994168 0.029833
v -0.127611 1.871234 0.030819
v -0.421278 2.363849 0.010903
v -0.386182 2.156599 0.015600
v -0.297116 1.987798 0.020055
v -0.130242 1.861976 0.020556
v -0.424106 2.379732 -0.001605
v -0.428716 2.379315 -0.015722
v -0.424625 2.379879 -0.029232
v -0.413039 2.381251 -0.037188
v -0.409075 2.381814 -0.052581
v -0.398213 2.383111 -0.061521
v -0.383651 2.384755 -0.060733
v -0.372386 2.386116 -0.072229
v -0.358414 2.387709 -0.073586
v -0.345848 2.389063 -0.064303
v -0.331016 2.390771 -0.068044
v -0.318643 2.392123 -0.061359
v -0.312372 2.392724 -0.046695
v -0.298910 2.394210 -0.041436
v -0.292307 2.394866 -0.028964
v -0.294506 2.394504 -0.013845
v -0.286888 2.395274 -0.001374
v -0.288281 2.395012 0.012683
v -0.298272 2.393802 0.023176
v -0.299004 2.393604 0.038639
v -0.307922 2.392513 0.049542
v -0.322401 2.390855 0.051889
v -0.331173 2.389763 0.065117
v -0.344611 2.388211 0.069190
v -0.358760 2.386657 0.062616
v -0.372552 2.385046 0.069133
v -0.385981 2.383556 0.065005
v -0.395094 2.382622 0.051741
v -0.409194 2.381043 0.049336
v -0.418087 2.380117 0.038397
v -0.419155 2.380111 0.022930
v -0.428749 2.379102 0.012397
v -0.420622 2.348972 -0.001834
v -0.425232 2.348555 -0.015950
v -0.421141 2.349118 -0.029461
v -0.409554 2.350490 -0.037417
v -0.405590 2.351053 -0.052809
v -0.394728 2.352350 -0.061750
v -0.380166 2.353994 -0.060961
v -0.368901 2.355355 -0.072458
v -0.354929 2.356948 -0.073814
v -0.342364 2.358303 -0.064531
v -0.327532 2.360010 -0.068273
v -0.315159 2.361362 -0.061588
v -0.308887 2.361964 -0.046924
v -0.295425 2.363450 -0.041665
v -0.288822 2.364105 -0.029192
v -0.291022 2.363743 -0.014073
v -0.283404 2.364513 -0.001603
v -0.284796 2.364251 0.012454
v -0.294788 2.363041 0.022947
v -0.295519 2.362844 0.038411
v -0.304438 2.361753 0.049313
v -0.318917 2.360095 0.051660
v -0.327688 2.359003 0.064888
v -0.341127 2.357450 0.068962
v -0.355276 2.355896 0.062387
v -0.369068 2.354286 0.068905
v -0.382496 2.352795 0.064777
v -0.391609 2.351862 0.051513
v -0.405710 2.350282 0.049107
v -0.414603 2.349356 0.038169
v -0.415670 2.349350 0.022702
v -0.425265 2.348342 0.012168
v -0.397745 2.169943 -0.013118
v -0.393619 2.171211 -0.027520
v -0.381978 2.175387 -0.036059
v -0.377977 2.176572 -0.052463
v -0.367061 2.180457 -0.062045
v -0.352446 2.185912 -0.061297
v -0.341122 2.189899 -0.073602
v -0.327096 2.195093 -0.075133
v -0.314496 2.199965 -0.065335
v -0.299603 2.205434 -0.069409
v -0.287193 2.210185 -0.062374
v -0.280919 2.212810 -0.046810
v -0.267414 2.217940 -0.041299
v -0.260804 2.220647 -0.028068
v -0.263033 2.220116 -0.011967
v -0.255404 2.223202 0.001255
v -0.256822 2.222952 0.016222
v -0.266866 2.219421 0.027451
v -0.267623 2.219445 0.043909
v -0.276590 2.216324 0.055567
v -0.291127 2.210960 0.058156
v -0.299950 2.207938 0.072286
v -0.313445 2.202996 0.076706
v -0.327638 2.197584 0.069799
v -0.341491 2.192557 0.076821
v -0.354964 2.187461 0.072513
v -0.364092 2.183801 0.058457
v -0.378243 2.178488 0.055986
v -0.387153 2.174955 0.044402
v -0.388203 2.174259 0.027951
v -0.397818 2.170472 0.016803
v -0.393137 2.171937 0.001875
v -0.382178 2.142498 0.002421
v -0.386785 2.140504 -0.012571
v -0.382659 2.141772 -0.026973
v -0.371018 2.145948 -0.035512
v -0.367017 2.147132 -0.051916
v -0.356101 2.151018 -0.061498
v -0.341486 2.156473 -0.060750
v -0.330162 2.160460 -0.073055
v -0.316136 2.165653 -0.074586
v -0.303536 2.170526 -0.064788
v -0.288643 2.175995 -0.068862
v -0.276234 2.180746 -0.061827
v -0.269959 2.183371 -0.046263
v -0.256454 2.188501 -0.040752
v -0.249844 2.191207 -0.027521
v -0.252073 2.190677 -0.011420
v -0.244445 2.193763 0.001802
v -0.245862 2.193513 0.016768
v -0.255907 2.189982 0.027997
v -0.256663 2.190006 0.044456
v -0.265630 2.186884 0.056114
v -0.280167 2.181521 0.058703
v -0.288990 2.178499 0.072833
v -0.302485 2.173557 0.077253
v -0.316678 2.168144 0.070346
v -0.330531 2.163118 0.077368
v -0.344004 2.158022 0.073060
v -0.353132 2.154362 0.059004
v -0.367283 2.149048 0.056533
v -0.376193 2.145516 0.044949
v -0.377243 2.144819 0.028498
v -0.386858 2.141033 0.017350
v -0.311487 1.994574 -0.007878
v -0.308232 1.997224 -0.021903
v -0.299254 2.005244 -0.030221
v -0.296082 2.007772 -0.046195
v -0.287653 2.015265 -0.055529
v -0.276456 2.025528 -0.054807
v -0.267697 2.033262 -0.066792
v -0.256936 2.043073 -0.068288
v -0.247342 2.052077 -0.058753
v -0.235901 2.062453 -0.062726
v -0.226435 2.071276 -0.055881
v -0.221726 2.075940 -0.040729
v -0.211410 2.085506 -0.035369
v -0.206429 2.090366 -0.022490
v -0.208242 2.089076 -0.006812
v -0.202480 2.094651 0.006059
v -0.203663 2.093910 0.020631
v -0.211434 2.087055 0.031569
v -0.212120 2.086804 0.047594
v -0.219069 2.080712 0.058948
v -0.230228 2.070561 0.061474
v -0.237081 2.064612 0.075236
v -0.247453 2.055222 0.079545
v -0.258287 2.045151 0.072826
v -0.268950 2.035554 0.079668
v -0.279250 2.026031 0.075479
v -0.286155 2.019391 0.061797
v -0.296985 2.009424 0.059397
v -0.303740 2.002978 0.048122
v -0.304439 2.001963 0.032104
v -0.311736 1.995030 0.021254
v -0.308053 1.998060 0.006717
v -0.289606 1.977901 0.007190
v -0.293041 1.974416 -0.007405
v -0.289786 1.977065 -0.021430
v -0.280808 1.985085 -0.029748
v -0.277635 1.987613 -0.045722
v -0.269207 1.995106 -0.055055
v -0.258009 2.005370 -0.054333
v -0.249251 2.013103 -0.066318
v -0.238490 2.022915 -0.067815
v -0.228896 2.031918 -0.058280
v -0.217454 2.042294 -0.062253
v -0.207988 2.051117 -0.055408
v -0.203280 2.055782 -0.040256
v -0.192964 2.065347 -0.034896
v -0.187983 2.070207 -0.022017
v -0.189795 2.068917 -0.006338
v -0.184033 2.074492 0.006532
v -0.185217 2.073751 0.021105
v -0.192988 2.066897 0.032042
v -0.193674 2.066646 0.048067
v -0.200622 2.060554 0.059421
v -0.211781 2.050402 0.061948
v -0.218635 2.044453 0.075709
v -0.229007 2.035064 0.080018
v -0.239841 2.024992 0.073299
v -0.250504 2.015395 0.080142
v -0.260803 2.005872 0.075952
v -0.267709 1.999232 0.062270
v -0.278539 1.989266 0.059870
v -0.285294 1.982820 0.048595
v -0.285992 1.981804 0.032578
v -0.293290 1.974872 0.021727
v -0.152154 1.861782 -0.008394
v -0.150940 1.866054 -0.023035
v -0.147490 1.878191 -0.031677
v -0.146314 1.882328 -0.048356
v -0.143081 1.893704 -0.058062
v -0.138742 1.908971 -0.057240
v -0.135389 1.920767 -0.069716
v -0.131227 1.935413 -0.071215
v -0.127479 1.948598 -0.061190
v -0.123061 1.964143 -0.065274
v -0.119372 1.977122 -0.058062
v -0.117498 1.983715 -0.042194
v -0.113485 1.997835 -0.036529
v -0.111513 2.004773 -0.023035
v -0.112164 2.002486 -0.006657
v -0.109889 2.010487 0.006832
v -0.110299 2.009045 0.022059
v -0.113273 1.998583 0.033445
v -0.113485 1.997835 0.050193
v -0.116139 1.988498 0.062020
v -0.120452 1.973322 0.064594
v -0.123061 1.964143 0.078939
v -0.127064 1.950059 0.083380
v -0.131282 1.935218 0.076291
v -0.135389 1.920767 0.083380
v -0.139392 1.906683 0.078939
v -0.142112 1.897114 0.064594
v -0.146314 1.882328 0.062020
v -0.148968 1.872991 0.050193
v -0.149291 1.871853 0.033445
v -0.152154 1.861782 0.022058
v -0.150775 1.866632 0.006884
v -0.110406 1.849916 -0.008394
v -0.109192 1.854188 -0.023035
v -0.105742 1.866325 -0.031677
v -0.104567 1.870462 -0.048356
v -0.101333 1.881839 -0.058062
v -0.096994 1.897106 -0.057240
v -0.093642 1.908901 -0.069716
v -0.089479 1.923548 -0.071215
v -0.085731 1.936733 -0.061190
v -0.081313 1.952277 -0.065274
v -0.077624 1.965257 -0.058062
v -0.075751 1.971850 -0.042194
v -0.071738 1.985970 -0.036529
v -0.069766 1.992907 -0.023035
v -0.070416 1.990620 -0.006657
v -0.068142 1.998622 0.006832
v -0.068552 1.997179 0.022059
v -0.071525 1.986717 0.033445
v -0.071738 1.985970 0.050193
v -0.074391 1.976633 0.062020
v -0.078705 1.961457 0.064594
v -0.081313 1.952277 0.078939
v -0.085316 1.938194 0.083380
v -0.089534 1.923352 0.076291
v -0.093642 1.908901 0.083380
v -0.097644 1.894818 0.078939
v -0.100364 1.885248 0.064594
v -0.104567 1.870462 0.062020
v -0.107220 1.861126 0.050193
v -0.107544 1.859987 0.033445
v -0.110406 1.849916 0.022058
v -0.109028 1.854767 0.006884
v -0.420409 2.660779 0.000509
v -0.423437 2.660721 -0.008710
v -0.420750 2.660900 -0.017537
v -0.413140 2.661258 -0.022737
v -0.410536 2.661443 -0.032793
v -0.403402 2.661786 -0.038637
v -0.393838 2.662182 -0.038127
v -0.386439 2.662549 -0.045640
v -0.377262 2.662940 -0.046531
v -0.369009 2.663240 -0.040472
v -0.359268 2.663666 -0.042921
v -0.351141 2.663974 -0.038559
v -0.347022 2.664075 -0.028982
v -0.338180 2.664419 -0.025552
v -0.333843 2.664540 -0.017407
v -0.335288 2.664405 -0.007531
v -0.330284 2.664554 0.000612
v -0.331199 2.664446 0.009795
v -0.337761 2.664120 0.016652
v -0.338241 2.664024 0.026753
v -0.344099 2.663725 0.033878
v -0.353609 2.663315 0.035416
v -0.359370 2.663008 0.044059
v -0.368196 2.662619 0.046725
v -0.377489 2.662261 0.042435
v -0.386548 2.661850 0.046698
v -0.395368 2.661501 0.044006
v -0.401353 2.661315 0.035345
v -0.410615 2.660939 0.033779
v -0.416455 2.660748 0.026636
v -0.417157 2.660795 0.016534
v -0.423458 2.660583 0.009657
v -0.398925 2.675300 0.000628
v -0.400403 2.675272 -0.003873
v -0.399092 2.675359 -0.008182
v -0.395376 2.675534 -0.010721
v -0.394105 2.675624 -0.015630
v -0.390622 2.675792 -0.018483
v -0.385953 2.675986 -0.018234
v -0.382341 2.676164 -0.021903
v -0.377860 2.676355 -0.022337
v -0.373831 2.676502 -0.019379
v -0.369075 2.676710 -0.020575
v -0.365108 2.676860 -0.018445
v -0.363097 2.676909 -0.013770
v -0.358780 2.677078 -0.012095
v -0.356662 2.677136 -0.008119
v -0.357368 2.677071 -0.003297
v -0.354925 2.677143 0.000679
v -0.355371 2.677091 0.005162
v -0.358575 2.676931 0.008510
v -0.358810 2.676884 0.013441
v -0.361669 2.676738 0.016919
v -0.366312 2.676538 0.017670
v -0.369125 2.676389 0.021890
v -0.373434 2.676198 0.023191
v -0.377971 2.676024 0.021097
v -0.382394 2.675823 0.023178
v -0.386700 2.675653 0.021864
v -0.389622 2.675562 0.017636
v -0.394143 2.675379 0.016871
v -0.396995 2.675285 0.013384
v -0.397337 2.675308 0.008452
v -0.400414 2.675204 0.005094
v -0.381243 2.682504 0.000691
v -0.381459 2.682500 0.000031
v -0.381267 2.682513 -0.000601
v -0.380722 2.682538 -0.000974
v -0.380536 2.682551 -0.001694
v -0.380025 2.682576 -0.002112
v -0.379340 2.682604 -0.002075
v -0.378811 2.682631 -0.002613
v -0.378154 2.682658 -0.002677
v -0.377563 2.682680 -0.002243
v -0.376865 2.682710 -0.002419
v -0.376284 2.682733 -0.002106
v -0.375989 2.682740 -0.001421
v -0.375356 2.682765 -0.001175
v -0.375045 2.682773 -0.000592
v -0.375149 2.682763 0.000115
v -0.374790 2.682774 0.000698
v -0.374856 2.682766 0.001355
v -0.375326 2.682743 0.001846
v -0.375360 2.682736 0.002569
v -0.375780 2.682715 0.003079
v -0.376460 2.682685 0.003190
v -0.376873 2.682663 0.003808
v -0.377505 2.682636 0.003999
v -0.378170 2.682610 0.003692
v -0.378818 2.682580 0.003997
v -0.379450 2.682555 0.003805
v -0.379878 2.682542 0.003185
v -0.380541 2.682515 0.003072
v -0.380959 2.682502 0.002561
v -0.381010 2.682505 0.001838
v -0.381461 2.682490 0.001345
v 0.023049 1.725852 -0.018852
v 0.381214 2.538654 0.249499
v 0.015679 1.721308 -0.006514
v 0.377246 2.538577 0.261840
v 0.006696 1.725310 0.003912
v 0.367410 2.538816 0.269269
v -0.000677 1.736681 0.008561
v 0.355101 2.539294 0.268913
v -0.010754 1.740556 0.020554
v 0.344390 2.539541 0.277736
v -0.018549 1.751213 0.026129
v 0.332091 2.539999 0.278448
v -0.021385 1.765516 0.023116
v 0.322155 2.540529 0.270386
v -0.030796 1.776566 0.030724
v 0.308258 2.541018 0.272695
v -0.034777 1.790286 0.029568
v 0.297641 2.541541 0.266450
v -0.032095 1.802638 0.019907
v 0.293480 2.541942 0.253420
v -0.037693 1.817200 0.020569
v 0.281029 2.542512 0.248416
v -0.036516 1.829359 0.013072
v 0.275673 2.542923 0.237320
v -0.029198 1.835536 0.000015
v 0.278742 2.543057 0.223735
v -0.029119 1.848763 -0.006489
v 0.271880 2.543518 0.213084
v -0.023182 1.855262 -0.017800
v 0.273590 2.543679 0.200875
v -0.013669 1.853120 -0.029855
v 0.282908 2.543499 0.191336
v -0.007964 1.860616 -0.041329
v 0.283896 2.543697 0.178606
v 0.000732 1.859264 -0.052642
v 0.292096 2.543554 0.169401
v 0.009256 1.849464 -0.059634
v 0.304574 2.543117 0.167143
v 0.018641 1.848763 -0.072209
v 0.313026 2.542989 0.156605
v 0.027165 1.840017 -0.079710
v 0.324952 2.542590 0.153505
v 0.031851 1.825799 -0.079285
v 0.336437 2.542042 0.159312
v 0.041728 1.817200 -0.088719
v 0.349451 2.541633 0.154495
v 0.047208 1.804007 -0.089881
v 0.361084 2.541112 0.158546
v 0.046500 1.790103 -0.082186
v 0.367758 2.540635 0.170481
v 0.053517 1.776566 -0.085296
v 0.380895 2.540085 0.172989
v 0.054104 1.763372 -0.079726
v 0.388313 2.539619 0.182825
v 0.048265 1.754407 -0.067357
v 0.387979 2.539371 0.196886
v 0.050033 1.740556 -0.063092
v 0.396758 2.538868 0.205852
v 0.045530 1.731809 -0.052668
v 0.397461 2.538613 0.218158
v 0.036552 1.730743 -0.039797
v 0.390285 2.538675 0.229627
v 0.032450 1.721308 -0.029592
v 0.391694 2.538392 0.242008
v 0.138228 1.763953 0.064853
v 0.271551 1.888106 0.161650
v 0.340033 2.055469 0.217360
v 0.366181 2.261945 0.241136
v 0.362130 2.261559 0.253920
v 0.335516 2.053641 0.230781
v 0.266373 1.884905 0.174150
v 0.131158 1.759494 0.076738
v 0.351929 2.262075 0.261560
v 0.324817 2.054811 0.239053
v 0.256523 1.887345 0.182618
v 0.122497 1.763421 0.086757
v 0.339097 2.263335 0.261099
v 0.311635 2.058652 0.238988
v 0.245439 1.894720 0.183832
v 0.115353 1.774579 0.091193
v 0.327994 2.263851 0.270180
v 0.299968 2.059747 0.248788
v 0.234618 1.897048 0.193766
v 0.105641 1.778382 0.102719
v 0.315179 2.265042 0.270828
v 0.286773 2.063322 0.249876
v 0.223405 1.903940 0.196018
v 0.098094 1.788841 0.108048
v 0.304768 2.266553 0.262383
v 0.276300 2.068336 0.241433
v 0.215460 1.913375 0.189441
v 0.095303 1.802876 0.105104
v 0.290299 2.267803 0.264677
v 0.261359 2.072006 0.244286
v 0.202597 1.920487 0.193448
v 0.086199 1.813719 0.112388
v 0.279190 2.269267 0.258115
v 0.250116 2.076780 0.237823
v 0.193801 1.929508 0.188724
v 0.082309 1.827184 0.111232
v 0.274764 2.270514 0.244555
v 0.245936 2.081257 0.223869
v 0.191716 1.937782 0.176587
v 0.084834 1.839305 0.101897
v 0.261752 2.272083 0.239267
v 0.232701 2.086286 0.218793
v 0.181102 1.947322 0.173302
v 0.079384 1.853595 0.102488
v 0.256093 2.273327 0.227706
v 0.227200 2.090651 0.206957
v 0.177688 1.955431 0.163195
v 0.080462 1.865527 0.095235
v 0.259199 2.273882 0.213624
v 0.230780 2.093059 0.192218
v 0.182213 1.959714 0.149602
v 0.087476 1.871588 0.082653
v 0.251974 2.275249 0.202514
v 0.223656 2.097773 0.180902
v 0.177380 1.968507 0.140119
v 0.087494 1.884568 0.076353
v 0.253673 2.275852 0.189851
v 0.225750 2.100257 0.167683
v 0.180498 1.972971 0.128036
v 0.093177 1.890946 0.065449
v 0.263319 2.275522 0.180016
v 0.235939 2.099764 0.157147
v 0.190151 1.971780 0.117582
v 0.102339 1.888844 0.053859
v 0.264261 2.276232 0.166806
v 0.237270 2.102597 0.143384
v 0.192684 1.976902 0.105084
v 0.107795 1.896200 0.042795
v 0.272745 2.275993 0.157309
v 0.246254 2.102362 0.133237
v 0.201284 1.976217 0.095097
v 0.116168 1.894873 0.031914
v 0.285735 2.274882 0.155058
v 0.259674 2.099113 0.130477
v 0.212857 1.969912 0.091320
v 0.124412 1.885256 0.025219
v 0.294472 2.274702 0.144179
v 0.268956 2.099130 0.118885
v 0.221857 1.969677 0.080005
v 0.133445 1.884568 0.013123
v 0.306881 2.273701 0.141049
v 0.281802 2.096256 0.115231
v 0.233039 1.964073 0.075480
v 0.141685 1.875985 0.005933
v 0.318892 2.272177 0.147163
v 0.293985 2.091325 0.121199
v 0.242677 1.954740 0.079668
v 0.146256 1.862033 0.006388
v 0.332423 2.271175 0.142259
v 0.308034 2.088542 0.115663
v 0.255064 1.949268 0.073336
v 0.155797 1.853595 -0.002661
v 0.344575 2.269748 0.146552
v 0.320412 2.083997 0.119733
v 0.265060 1.940634 0.075799
v 0.161127 1.840648 -0.003736
v 0.351614 2.268319 0.158993
v 0.327308 2.079024 0.132438
v 0.269559 1.931378 0.086552
v 0.160508 1.827004 0.003712
v 0.365323 2.266839 0.161695
v 0.341331 2.074401 0.134804
v 0.281114 1.922553 0.087324
v 0.167319 1.813719 0.000763
v 0.373122 2.265469 0.171962
v 0.349069 2.069718 0.145226
v 0.286555 1.913800 0.095944
v 0.167942 1.800772 0.006165
v 0.372871 2.264608 0.186559
v 0.348410 2.066358 0.160408
v 0.284443 1.907699 0.109653
v 0.162364 1.791975 0.018094
v 0.382083 2.263156 0.195934
v 0.357625 2.061474 0.169856
v 0.291226 1.898538 0.117255
v 0.164125 1.778382 0.022241
v 0.382900 2.262303 0.208716
v 0.358115 2.058230 0.183117
v 0.290277 1.892615 0.129127
v 0.159832 1.769799 0.032299
v 0.375499 2.262296 0.220570
v 0.350179 2.057595 0.195680
v 0.282311 1.891687 0.141185
v 0.151198 1.768753 0.044685
v 0.377053 2.261367 0.233436
v 0.351423 2.054117 0.209004
v 0.281991 1.885316 0.153040
v 0.147294 1.759494 0.054534
v 0.371987 2.277251 0.245216
v 0.367418 2.276833 0.259346
v 0.356166 2.277397 0.267871
v 0.342116 2.278769 0.267495
v 0.329860 2.279332 0.277617
v 0.315818 2.280629 0.278464
v 0.304501 2.282273 0.269265
v 0.288630 2.283634 0.271943
v 0.276530 2.285227 0.264826
v 0.271822 2.286581 0.249930
v 0.257624 2.288289 0.244237
v 0.251545 2.289641 0.231556
v 0.255092 2.290242 0.216006
v 0.247294 2.291728 0.203838
v 0.249285 2.292384 0.189867
v 0.259952 2.292022 0.178929
v 0.261121 2.292792 0.164363
v 0.270511 2.292530 0.153810
v 0.284762 2.291320 0.151195
v 0.294444 2.291122 0.139116
v 0.308068 2.290031 0.135540
v 0.321161 2.288373 0.142153
v 0.336033 2.287282 0.136609
v 0.349299 2.285729 0.141213
v 0.356880 2.284175 0.154850
v 0.371868 2.282565 0.157685
v 0.380304 2.281074 0.168919
v 0.379879 2.280140 0.185006
v 0.389872 2.278561 0.195242
v 0.390635 2.277635 0.209318
v 0.382406 2.277629 0.222458
v 0.383975 2.276621 0.236619
v 0.369034 2.246490 0.243353
v 0.364465 2.246073 0.257483
v 0.353213 2.246637 0.266008
v 0.339163 2.248008 0.265632
v 0.326907 2.248572 0.275753
v 0.312864 2.249868 0.276600
v 0.301548 2.251512 0.267402
v 0.285677 2.252873 0.270080
v 0.273577 2.254466 0.262963
v 0.268869 2.255821 0.248066
v 0.254671 2.257529 0.242374
v 0.248592 2.258880 0.229693
v 0.252139 2.259482 0.214143
v 0.244341 2.260968 0.201975
v 0.246332 2.261623 0.188003
v 0.256999 2.261261 0.177066
v 0.258167 2.262032 0.162499
v 0.267557 2.261769 0.151947
v 0.281809 2.260560 0.149332
v 0.291491 2.260362 0.137253
v 0.305115 2.259271 0.133676
v 0.318208 2.257613 0.140289
v 0.333080 2.256521 0.134745
v 0.346345 2.254968 0.139350
v 0.353926 2.253415 0.152986
v 0.368915 2.251804 0.155822
v 0.377351 2.250314 0.167056
v 0.376925 2.249380 0.183143
v 0.386918 2.247801 0.193378
v 0.387682 2.246875 0.207455
v 0.379453 2.246869 0.220594
v 0.381022 2.245860 0.234756
v 0.343894 2.067461 0.239033
v 0.332090 2.068730 0.248258
v 0.317653 2.072905 0.248322
v 0.304773 2.074090 0.259240
v 0.290310 2.077976 0.260574
v 0.278926 2.083430 0.251377
v 0.262532 2.087417 0.254674
v 0.250285 2.092611 0.247667
v 0.245853 2.097484 0.232334
v 0.231410 2.102952 0.226875
v 0.225507 2.107703 0.213888
v 0.229581 2.110328 0.197609
v 0.221896 2.115458 0.185211
v 0.224327 2.118165 0.170623
v 0.235596 2.117634 0.158908
v 0.237197 2.120720 0.143727
v 0.247143 2.120470 0.132454
v 0.261869 2.116939 0.129275
v 0.272157 2.116964 0.116405
v 0.286264 2.113842 0.112246
v 0.299546 2.108478 0.118698
v 0.314990 2.105456 0.112454
v 0.328505 2.100514 0.116812
v 0.335926 2.095102 0.130743
v 0.351261 2.090075 0.133206
v 0.359627 2.084979 0.144612
v 0.358748 2.081320 0.161349
v 0.368743 2.076006 0.171666
v 0.369141 2.072473 0.186275
v 0.360319 2.071777 0.200200
v 0.361544 2.067990 0.214871
v 0.348981 2.069455 0.224196
v 0.340436 2.040016 0.217311
v 0.335350 2.038022 0.232147
v 0.323546 2.039290 0.241373
v 0.309109 2.043466 0.241436
v 0.296229 2.044651 0.252354
v 0.281765 2.048536 0.253689
v 0.270382 2.053991 0.244492
v 0.253988 2.057978 0.247789
v 0.241741 2.063172 0.240782
v 0.237309 2.068044 0.225448
v 0.222866 2.073513 0.219989
v 0.216963 2.078264 0.207003
v 0.221037 2.080889 0.190723
v 0.213352 2.086019 0.178326
v 0.215782 2.088726 0.163737
v 0.227051 2.088195 0.152022
v 0.228653 2.091281 0.136842
v 0.238598 2.091031 0.125568
v 0.253325 2.087500 0.122389
v 0.263612 2.087524 0.109519
v 0.277720 2.084403 0.105361
v 0.291001 2.079039 0.111812
v 0.306446 2.076017 0.105568
v 0.319960 2.071075 0.109926
v 0.327382 2.065663 0.123857
v 0.342716 2.060636 0.126320
v 0.351083 2.055540 0.137726
v 0.350203 2.051880 0.154463
v 0.360198 2.046566 0.164781
v 0.360597 2.043034 0.179390
v 0.351774 2.042338 0.193315
v 0.352999 2.038551 0.207986
v 0.277196 1.892092 0.184086
v 0.266318 1.894742 0.193517
v 0.254165 1.902762 0.194968
v 0.242209 1.905290 0.206025
v 0.229903 1.912783 0.208621
v 0.221270 1.923047 0.201454
v 0.207139 1.930780 0.206000
v 0.197554 1.940592 0.200885
v 0.195398 1.949595 0.187531
v 0.183807 1.959971 0.184019
v 0.180173 1.968794 0.172917
v 0.185272 1.973458 0.157892
v 0.180078 1.983024 0.147491
v 0.183620 1.987884 0.134144
v 0.194303 1.986594 0.122527
v 0.197208 1.992169 0.108728
v 0.206732 1.991428 0.097635
v 0.219448 1.984574 0.093356
v 0.229424 1.984322 0.080796
v 0.241720 1.978231 0.075696
v 0.252232 1.968079 0.080212
v 0.265867 1.962130 0.073109
v 0.276790 1.952740 0.075721
v 0.281604 1.942669 0.087525
v 0.294253 1.933072 0.088258
v 0.300121 1.923549 0.097702
v 0.297664 1.916909 0.112830
v 0.305014 1.906942 0.121138
v 0.303851 1.900496 0.134230
v 0.294999 1.899481 0.147598
v 0.294524 1.892548 0.160665
v 0.282998 1.895578 0.170259
v 0.268354 1.875419 0.159032
v 0.262552 1.871934 0.172858
v 0.251674 1.874583 0.182290
v 0.239521 1.882603 0.183741
v 0.227565 1.885131 0.194798
v 0.215259 1.892624 0.197394
v 0.206625 1.902888 0.190227
v 0.192494 1.910621 0.194773
v 0.182910 1.920433 0.189658
v 0.180754 1.929436 0.176304
v 0.169163 1.939812 0.172792
v 0.165529 1.948635 0.161690
v 0.170627 1.953300 0.146665
v 0.165434 1.962865 0.136264
v 0.168976 1.967726 0.122917
v 0.179659 1.966435 0.111300
v 0.182564 1.972010 0.097501
v 0.192088 1.971269 0.086408
v 0.204804 1.964415 0.082129
v 0.214780 1.964164 0.069568
v 0.227076 1.958072 0.064469
v 0.237588 1.947920 0.068985
v 0.251223 1.941972 0.061881
v 0.262146 1.932582 0.064493
v 0.266960 1.922510 0.076298
v 0.279609 1.912913 0.077031
v 0.285477 1.903391 0.086474
v 0.283020 1.896750 0.101603
v 0.290370 1.886784 0.109911
v 0.289206 1.880338 0.123003
v 0.280355 1.879323 0.136370
v 0.279880 1.872390 0.149438
v 0.148000 1.759300 0.090834
v 0.138411 1.763572 0.101965
v 0.130540 1.775709 0.106927
v 0.119784 1.779846 0.119728
v 0.111462 1.791222 0.125680
v 0.108435 1.806489 0.122464
v 0.098389 1.818285 0.130585
v 0.094140 1.832931 0.129351
v 0.097002 1.846116 0.119038
v 0.091027 1.861661 0.119745
v 0.092283 1.874640 0.111742
v 0.100095 1.881233 0.097804
v 0.100180 1.895353 0.090862
v 0.106517 1.902291 0.078787
v 0.116671 1.900004 0.065920
v 0.122761 1.908005 0.053671
v 0.132044 1.906563 0.041594
v 0.141143 1.896101 0.034131
v 0.151161 1.895353 0.020708
v 0.160261 1.886017 0.012700
v 0.165263 1.870840 0.013154
v 0.175806 1.861661 0.003084
v 0.181655 1.847577 0.001844
v 0.180900 1.832736 0.010058
v 0.188390 1.818285 0.006738
v 0.189017 1.804202 0.012684
v 0.182785 1.794632 0.025887
v 0.184671 1.779846 0.030440
v 0.179865 1.770509 0.041567
v 0.170281 1.769371 0.055306
v 0.165902 1.759300 0.066200
v 0.155867 1.764150 0.077665
v 0.114228 1.747434 0.066292
v 0.104639 1.751706 0.077422
v 0.096768 1.763844 0.082385
v 0.086012 1.767981 0.095186
v 0.077690 1.779357 0.101137
v 0.074663 1.794624 0.097921
v 0.064617 1.806420 0.106043
v 0.060368 1.821066 0.104809
v 0.063230 1.834251 0.094495
v 0.057255 1.849796 0.095202
v 0.058511 1.862775 0.087199
v 0.066323 1.869368 0.073262
v 0.066408 1.883488 0.066319
v 0.072745 1.890425 0.054244
v 0.082899 1.888138 0.041377
v 0.088989 1.896140 0.029128
v 0.098272 1.894698 0.017052
v 0.107372 1.884235 0.009589
v 0.117389 1.883488 -0.003835
v 0.126489 1.874151 -0.011842
v 0.131491 1.858975 -0.011388
v 0.142035 1.849795 -0.021459
v 0.147883 1.835712 -0.022699
v 0.147128 1.820871 -0.014484
v 0.154618 1.806420 -0.017804
v 0.155245 1.792336 -0.011858
v 0.149013 1.782766 0.001345
v 0.150899 1.767980 0.005897
v 0.146093 1.758644 0.017025
v 0.136509 1.757506 0.030764
v 0.132131 1.747434 0.041657
v 0.122095 1.752285 0.053122
v 0.370239 2.558297 0.241333
v 0.367269 2.558239 0.250571
v 0.359907 2.558419 0.256132
v 0.350693 2.558776 0.255865
v 0.342675 2.558961 0.262469
v 0.333469 2.559304 0.263002
v 0.326032 2.559700 0.256967
v 0.315629 2.560067 0.258696
v 0.307682 2.560458 0.254021
v 0.304568 2.560758 0.244268
v 0.295247 2.561185 0.240522
v 0.291238 2.561492 0.232216
v 0.293536 2.561593 0.222048
v 0.288399 2.561938 0.214075
v 0.289679 2.562058 0.204936
v 0.296654 2.561924 0.197796
v 0.297394 2.562072 0.188267
v 0.303531 2.561965 0.181377
v 0.312872 2.561638 0.179687
v 0.319198 2.561542 0.171798
v 0.328125 2.561243 0.169478
v 0.336722 2.560833 0.173825
v 0.346464 2.560527 0.170219
v 0.355171 2.560137 0.173252
v 0.360167 2.559780 0.182185
v 0.370000 2.559368 0.184062
v 0.375553 2.559019 0.191425
v 0.375303 2.558833 0.201950
v 0.381875 2.558457 0.208662
v 0.382401 2.558266 0.217873
v 0.377029 2.558313 0.226458
v 0.378084 2.558101 0.235725
v 0.352930 2.572819 0.228606
v 0.351480 2.572790 0.233117
v 0.347885 2.572878 0.235831
v 0.343387 2.573052 0.235701
v 0.339473 2.573143 0.238926
v 0.334978 2.573310 0.239186
v 0.331347 2.573504 0.236239
v 0.326269 2.573683 0.237083
v 0.322389 2.573874 0.234801
v 0.320868 2.574020 0.230039
v 0.316318 2.574228 0.228211
v 0.314361 2.574378 0.224156
v 0.315482 2.574428 0.219191
v 0.312975 2.574596 0.215299
v 0.313600 2.574655 0.210837
v 0.317005 2.574589 0.207351
v 0.317366 2.574661 0.202699
v 0.320362 2.574609 0.199335
v 0.324922 2.574450 0.198510
v 0.328011 2.574403 0.194659
v 0.332369 2.574256 0.193526
v 0.336567 2.574057 0.195648
v 0.341323 2.573907 0.193888
v 0.345573 2.573717 0.195368
v 0.348013 2.573542 0.199730
v 0.352813 2.573341 0.200646
v 0.355524 2.573171 0.204241
v 0.355402 2.573080 0.209379
v 0.358611 2.572897 0.212656
v 0.358867 2.572803 0.217153
v 0.356245 2.572826 0.221344
v 0.356760 2.572722 0.225869
v 0.338662 2.580022 0.218161
v 0.338450 2.580018 0.218822
v 0.337923 2.580031 0.219220
v 0.337263 2.580056 0.219201
v 0.336689 2.580070 0.219674
v 0.336030 2.580094 0.219712
v 0.335498 2.580122 0.219280
v 0.334753 2.580149 0.219404
v 0.334184 2.580177 0.219069
v 0.333961 2.580198 0.218371
v 0.333294 2.580229 0.218103
v 0.333007 2.580251 0.217508
v 0.333171 2.580258 0.216780
v 0.332803 2.580283 0.216210
v 0.332895 2.580291 0.215555
v 0.333394 2.580281 0.215044
v 0.333447 2.580292 0.214362
v 0.333887 2.580284 0.213869
v 0.334555 2.580261 0.213748
v 0.335008 2.580254 0.213183
v 0.335647 2.580233 0.213017
v 0.336263 2.580204 0.213328
v 0.336960 2.580182 0.213070
v 0.337584 2.580154 0.213287
v 0.337941 2.580128 0.213927
v 0.338645 2.580099 0.214061
v 0.339043 2.580074 0.214588
v 0.339025 2.580060 0.215342
v 0.339495 2.580033 0.215822
v 0.339533 2.580020 0.216482
v 0.339148 2.580023 0.217096
v 0.339224 2.580008 0.217760
v 0.024905 2.422006 0.330919
v 0.012900 2.421165 0.335740
v 0.000886 2.421832 0.333052
v -0.006753 2.423815 0.323587
v -0.020396 2.424455 0.321123
v -0.028848 2.426309 0.312341
v -0.029058 2.428833 0.299787
v -0.039760 2.430750 0.290815
v -0.041801 2.433166 0.278899
v -0.034494 2.435370 0.267541
v -0.038664 2.437928 0.255033
v -0.033607 2.440091 0.243999
v -0.021227 2.441221 0.237718
v -0.017478 2.443569 0.225836
v -0.007027 2.444750 0.219404
v 0.006270 2.444415 0.220370
v 0.016657 2.445772 0.213066
v 0.028979 2.445574 0.213404
v 0.038729 2.443875 0.221344
v 0.052235 2.443795 0.221028
v 0.062275 2.442283 0.228021
v 0.065210 2.439783 0.240312
v 0.077265 2.438303 0.247037
v 0.081639 2.435988 0.258328
v 0.076787 2.433518 0.270881
v 0.083309 2.431149 0.282327
v 0.080543 2.428811 0.294111
v 0.069557 2.427192 0.302747
v 0.068332 2.424743 0.315003
v 0.059357 2.423169 0.323308
v 0.045958 2.422938 0.325169
v 0.037380 2.421244 0.334051
v 0.022474 2.028383 0.121256
v 0.021648 2.201069 0.266841
v 0.009250 2.198955 0.271514
v 0.010984 2.024764 0.124373
v -0.003159 2.200435 0.268963
v -0.000531 2.026895 0.122702
v -0.011054 2.205086 0.259880
v -0.007872 2.034189 0.116695
v -0.025148 2.206484 0.257550
v -0.020949 2.036159 0.115173
v -0.033881 2.210822 0.249126
v -0.029067 2.042936 0.109604
v -0.034104 2.216831 0.237050
v -0.029298 2.052551 0.101601
v -0.045162 2.221296 0.228450
v -0.039572 2.059486 0.095920
v -0.047275 2.227030 0.216992
v -0.041555 2.068624 0.088330
v -0.039733 2.232347 0.206044
v -0.034581 2.077278 0.081062
v -0.044046 2.238398 0.194023
v -0.038606 2.086882 0.073102
v -0.038827 2.243596 0.183394
v -0.033787 2.095301 0.066049
v -0.026044 2.246402 0.177315
v -0.021941 2.100037 0.062000
v -0.022177 2.252027 0.165873
v -0.018378 2.109113 0.054411
v -0.011385 2.254936 0.159655
v -0.008380 2.113976 0.050272
v 0.002350 2.254260 0.160544
v 0.004361 2.113156 0.050840
v 0.013075 2.257587 0.153488
v 0.014295 2.118686 0.046146
v 0.025803 2.257227 0.153777
v 0.026101 2.118353 0.046317
v 0.035877 2.253272 0.161386
v 0.035461 2.112213 0.051344
v 0.049828 2.253206 0.161043
v 0.048400 2.112374 0.051094
v 0.060201 2.249698 0.167741
v 0.058035 2.106957 0.055517
v 0.063238 2.243771 0.179556
v 0.060876 2.097527 0.063343
v 0.075693 2.240359 0.185991
v 0.072441 2.092304 0.067587
v 0.080215 2.234886 0.196841
v 0.076658 2.083630 0.074770
v 0.075209 2.228959 0.208931
v 0.072039 2.074047 0.082791
v 0.081952 2.223378 0.219923
v 0.078315 2.065242 0.090065
v 0.079100 2.217784 0.231268
v 0.075692 2.056234 0.097588
v 0.067757 2.213829 0.239608
v 0.065187 2.049687 0.103133
v 0.066496 2.207985 0.251402
v 0.064042 2.040309 0.110952
v 0.057230 2.204156 0.259418
v 0.055463 2.034003 0.116279
v 0.043392 2.203481 0.261248
v 0.042631 2.032659 0.117514
v 0.034535 2.199369 0.269818
v 0.034433 2.025908 0.123208
v 0.022254 2.213028 0.278725
v 0.008493 2.210725 0.283827
v -0.005270 2.212330 0.281070
v -0.014013 2.217386 0.271201
v -0.029645 2.218903 0.268685
v -0.039320 2.223619 0.259534
v -0.039547 2.230156 0.246397
v -0.051801 2.235009 0.237057
v -0.054127 2.241246 0.224596
v -0.045742 2.247032 0.212674
v -0.050507 2.253613 0.199603
v -0.044700 2.259269 0.188032
v -0.030508 2.262326 0.181400
v -0.026200 2.268446 0.168947
v -0.014217 2.271615 0.162167
v 0.001018 2.270885 0.163115
v 0.012928 2.274508 0.155422
v 0.027047 2.274121 0.155718
v 0.038211 2.269821 0.163982
v 0.053688 2.269755 0.163588
v 0.065185 2.265943 0.170860
v 0.068535 2.259495 0.183710
v 0.082341 2.255789 0.190691
v 0.087341 2.249837 0.202488
v 0.081768 2.243387 0.215648
v 0.089230 2.237318 0.227596
v 0.086047 2.231232 0.239943
v 0.073450 2.226926 0.249032
v 0.072033 2.220568 0.261865
v 0.061740 2.216399 0.270598
v 0.046385 2.215660 0.272609
v 0.036546 2.211184 0.281945
v 0.021783 2.185312 0.264942
v 0.008022 2.183008 0.270043
v -0.005741 2.184613 0.267286
v -0.014484 2.189670 0.257417
v -0.030116 2.191187 0.254902
v -0.039791 2.195902 0.245750
v -0.040018 2.202439 0.232613
v -0.052271 2.207292 0.223273
v -0.054598 2.213529 0.210812
v -0.046212 2.219315 0.198891
v -0.050978 2.225897 0.185819
v -0.045171 2.231553 0.174248
v -0.030979 2.234610 0.167616
v -0.026671 2.240730 0.155163
v -0.014688 2.243898 0.148383
v 0.000547 2.243168 0.149331
v 0.012457 2.246791 0.141639
v 0.026577 2.246405 0.141934
v 0.037741 2.242105 0.150198
v 0.053217 2.242038 0.149804
v 0.064714 2.238227 0.157076
v 0.068064 2.231779 0.169926
v 0.081871 2.228073 0.176907
v 0.086870 2.222121 0.188704
v 0.081297 2.215671 0.201864
v 0.088760 2.209602 0.213813
v 0.085577 2.203516 0.226159
v 0.072979 2.199210 0.235248
v 0.071562 2.192852 0.248081
v 0.061269 2.188683 0.256815
v 0.045914 2.187944 0.258825
v 0.036075 2.183468 0.268162
v 0.010169 2.030143 0.139221
v -0.002602 2.032450 0.137416
v -0.010732 2.040377 0.130889
v -0.025236 2.042506 0.129247
v -0.034228 2.049870 0.123198
v -0.034465 2.060329 0.114492
v -0.045850 2.067864 0.108321
v -0.048032 2.077802 0.100067
v -0.040279 2.087224 0.092153
v -0.044725 2.097668 0.083497
v -0.039362 2.106832 0.075819
v -0.026212 2.111996 0.071401
v -0.022240 2.121874 0.063141
v -0.011140 2.127174 0.058629
v 0.002994 2.126296 0.059233
v 0.014025 2.132323 0.054116
v 0.027122 2.131973 0.054289
v 0.037494 2.125304 0.059748
v 0.051848 2.125491 0.059462
v 0.062527 2.119609 0.064263
v 0.065660 2.109353 0.072774
v 0.078480 2.103684 0.077378
v 0.083141 2.094252 0.085189
v 0.077998 2.083822 0.093919
v 0.084944 2.074250 0.101826
v 0.082016 2.064447 0.110013
v 0.070350 2.057314 0.116057
v 0.069061 2.047110 0.124564
v 0.059532 2.040242 0.130369
v 0.045294 2.038766 0.131726
v 0.036186 2.031414 0.137929
v 0.022923 2.034093 0.135818
v 0.022733 2.016575 0.114777
v 0.009980 2.012625 0.118180
v -0.002792 2.014932 0.116375
v -0.010921 2.022859 0.109848
v -0.025425 2.024988 0.108206
v -0.034418 2.032352 0.102156
v -0.034655 2.042811 0.093450
v -0.046039 2.050346 0.087280
v -0.048222 2.060284 0.079025
v -0.040468 2.069706 0.071111
v -0.044915 2.080150 0.062456
v -0.039552 2.089314 0.054778
v -0.026401 2.094478 0.050360
v -0.022430 2.104356 0.042100
v -0.011329 2.109656 0.037587
v 0.002804 2.108778 0.038191
v 0.013836 2.114804 0.033075
v 0.026933 2.114454 0.033248
v 0.037304 2.107785 0.038707
v 0.051659 2.107973 0.038421
v 0.062337 2.102091 0.043222
v 0.065470 2.091835 0.051732
v 0.078290 2.086165 0.056337
v 0.082952 2.076734 0.064148
v 0.077809 2.066303 0.072878
v 0.084754 2.056731 0.080785
v 0.081827 2.046929 0.088972
v 0.070161 2.039796 0.095016
v 0.068872 2.029592 0.103523
v 0.059342 2.022723 0.109328
v 0.045104 2.021248 0.110685
v 0.035996 2.013895 0.116888
v 0.024106 2.443543 0.320502
v 0.015120 2.442913 0.324111
v 0.006127 2.443413 0.322099
v 0.000409 2.444897 0.315015
v -0.009804 2.445376 0.313170
v -0.016130 2.446764 0.306596
v -0.016287 2.448654 0.297200
v -0.024298 2.450088 0.290484
v -0.025825 2.451896 0.281564
v -0.020356 2.453547 0.273063
v -0.023477 2.455461 0.263699
v -0.019692 2.457080 0.255441
v -0.010425 2.457926 0.250739
v -0.007619 2.459683 0.241845
v 0.000204 2.460568 0.237030
v 0.010157 2.460317 0.237753
v 0.017932 2.461333 0.232286
v 0.027156 2.461184 0.232539
v 0.034454 2.459912 0.238482
v 0.044563 2.459853 0.238245
v 0.052079 2.458721 0.243480
v 0.054276 2.456849 0.252680
v 0.063299 2.455742 0.257714
v 0.066573 2.454009 0.266166
v 0.062941 2.452160 0.275562
v 0.067824 2.450387 0.284130
v 0.065753 2.448637 0.292951
v 0.057530 2.447425 0.299415
v 0.056612 2.445591 0.308589
v 0.049894 2.444414 0.314805
v 0.039865 2.444240 0.316198
v 0.033444 2.442973 0.322847
v 0.022728 2.461239 0.301597
v 0.018341 2.460931 0.303359
v 0.013951 2.461175 0.302377
v 0.011159 2.461900 0.298918
v 0.006173 2.462134 0.298018
v 0.003085 2.462811 0.294808
v 0.003008 2.463734 0.290221
v -0.000903 2.464434 0.286942
v -0.001649 2.465317 0.282587
v 0.001022 2.466122 0.278437
v -0.000502 2.467057 0.273865
v 0.001346 2.467848 0.269833
v 0.005870 2.468261 0.267538
v 0.007240 2.469119 0.263196
v 0.011059 2.469550 0.260845
v 0.015918 2.469428 0.261198
v 0.019714 2.469924 0.258529
v 0.024217 2.469851 0.258652
v 0.027780 2.469230 0.261554
v 0.032716 2.469201 0.261438
v 0.036385 2.468649 0.263994
v 0.037458 2.467735 0.268486
v 0.041863 2.467194 0.270943
v 0.043461 2.466348 0.275070
v 0.041688 2.465446 0.279657
v 0.044072 2.464580 0.283840
v 0.043061 2.463725 0.288146
v 0.039046 2.463134 0.291302
v 0.038598 2.462239 0.295781
v 0.035319 2.461664 0.298816
v 0.030422 2.461579 0.299496
v 0.027287 2.460960 0.302742
v 0.021559 2.471113 0.285297
v 0.020916 2.471068 0.285556
v 0.020272 2.471103 0.285411
v 0.019863 2.471210 0.284904
v 0.019131 2.471244 0.284772
v 0.018678 2.471344 0.284302
v 0.018667 2.471479 0.283629
v 0.018094 2.471581 0.283148
v 0.017984 2.471711 0.282510
v 0.018376 2.471829 0.281901
v 0.018152 2.471966 0.281231
v 0.018423 2.472082 0.280639
v 0.019087 2.472142 0.280303
v 0.019288 2.472268 0.279666
v 0.019848 2.472332 0.279321
v 0.020560 2.472314 0.279373
v 0.021117 2.472386 0.278982
v 0.021777 2.472376 0.279000
v 0.022300 2.472285 0.279425
v 0.023024 2.472281 0.279408
v 0.023562 2.472199 0.279783
v 0.023719 2.472065 0.280442
v 0.024365 2.471986 0.280802
v 0.024599 2.471862 0.281407
v 0.024339 2.471730 0.282080
v 0.024689 2.471603 0.282693
v 0.024540 2.471478 0.283325
v 0.023952 2.471391 0.283788
v 0.023886 2.471259 0.284444
v 0.023405 2.471175 0.284889
v 0.022687 2.471163 0.284989
v 0.022227 2.471072 0.285465
v 0.278053 1.065067 -0.224407
v 0.289737 1.064226 -0.218853
v 0.295908 1.064894 -0.208201
v 0.294132 1.066877 -0.196168
v 0.301573 1.067516 -0.184470
v 0.300849 1.069371 -0.172303
v 0.291766 1.071895 -0.163636
v 0.292429 1.073811 -0.149687
v 0.285055 1.076227 -0.140106
v 0.271752 1.078432 -0.137775
v 0.265387 1.080989 -0.126228
v 0.253848 1.083152 -0.122463
v 0.240837 1.084283 -0.127302
v 0.229562 1.086630 -0.122000
v 0.217748 1.087812 -0.125319
v 0.209441 1.087477 -0.135747
v 0.197029 1.088834 -0.138428
v 0.188922 1.088635 -0.147713
v 0.188146 1.086936 -0.160263
v 0.178755 1.086856 -0.169975
v 0.177086 1.085345 -0.182097
v 0.184129 1.082844 -0.192588
v 0.180897 1.081365 -0.206008
v 0.186230 1.079050 -0.216880
v 0.198746 1.076580 -0.221826
v 0.202735 1.074211 -0.234381
v 0.213272 1.071872 -0.240339
v 0.227069 1.070254 -0.238121
v 0.236908 1.067804 -0.245531
v 0.249097 1.066231 -0.244567
v 0.259551 1.065999 -0.235982
v 0.271896 1.064306 -0.235700
v 0.125607 0.671445 -0.080446
v 0.233167 0.844130 -0.178562
v 0.245008 0.842017 -0.172619
v 0.135689 0.667825 -0.074115
v 0.251549 0.843496 -0.161768
v 0.142270 0.669957 -0.064519
v 0.250227 0.848147 -0.149807
v 0.142834 0.677251 -0.055050
v 0.258071 0.849546 -0.137868
v 0.150583 0.679221 -0.044407
v 0.257802 0.853884 -0.125737
v 0.151994 0.685997 -0.034664
v 0.249078 0.859893 -0.117384
v 0.146269 0.695612 -0.029068
v 0.250255 0.864358 -0.103426
v 0.149060 0.702548 -0.017664
v 0.243268 0.870092 -0.094103
v 0.144827 0.711686 -0.011060
v 0.230107 0.875408 -0.092222
v 0.134756 0.720339 -0.011257
v 0.224196 0.881460 -0.080900
v 0.131635 0.729944 -0.002901
v 0.212845 0.886657 -0.077528
v 0.123184 0.738363 -0.001660
v 0.199709 0.889463 -0.082802
v 0.112175 0.743098 -0.007620
v 0.188677 0.895088 -0.077885
v 0.104181 0.752175 -0.005093
v 0.176789 0.897997 -0.081600
v 0.094360 0.757037 -0.009635
v 0.168129 0.897321 -0.092298
v 0.086137 0.756217 -0.019384
v 0.155670 0.900649 -0.095395
v 0.075951 0.761747 -0.023503
v 0.147251 0.900289 -0.104945
v 0.068071 0.761414 -0.032296
v 0.146013 0.896333 -0.117510
v 0.065419 0.755275 -0.042584
v 0.136301 0.896267 -0.127530
v 0.056461 0.755435 -0.051923
v 0.134189 0.892760 -0.139696
v 0.053178 0.750019 -0.062004
v 0.140814 0.886832 -0.149940
v 0.057003 0.740588 -0.069398
v 0.137097 0.883421 -0.163457
v 0.052280 0.735366 -0.080776
v 0.142005 0.877948 -0.174138
v 0.054700 0.726692 -0.088747
v 0.154285 0.872020 -0.178658
v 0.063727 0.717108 -0.090791
v 0.157791 0.866439 -0.191067
v 0.064817 0.708303 -0.100336
v 0.168064 0.860846 -0.196664
v 0.072125 0.699296 -0.103510
v 0.181885 0.856891 -0.193982
v 0.083324 0.692749 -0.099550
v 0.191408 0.851047 -0.201054
v 0.089847 0.683370 -0.104010
v 0.203583 0.847218 -0.199679
v 0.099580 0.677065 -0.101317
v 0.214312 0.846543 -0.190749
v 0.109189 0.675720 -0.092724
v 0.226616 0.842431 -0.190052
v 0.118933 0.668970 -0.090560
v 0.241491 0.856090 -0.187066
v 0.254572 0.853786 -0.180412
v 0.261878 0.855391 -0.168427
v 0.260553 0.860448 -0.155308
v 0.269305 0.861964 -0.142114
v 0.269140 0.866680 -0.128798
v 0.259639 0.873217 -0.119722
v 0.261083 0.878070 -0.104383
v 0.253502 0.884307 -0.094223
v 0.239054 0.890093 -0.092302
v 0.232679 0.896675 -0.079936
v 0.220237 0.902331 -0.076357
v 0.205739 0.905388 -0.082290
v 0.193665 0.911508 -0.077013
v 0.180556 0.914676 -0.081221
v 0.170922 0.913946 -0.093062
v 0.157192 0.917569 -0.096599
v 0.147835 0.917182 -0.107177
v 0.146338 0.912883 -0.120985
v 0.135554 0.912816 -0.132093
v 0.133102 0.909004 -0.145474
v 0.140274 0.902557 -0.156650
v 0.136043 0.898850 -0.171531
v 0.141323 0.892899 -0.183205
v 0.154774 0.886449 -0.188033
v 0.158496 0.880380 -0.201620
v 0.169728 0.874294 -0.207653
v 0.184950 0.869987 -0.204558
v 0.195343 0.863629 -0.212218
v 0.208742 0.859461 -0.210576
v 0.220632 0.858722 -0.200654
v 0.234166 0.854246 -0.199753
v 0.231679 0.828374 -0.177373
v 0.244761 0.826070 -0.170719
v 0.252067 0.827675 -0.158734
v 0.250742 0.832732 -0.145615
v 0.259493 0.834248 -0.132421
v 0.259328 0.838964 -0.119105
v 0.249827 0.845501 -0.110029
v 0.251272 0.850354 -0.094690
v 0.243691 0.856591 -0.084530
v 0.229243 0.862377 -0.082609
v 0.222867 0.868959 -0.070243
v 0.210425 0.874614 -0.066664
v 0.195928 0.877672 -0.072597
v 0.183853 0.883792 -0.067320
v 0.170745 0.886960 -0.071528
v 0.161110 0.886230 -0.083369
v 0.147381 0.889853 -0.086906
v 0.138023 0.889466 -0.097484
v 0.136527 0.885167 -0.111292
v 0.125742 0.885100 -0.122400
v 0.123290 0.881288 -0.135781
v 0.130463 0.874841 -0.146957
v 0.126232 0.871134 -0.161838
v 0.131512 0.865182 -0.173512
v 0.144963 0.858732 -0.178340
v 0.148684 0.852663 -0.191927
v 0.159917 0.846577 -0.197960
v 0.175139 0.842271 -0.194865
v 0.185532 0.835913 -0.202525
v 0.198930 0.831745 -0.200883
v 0.210821 0.831005 -0.190961
v 0.224355 0.826529 -0.190060
v 0.147155 0.673205 -0.083585
v 0.154489 0.675511 -0.072975
v 0.155205 0.683439 -0.062574
v 0.163833 0.685568 -0.050800
v 0.165485 0.692932 -0.040089
v 0.159247 0.703391 -0.034011
v 0.162432 0.710925 -0.021460
v 0.157845 0.720864 -0.014258
v 0.146771 0.730286 -0.014590
v 0.143425 0.740730 -0.005453
v 0.134145 0.749894 -0.004188
v 0.121981 0.755058 -0.010857
v 0.113217 0.764936 -0.008175
v 0.102373 0.770236 -0.013273
v 0.093233 0.769357 -0.024070
v 0.081991 0.775384 -0.028708
v 0.073237 0.775034 -0.038452
v 0.070216 0.768365 -0.049776
v 0.060272 0.768553 -0.060132
v 0.056560 0.762671 -0.071236
v 0.060690 0.752415 -0.079310
v 0.055381 0.746745 -0.091855
v 0.057961 0.737314 -0.100577
v 0.067864 0.726883 -0.102717
v 0.068966 0.717311 -0.113183
v 0.076968 0.707509 -0.116584
v 0.089321 0.700376 -0.112108
v 0.096448 0.690172 -0.116929
v 0.107176 0.683303 -0.113862
v 0.117829 0.681827 -0.104317
v 0.128564 0.674475 -0.101830
v 0.136006 0.677154 -0.090651
v 0.120670 0.659636 -0.076243
v 0.131820 0.655687 -0.069177
v 0.139153 0.657993 -0.058567
v 0.139869 0.665921 -0.048166
v 0.148497 0.668050 -0.036393
v 0.150149 0.675413 -0.025681
v 0.143911 0.685873 -0.019603
v 0.147096 0.693407 -0.007052
v 0.142509 0.703346 0.000150
v 0.131435 0.712767 -0.000183
v 0.128089 0.723212 0.008955
v 0.118809 0.732376 0.010220
v 0.106645 0.737540 0.003550
v 0.097881 0.747418 0.006233
v 0.087037 0.752718 0.001134
v 0.077897 0.751839 -0.009663
v 0.066656 0.757866 -0.014301
v 0.057902 0.757516 -0.024044
v 0.054881 0.750847 -0.035368
v 0.044937 0.751035 -0.045724
v 0.041224 0.745153 -0.056828
v 0.045354 0.734897 -0.064902
v 0.040045 0.729227 -0.077447
v 0.042625 0.719795 -0.086169
v 0.052529 0.709365 -0.088309
v 0.053630 0.699793 -0.098776
v 0.061633 0.689991 -0.102176
v 0.073985 0.682858 -0.097700
v 0.081112 0.672654 -0.102522
v 0.091840 0.665785 -0.099454
v 0.102493 0.664309 -0.089910
v 0.113228 0.656957 -0.087422
v 0.270939 1.086604 -0.216756
v 0.279685 1.085975 -0.212599
v 0.284304 1.086474 -0.204625
v 0.282975 1.087959 -0.195619
v 0.288545 1.088438 -0.186862
v 0.288003 1.089826 -0.177755
v 0.281204 1.091715 -0.171267
v 0.281700 1.093149 -0.160826
v 0.276180 1.094958 -0.153655
v 0.266223 1.096608 -0.151909
v 0.261458 1.098522 -0.143266
v 0.252821 1.100141 -0.140448
v 0.243082 1.100988 -0.144070
v 0.234642 1.102745 -0.140101
v 0.225799 1.103629 -0.142586
v 0.219581 1.103378 -0.150391
v 0.210290 1.104394 -0.152398
v 0.204222 1.104246 -0.159349
v 0.203641 1.102974 -0.168743
v 0.196611 1.102914 -0.176013
v 0.195362 1.101783 -0.185086
v 0.200634 1.099911 -0.192939
v 0.198215 1.098804 -0.202984
v 0.202207 1.097071 -0.211122
v 0.211575 1.095221 -0.214824
v 0.214561 1.093448 -0.224223
v 0.222449 1.091698 -0.228682
v 0.232776 1.090486 -0.227022
v 0.240141 1.088653 -0.232569
v 0.249265 1.087475 -0.231847
v 0.257090 1.087302 -0.225420
v 0.266331 1.086034 -0.225209
v 0.257979 1.104300 -0.202924
v 0.262249 1.103993 -0.200895
v 0.264504 1.104237 -0.197002
v 0.263855 1.104961 -0.192605
v 0.266574 1.105195 -0.188330
v 0.266310 1.105873 -0.183883
v 0.262990 1.106795 -0.180716
v 0.263232 1.107496 -0.175618
v 0.260538 1.108378 -0.172117
v 0.255676 1.109184 -0.171265
v 0.253350 1.110119 -0.167045
v 0.249133 1.110909 -0.165669
v 0.244379 1.111322 -0.167438
v 0.240258 1.112180 -0.165500
v 0.235941 1.112612 -0.166713
v 0.232905 1.112489 -0.170524
v 0.228369 1.112985 -0.171504
v 0.225406 1.112913 -0.174897
v 0.225123 1.112292 -0.179484
v 0.221691 1.112263 -0.183033
v 0.221081 1.111710 -0.187462
v 0.223655 1.110796 -0.191296
v 0.222474 1.110256 -0.196201
v 0.224423 1.109410 -0.200174
v 0.228997 1.108507 -0.201981
v 0.230455 1.107641 -0.206569
v 0.234305 1.106787 -0.208747
v 0.239347 1.106195 -0.207936
v 0.242943 1.105300 -0.210644
v 0.247397 1.104725 -0.210292
v 0.251217 1.104640 -0.207154
v 0.255729 1.104022 -0.207051
v 0.246792 1.114174 -0.191012
v 0.247418 1.114129 -0.190714
v 0.247749 1.114165 -0.190143
v 0.247654 1.114271 -0.189498
v 0.248052 1.114305 -0.188871
v 0.248014 1.114405 -0.188219
v 0.247527 1.114540 -0.187755
v 0.247562 1.114643 -0.187007
v 0.247167 1.114772 -0.186494
v 0.246454 1.114890 -0.186369
v 0.246113 1.115027 -0.185750
v 0.245495 1.115144 -0.185549
v 0.244798 1.115204 -0.185808
v 0.244193 1.115330 -0.185524
v 0.243560 1.115393 -0.185702
v 0.243115 1.115375 -0.186260
v 0.242450 1.115448 -0.186404
v 0.242016 1.115437 -0.186902
v 0.241974 1.115346 -0.187574
v 0.241471 1.115342 -0.188095
v 0.241381 1.115261 -0.188744
v 0.241759 1.115127 -0.189306
v 0.241586 1.115048 -0.190026
v 0.241871 1.114924 -0.190608
v 0.242542 1.114791 -0.190873
v 0.242756 1.114664 -0.191546
v 0.243321 1.114539 -0.191865
v 0.244060 1.114452 -0.191746
v 0.244587 1.114321 -0.192144
v 0.245240 1.114237 -0.192092
v 0.245801 1.114224 -0.191632
v 0.246462 1.114133 -0.191617
vn 0.0040 -0.1528 -0.9882
vn -0.0001 0.3839 -0.9234
vn -0.0048 0.3614 -0.9324
vn -0.0012 -0.1546 -0.9880
vn 0.5493 0.3573 -0.7553
vn 0.5825 -0.1542 -0.7980
vn 0.5407 0.3826 -0.7492
vn 0.5730 -0.1588 -0.8041
vn 0.5133 0.3597 -0.7792
vn 0.5435 -0.1617 -0.8237
vn 0.8921 0.3431 -0.2940
vn 0.9355 -0.1643 -0.3127
vn 0.8726 0.3719 -0.3166
vn 0.9220 -0.1733 -0.3463
vn 0.8545 0.3474 -0.3863
vn 0.8953 -0.1699 -0.4118
vn 0.9112 0.3273 0.2503
vn 0.9536 -0.1675 0.2502
vn 0.9130 0.3566 0.1980
vn 0.9641 -0.1738 0.2008
vn 0.9338 0.3301 0.1377
vn 0.9777 -0.1652 0.1294
vn 0.6417 0.3144 0.6996
vn 0.6775 -0.1573 0.7185
vn 0.6679 0.3407 0.6617
vn 0.7054 -0.1566 0.6913
vn 0.6968 0.3144 0.6447
vn 0.7368 -0.1498 0.6593
vn 0.1665 0.3053 0.9376
vn 0.1798 -0.1447 0.9730
vn 0.1848 0.3291 0.9260
vn 0.1980 -0.1421 0.9699
vn 0.2000 0.3050 0.9311
vn 0.2156 -0.1413 0.9662
vn -0.3891 0.3017 0.8704
vn -0.4084 -0.1482 0.9007
vn -0.3703 0.3267 0.8696
vn -0.3857 -0.1507 0.9102
vn -0.3495 0.3027 0.8867
vn -0.3657 -0.1534 0.9180
vn -0.8162 0.3072 0.4894
vn -0.8521 -0.1681 0.4956
vn -0.7865 0.3342 0.5194
vn -0.8224 -0.1757 0.5411
vn -0.7664 0.3071 0.5642
vn -0.7986 -0.1738 0.5762
vn -0.9456 0.3222 -0.0448
vn -0.9813 -0.1832 -0.0591
vn -0.9372 0.3481 0.0228
vn -0.9815 -0.1907 0.0145
vn -0.9455 0.3186 0.0665
vn -0.9813 -0.1827 0.0604
vn -0.7702 0.3411 -0.5390
vn -0.8011 -0.1802 -0.5707
vn -0.7964 0.3645 -0.4827
vn -0.8333 -0.1816 -0.5221
vn -0.8139 0.3367 -0.4734
vn -0.8483 -0.1738 -0.5001
vn -0.3573 0.3564 -0.8633
vn -0.3724 -0.1639 -0.9135
vn -0.3754 0.3787 -0.8460
vn -0.3910 -0.1607 -0.9063
vn -0.5428 0.7528 -0.3723
vn -0.5571 0.7687 -0.3142
vn -0.1983 0.3518 -0.9148
vn -0.2052 -0.1570 -0.9661
vn -0.2091 0.1006 -0.9727
vn -0.2079 -0.0094 -0.9781
vn 0.0009 -0.0073 -1.0000
vn 0.0011 0.0959 -0.9954
vn -0.2088 0.2373 -0.9487
vn -0.2093 0.0518 -0.9765
vn -0.0027 0.0353 -0.9994
vn 0.0038 0.2378 -0.9713
vn -0.2077 0.1977 -0.9580
vn -0.2099 0.0583 -0.9760
vn -0.0025 0.0467 -0.9989
vn 0.0003 0.1936 -0.9811
vn -0.2056 0.1841 -0.9612
vn -0.2052 -0.0142 -0.9786
vn 0.0029 -0.0164 -0.9999
vn -0.0020 0.1798 -0.9837
vn -0.3950 0.1013 -0.9131
vn -0.4006 -0.0075 -0.9162
vn -0.3794 0.2469 -0.8917
vn -0.4045 0.0429 -0.9135
vn -0.3903 0.2061 -0.8973
vn -0.4042 0.0523 -0.9132
vn -0.3876 0.1867 -0.9027
vn -0.3994 -0.0170 -0.9166
vn -0.3757 0.1056 -0.9207
vn -0.3548 -0.0090 -0.9349
vn -0.3707 0.2472 -0.8953
vn -0.3484 0.0506 -0.9360
vn -0.3734 0.2077 -0.9041
vn -0.3513 0.0576 -0.9345
vn -0.3710 0.1909 -0.9088
vn -0.3478 -0.0150 -0.9374
vn -0.8557 0.1190 -0.5036
vn -0.8731 -0.0097 -0.4875
vn -0.8368 0.2547 -0.4846
vn -0.8762 0.0635 -0.4777
vn -0.8425 0.2228 -0.4904
vn -0.8759 0.0595 -0.4788
vn -0.8452 0.2025 -0.4945
vn -0.8739 -0.0061 -0.4861
vn -0.8396 0.1224 -0.5292
vn -0.8477 -0.0081 -0.5303
vn -0.8103 0.2707 -0.5198
vn -0.8493 0.0530 -0.5252
vn -0.8254 0.2341 -0.5138
vn -0.8494 0.0534 -0.5250
vn -0.8213 0.2096 -0.5306
vn -0.8471 -0.0095 -0.5313
vn -0.8073 0.1233 -0.5772
vn -0.7971 -0.0098 -0.6038
vn -0.7893 0.2643 -0.5543
vn -0.7908 0.0620 -0.6089
vn -0.7956 0.2298 -0.5605
vn -0.7934 0.0609 -0.6056
vn -0.7964 0.2091 -0.5675
vn -0.7919 -0.0086 -0.6105
vn -0.9888 0.1361 0.0604
vn -0.9957 -0.0102 0.0922
vn -0.9628 0.2618 0.0673
vn -0.9920 0.0679 0.1063
vn -0.9699 0.2343 0.0664
vn -0.9933 0.0506 0.1041
vn -0.9744 0.2159 0.0629
vn -0.9954 0.0090 0.0957
vn -0.9903 0.1386 0.0092
vn -1.0000 -0.0084 0.0045
vn -0.9602 0.2792 0.0048
vn -0.9983 0.0569 0.0085
vn -0.9690 0.2462 0.0188
vn -0.9989 0.0454 0.0092
vn -0.9748 0.2231 -0.0062
vn -1.0000 0.0037 0.0023
vn -0.9890 0.1345 -0.0623
vn -0.9962 -0.0102 -0.0865
vn -0.9632 0.2642 -0.0504
vn -0.9935 0.0678 -0.0918
vn -0.9706 0.2349 -0.0521
vn -0.9946 0.0547 -0.0881
vn -0.9747 0.2156 -0.0589
vn -0.9956 0.0040 -0.0941
vn -0.8031 0.1392 0.5793
vn -0.7903 -0.0098 0.6127
vn -0.7813 0.2491 0.5723
vn -0.7783 0.0627 0.6248
vn -0.7860 0.2237 0.5764
vn -0.7815 0.0344 0.6229
vn -0.7913 0.2122 0.5733
vn -0.7873 0.0236 0.6161
vn -0.8304 0.1372 0.5400
vn -0.8441 -0.0081 0.5361
vn -0.8087 0.2576 0.5288
vn -0.8414 0.0535 0.5378
vn -0.8097 0.2282 0.5407
vn -0.8418 0.0305 0.5389
vn -0.8263 0.2133 0.5214
vn -0.8458 0.0184 0.5332
vn -0.8580 0.1329 0.4962
vn -0.8742 -0.0097 0.4854
vn -0.8346 0.2431 0.4943
vn -0.8733 0.0642 0.4829
vn -0.8399 0.2176 0.4972
vn -0.8733 0.0388 0.4856
vn -0.8459 0.2054 0.4922
vn -0.8770 0.0193 0.4801
vn -0.3659 0.1310 0.9214
vn -0.3419 -0.0090 0.9397
vn -0.3554 0.2236 0.9076
vn -0.3267 0.0516 0.9437
vn -0.3555 0.1978 0.9135
vn -0.3306 0.0171 0.9436
vn -0.3613 0.1966 0.9115
vn -0.3382 0.0344 0.9404
vn -0.3889 0.1268 0.9125
vn -0.3985 -0.0074 0.9171
vn -0.3756 0.2243 0.8993
vn -0.3948 0.0439 0.9177
vn -0.3753 0.1964 0.9059
vn -0.3951 0.0128 0.9185
vn -0.3919 0.1929 0.8996
vn -0.4011 0.0311 0.9155
vn -0.4109 0.1264 0.9029
vn -0.4309 -0.0088 0.9023
vn -0.3968 0.2175 0.8918
vn -0.4316 0.0531 0.9005
vn -0.3978 0.1923 0.8971
vn -0.4306 0.0195 0.9023
vn -0.4051 0.1908 0.8941
vn -0.4360 0.0325 0.8993
vn 0.2186 0.1256 0.9677
vn 0.2406 -0.0087 0.9706
vn 0.2176 0.2090 0.9534
vn 0.2523 0.0407 0.9668
vn 0.2218 0.1792 0.9585
vn 0.2496 0.0057 0.9683
vn 0.2160 0.1877 0.9582
vn 0.2425 0.0392 0.9694
vn 0.2006 0.1244 0.9717
vn 0.2056 -0.0073 0.9786
vn 0.2064 0.2134 0.9549
vn 0.2108 0.0330 0.9770
vn 0.2046 0.1815 0.9619
vn 0.2101 0.0006 0.9777
vn 0.1972 0.1872 0.9623
vn 0.2039 0.0370 0.9783
vn 0.1801 0.1282 0.9753
vn 0.1558 -0.0088 0.9878
vn 0.1834 0.2132 0.9596
vn 0.1512 0.0426 0.9876
vn 0.1868 0.1833 0.9652
vn 0.1536 0.0071 0.9881
vn 0.1788 0.1908 0.9652
vn 0.1484 0.0391 0.9882
vn 0.7416 0.1304 0.6580
vn 0.7592 -0.0094 0.6508
vn 0.7290 0.2207 0.6480
vn 0.7658 0.0346 0.6422
vn 0.7372 0.1834 0.6503
vn 0.7645 0.0059 0.6445
vn 0.7322 0.1961 0.6523
vn 0.7600 0.0355 0.6489
vn 0.7123 0.1338 0.6890
vn 0.7260 -0.0078 0.6877
vn 0.7059 0.2339 0.6686
vn 0.7301 0.0257 0.6828
vn 0.7063 0.1933 0.6810
vn 0.7296 -0.0006 0.6839
vn 0.7081 0.2021 0.6766
vn 0.7252 0.0339 0.6877
vn 0.6808 0.1371 0.7196
vn 0.6623 -0.0095 0.7492
vn 0.6710 0.2295 0.7051
vn 0.6564 0.0368 0.7535
vn 0.6787 0.1925 0.7087
vn 0.6591 0.0057 0.7521
vn 0.6721 0.2036 0.7119
vn 0.6555 0.0376 0.7542
vn 0.9830 0.1351 0.1240
vn 0.9946 -0.0101 0.1035
vn 0.9621 0.2421 0.1252
vn 0.9953 0.0333 0.0904
vn 0.9725 0.1976 0.1229
vn 0.9955 0.0160 0.0939
vn 0.9699 0.2083 0.1259
vn 0.9947 0.0237 0.1000
vn 0.9711 0.1400 0.1931
vn 0.9822 -0.0083 0.1877
vn 0.9494 0.2586 0.1782
vn 0.9829 0.0225 0.1826
vn 0.9587 0.2102 0.1918
vn 0.9830 0.0070 0.1835
vn 0.9600 0.2166 0.1773
vn 0.9818 0.0232 0.1887
vn 0.9588 0.1388 0.2480
vn 0.9590 -0.0102 0.2831
vn 0.9386 0.2437 0.2440
vn 0.9565 0.0341 0.2896
vn 0.9492 0.2004 0.2428
vn 0.9578 0.0125 0.2872
vn 0.9456 0.2105 0.2481
vn 0.9564 0.0284 0.2906
vn 0.8981 0.1282 -0.4207
vn 0.8935 -0.0100 -0.4489
vn 0.8785 0.2513 -0.4063
vn 0.8860 0.0340 -0.4624
vn 0.8877 0.2032 -0.4130
vn 0.8881 0.0292 -0.4587
vn 0.8874 0.2079 -0.4115
vn 0.8913 0.0082 -0.4533
vn 0.9253 0.1293 -0.3565
vn 0.9334 -0.0082 -0.3586
vn 0.8979 0.2610 -0.3546
vn 0.9321 0.0227 -0.3615
vn 0.9130 0.2095 -0.3502
vn 0.9323 0.0193 -0.3612
vn 0.9064 0.2109 -0.3660
vn 0.9342 0.0084 -0.3566
vn 0.9396 0.1257 -0.3185
vn 0.9551 -0.0099 -0.2962
vn 0.9195 0.2434 -0.3085
vn 0.9556 0.0330 -0.2927
vn 0.9285 0.1964 -0.3150
vn 0.9554 0.0245 -0.2942
vn 0.9291 0.2018 -0.3099
vn 0.9568 0.0129 -0.2906
vn 0.5422 0.1112 -0.8329
vn 0.5233 -0.0092 -0.8521
vn 0.5322 0.2443 -0.8106
vn 0.5107 0.0369 -0.8590
vn 0.5371 0.1972 -0.8201
vn 0.5139 0.0417 -0.8569
vn 0.5378 0.1941 -0.8204
vn 0.5197 -0.0061 -0.8543
vn 0.5722 0.1074 -0.8131
vn 0.5792 -0.0077 -0.8152
vn 0.5556 0.2450 -0.7945
vn 0.5770 0.0266 -0.8163
vn 0.5648 0.1957 -0.8017
vn 0.5770 0.0336 -0.8161
vn 0.5560 0.1903 -0.8091
vn 0.5814 -0.0069 -0.8136
vn 0.5834 0.1059 -0.8053
vn 0.6028 -0.0091 -0.7978
vn 0.5712 0.2347 -0.7865
vn 0.6040 0.0349 -0.7962
vn 0.5760 0.1882 -0.7955
vn 0.6030 0.0385 -0.7968
vn 0.5794 0.1856 -0.7936
vn 0.6068 -0.0040 -0.7948
vn -0.0054 0.0989 -0.9951
vn -0.0269 -0.0087 -0.9996
vn -0.0048 0.2361 -0.9717
vn -0.0379 0.0440 -0.9983
vn -0.0047 0.1939 -0.9810
vn -0.0355 0.0526 -0.9980
vn -0.0038 0.1825 -0.9832
vn -0.0292 -0.0146 -0.9995
vn -0.0044 -0.1353 -0.9908
vn -0.0096 -0.1368 -0.9906
vn 0.5753 -0.1550 -0.8032
vn 0.5601 -0.1588 -0.8130
vn 0.5350 -0.1608 -0.8294
vn 0.9292 -0.1857 -0.3196
vn 0.9114 -0.1925 -0.3638
vn 0.8879 -0.1878 -0.4199
vn 0.9487 -0.2035 0.2420
vn 0.9612 -0.2078 0.1815
vn 0.9726 -0.1987 0.1205
vn 0.6751 -0.1990 0.7103
vn 0.7078 -0.1974 0.6783
vn 0.7347 -0.1912 0.6510
vn 0.1798 -0.1816 0.9668
vn 0.1992 -0.1786 0.9635
vn 0.2164 -0.1786 0.9598
vn -0.4074 -0.1701 0.8973
vn -0.3889 -0.1724 0.9050
vn -0.3643 -0.1761 0.9145
vn -0.8524 -0.1697 0.4947
vn -0.8279 -0.1778 0.5319
vn -0.7984 -0.1779 0.5752
vn -0.9841 -0.1678 -0.0590
vn -0.9844 -0.1757 0.0033
vn -0.9836 -0.1694 0.0614
vn -0.8062 -0.1556 -0.5708
vn -0.8341 -0.1565 -0.5290
vn -0.8538 -0.1491 -0.4988
vn -0.3793 -0.1399 -0.9146
vn -0.3953 -0.1362 -0.9084
vn -0.2133 -0.1351 -0.9676
vn -0.0063 -0.1879 -0.9822
vn -0.0122 -0.1894 -0.9818
vn 0.5708 -0.2034 -0.7955
vn 0.5544 -0.2083 -0.8057
vn 0.5299 -0.2108 -0.8214
vn 0.9231 -0.2226 -0.3137
vn 0.9037 -0.2321 -0.3597
vn 0.8812 -0.2281 -0.4141
vn 0.9428 -0.2261 0.2448
vn 0.9551 -0.2335 0.1821
vn 0.9666 -0.2249 0.1231
vn 0.6719 -0.2086 0.7107
vn 0.7056 -0.2086 0.6772
vn 0.7315 -0.2023 0.6511
vn 0.1798 -0.1829 0.9666
vn 0.2004 -0.1803 0.9630
vn 0.2164 -0.1802 0.9595
vn -0.4049 -0.1719 0.8981
vn -0.3856 -0.1748 0.9059
vn -0.3615 -0.1784 0.9151
vn -0.8480 -0.1819 0.4979
vn -0.8233 -0.1905 0.5347
vn -0.7935 -0.1890 0.5785
vn -0.9794 -0.1949 -0.0524
vn -0.9792 -0.2027 0.0083
vn -0.9787 -0.1938 0.0682
vn -0.8036 -0.1966 -0.5618
vn -0.8300 -0.1972 -0.5217
vn -0.8514 -0.1879 -0.4897
vn -0.3798 -0.1901 -0.9053
vn -0.3946 -0.1863 -0.8998
vn -0.2152 -0.1866 -0.9586
vn 0.0001 -0.1167 -0.9932
vn -0.0064 -0.1200 -0.9927
vn 0.5818 -0.1265 -0.8035
vn 0.5696 -0.1282 -0.8119
vn 0.5400 -0.1326 -0.8311
vn 0.9369 -0.1461 -0.3177
vn 0.9220 -0.1501 -0.3570
vn 0.8950 -0.1494 -0.4204
vn 0.9559 -0.1589 0.2470
vn 0.9684 -0.1602 0.1911
vn 0.9802 -0.1555 0.1225
vn 0.6792 -0.1563 0.7171
vn 0.7111 -0.1528 0.6863
vn 0.7404 -0.1497 0.6553
vn 0.1802 -0.1466 0.9726
vn 0.2012 -0.1424 0.9691
vn 0.2192 -0.1442 0.9650
vn -0.4093 -0.1448 0.9008
vn -0.3869 -0.1450 0.9106
vn -0.3638 -0.1500 0.9193
vn -0.8552 -0.1523 0.4953
vn -0.8274 -0.1567 0.5393
vn -0.7999 -0.1592 0.5787
vn -0.9860 -0.1550 -0.0614
vn -0.9872 -0.1593 0.0099
vn -0.9857 -0.1569 0.0619
vn -0.8054 -0.1445 -0.5749
vn -0.8375 -0.1435 -0.5272
vn -0.8541 -0.1401 -0.5009
vn -0.3754 -0.1268 -0.9181
vn -0.3947 -0.1223 -0.9106
vn -0.2094 -0.1217 -0.9702
vn 0.0010 -0.0642 -0.9979
vn -0.0138 -0.0667 -0.9977
vn 0.5945 -0.0608 -0.8018
vn 0.5698 -0.0589 -0.8197
vn 0.5380 -0.0622 -0.8406
vn 0.9516 -0.0465 -0.3038
vn 0.9284 -0.0456 -0.3689
vn 0.9025 -0.0503 -0.4278
vn 0.9619 -0.0303 0.2717
vn 0.9826 -0.0299 0.1835
vn 0.9915 -0.0345 0.1253
vn 0.6726 -0.0174 0.7398
vn 0.7241 -0.0160 0.6896
vn 0.7473 -0.0194 0.6642
vn 0.1698 -0.0107 0.9854
vn 0.2039 -0.0083 0.9790
vn 0.2258 -0.0109 0.9741
vn -0.4166 -0.0127 0.9090
vn -0.3956 -0.0099 0.9184
vn -0.3551 -0.0121 0.9348
vn -0.8646 -0.0240 0.5018
vn -0.8433 -0.0202 0.5370
vn -0.7982 -0.0212 0.6020
vn -0.9972 -0.0399 -0.0639
vn -0.9994 -0.0352 -0.0024
vn -0.9960 -0.0356 0.0820
vn -0.8088 -0.0549 -0.5855
vn -0.8401 -0.0506 -0.5400
vn -0.8682 -0.0519 -0.4935
vn -0.3695 -0.0647 -0.9270
vn -0.3929 -0.0618 -0.9175
vn -0.2114 -0.0669 -0.9751
vn -0.5553 0.7373 0.3847
vn -0.5994 0.7160 0.3578
vn -0.3947 0.8860 0.2432
vn -0.3601 0.8942 0.2658
vn 0.3485 0.7694 -0.5353
vn 0.6438 0.7474 -0.1642
vn 0.5088 0.7200 0.4718
vn 0.1004 0.7124 0.6946
vn -0.5406 0.7151 0.4432
vn -0.6803 0.7324 -0.0279
vn -0.0040 0.7878 -0.6159
vn -0.0206 0.7722 -0.6350
vn -0.1475 0.7663 -0.6253
vn 0.6353 0.7557 0.1589
vn 0.6696 0.7357 0.1020
vn -0.2636 0.7296 0.6311
vn -0.2386 0.7109 0.6616
vn -0.5973 0.7455 -0.2956
vn 0.6038 0.7718 -0.1995
vn 0.1259 0.7309 0.6708
vn -0.6586 0.7516 0.0365
vn 0.4020 0.7653 -0.5026
vn 0.4417 0.7195 0.5359
vn -0.2447 0.7684 -0.5914
vn 0.5987 0.7549 -0.2676
vn 0.1541 0.7122 0.6849
vn -0.6810 0.7261 0.0952
vn 0.3702 0.7846 -0.4973
vn 0.4650 0.7408 0.4848
vn -0.2633 0.7832 -0.5632
vn 0.6443 0.7307 0.2257
vn -0.2963 0.7099 0.6389
vn -0.4268 0.9034 0.0422
vn -0.4426 0.8967 -0.0074
vn -0.2097 0.9777 0.0126
vn -0.1847 0.9818 0.0442
vn 0.3800 0.9110 -0.1602
vn 0.4115 0.8948 0.1731
vn -0.3476 0.8848 0.3103
vn 0.4055 0.9060 0.1210
vn 0.4315 0.8989 0.0762
vn 0.2765 0.8876 0.3683
vn -0.4434 0.8919 0.0891
vn 0.2956 0.8965 0.3301
vn -0.3489 0.9096 -0.2258
vn 0.3306 0.8886 0.3179
vn -0.3611 0.9144 -0.1829
vn 0.0560 0.8831 0.4659
vn -0.0057 0.9268 -0.3755
vn -0.0211 0.9214 -0.3880
vn -0.3932 0.9045 -0.1653
vn 0.0776 0.8903 0.4488
vn 0.2610 0.9173 -0.3009
vn -0.1557 0.9191 -0.3619
vn 0.1014 0.8832 0.4580
vn 0.2343 0.9247 -0.3000
vn -0.1719 0.9238 -0.3420
vn -0.1995 0.8817 0.4275
vn 0.2161 0.9199 -0.3274
vn -0.0985 0.9195 -0.3805
vn -0.1723 0.8894 0.4235
vn 0.4165 0.9057 -0.0791
vn -0.1514 0.8822 0.4459
vn 0.3851 0.9164 -0.1093
vn -0.0195 0.9885 -0.1498
vn -0.0070 0.9917 -0.1283
vn -0.0527 0.9856 -0.1608
vn -0.0751 0.9905 -0.1152
vn -0.0694 0.9877 -0.1403
vn -0.1913 0.9805 -0.0443
vn -0.1550 0.9866 -0.0514
vn -0.1600 0.9835 -0.0841
vn -0.2106 0.9746 0.0758
vn -0.1599 0.9716 0.1745
vn -0.1552 0.9780 0.1397
vn -0.1922 0.9726 0.1305
vn -0.0673 0.9707 0.2308
vn -0.0756 0.9761 0.2038
vn -0.1020 0.9706 0.2182
vn 0.0485 0.9713 0.2329
vn 0.0272 0.9765 0.2139
vn 0.0151 0.9711 0.2384
vn 0.1548 0.9739 0.1662
vn 0.1184 0.9789 0.1665
vn 0.1173 0.9729 0.1993
vn 0.1986 0.9787 0.0512
vn 0.1667 0.9829 0.0783
vn 0.1852 0.9760 0.1144
vn 0.1679 0.9842 -0.0560
vn 0.1570 0.9874 -0.0208
vn 0.1934 0.9811 -0.0031
vn 0.0887 0.9880 -0.1265
vn 0.0918 0.9909 -0.0988
vn 0.1216 0.9866 -0.1086
vn 0.0040 -0.2376 -0.9714
vn -0.0001 0.3026 -0.9531
vn -0.0048 0.2794 -0.9602
vn -0.0012 -0.2394 -0.9709
vn 0.5493 0.2908 -0.7834
vn 0.5825 -0.2226 -0.7817
vn 0.5407 0.3165 -0.7794
vn 0.5730 -0.2277 -0.7873
vn 0.5133 0.2911 -0.8073
vn 0.5435 -0.2323 -0.8066
vn 0.8921 0.3164 -0.3225
vn 0.9355 -0.1907 -0.2973
vn 0.8726 0.3432 -0.3475
vn 0.9220 -0.2026 -0.3300
vn 0.8545 0.3127 -0.4149
vn 0.8953 -0.2049 -0.3956
vn 0.9112 0.3476 0.2211
vn 0.9536 -0.1452 0.2637
vn 0.9130 0.3724 0.1664
vn 0.9641 -0.1558 0.2150
vn 0.9338 0.3408 0.1087
vn 0.9777 -0.1534 0.1432
vn 0.6417 0.3736 0.6698
vn 0.6775 -0.0947 0.7294
vn 0.6679 0.3966 0.6298
vn 0.7054 -0.0963 0.7022
vn 0.6968 0.3689 0.6151
vn 0.7368 -0.0923 0.6698
vn 0.1664 0.3851 0.9077
vn 0.1797 -0.0601 0.9819
vn 0.1848 0.4079 0.8941
vn 0.1980 -0.0578 0.9785
vn 0.2001 0.3843 0.9013
vn 0.2156 -0.0573 0.9748
vn -0.3891 0.3758 0.8411
vn -0.4084 -0.0699 0.9101
vn -0.3703 0.4006 0.8381
vn -0.3857 -0.0715 0.9199
vn -0.3495 0.3782 0.8572
vn -0.3657 -0.0735 0.9278
vn -0.8162 0.3484 0.4610
vn -0.8521 -0.1246 0.5083
vn -0.7865 0.3778 0.4886
vn -0.8224 -0.1282 0.5542
vn -0.7664 0.3547 0.5355
vn -0.7986 -0.1234 0.5891
vn -0.9456 0.3171 -0.0725
vn -0.9813 -0.1876 -0.0431
vn -0.9372 0.3488 -0.0074
vn -0.9815 -0.1887 0.0309
vn -0.9455 0.3232 0.0388
vn -0.9813 -0.1768 0.0759
vn -0.7702 0.2932 -0.5664
vn -0.8011 -0.2289 -0.5530
vn -0.7964 0.3214 -0.5123
vn -0.8333 -0.2260 -0.5045
vn -0.8139 0.2945 -0.5007
vn -0.8483 -0.2163 -0.4832
vn -0.3573 0.2805 -0.8909
vn -0.3724 -0.2421 -0.8959
vn -0.3754 0.3042 -0.8755
vn -0.3910 -0.2383 -0.8890
vn -0.5428 0.7179 -0.4359
vn -0.5571 0.7387 -0.3795
vn -0.1982 0.2715 -0.9418
vn -0.2052 -0.2398 -0.9489
vn -0.2091 -0.9082 -0.3627
vn -0.2079 -0.9434 -0.2584
vn 0.0009 -0.9639 -0.2663
vn 0.0011 -0.9313 -0.3644
vn -0.2045 -0.5457 -0.8127
vn -0.2093 -0.6204 -0.7558
vn -0.0027 -0.6480 -0.7616
vn 0.0029 -0.5638 -0.8259
vn -0.2031 -0.2059 -0.9572
vn -0.2099 -0.3058 -0.9287
vn -0.0025 -0.3251 -0.9457
vn 0.0002 -0.2208 -0.9753
vn -0.2010 0.0499 -0.9783
vn -0.2052 -0.0987 -0.9737
vn 0.0029 -0.1028 -0.9947
vn -0.0014 0.0422 -0.9991
vn -0.3950 -0.8506 -0.3471
vn -0.4006 -0.8834 -0.2433
vn -0.3901 -0.4939 -0.7771
vn -0.4046 -0.5845 -0.7034
vn -0.3933 -0.1721 -0.9031
vn -0.4042 -0.2882 -0.8681
vn -0.3930 0.0626 -0.9174
vn -0.3994 -0.0961 -0.9117
vn -0.3757 -0.8567 -0.3533
vn -0.3548 -0.9018 -0.2470
vn -0.3665 -0.4989 -0.7853
vn -0.3484 -0.5940 -0.7251
vn -0.3693 -0.1737 -0.9129
vn -0.3513 -0.2911 -0.8899
vn -0.3673 0.0648 -0.9278
vn -0.3478 -0.0959 -0.9327
vn -0.8557 -0.4519 -0.2521
vn -0.8731 -0.4715 -0.1240
vn -0.8324 -0.1927 -0.5196
vn -0.8762 -0.2754 -0.3955
vn -0.8392 0.0072 -0.5438
vn -0.8759 -0.1213 -0.4670
vn -0.8411 0.1363 -0.5234
vn -0.8739 -0.0480 -0.4838
vn -0.8396 -0.4756 -0.2624
vn -0.8477 -0.5124 -0.1372
vn -0.8266 -0.1800 -0.5333
vn -0.8493 -0.3151 -0.4235
vn -0.8298 0.0157 -0.5579
vn -0.8494 -0.1440 -0.5077
vn -0.8292 0.1422 -0.5405
vn -0.8471 -0.0554 -0.5285
vn -0.8072 -0.5215 -0.2764
vn -0.7970 -0.5835 -0.1556
vn -0.7845 -0.2348 -0.5739
vn -0.7908 -0.3649 -0.4913
vn -0.7921 -0.0125 -0.6103
vn -0.7935 -0.1667 -0.5854
vn -0.7922 0.1330 -0.5956
vn -0.7919 -0.0613 -0.6075
vn -0.9888 0.0954 -0.1144
vn -0.9957 0.0859 0.0350
vn -0.9621 0.2281 -0.1495
vn -0.9920 0.1219 0.0326
vn -0.9693 0.2436 -0.0342
vn -0.9933 0.0854 0.0781
vn -0.9728 0.2299 0.0270
vn -0.9954 0.0172 0.0945
vn -0.9903 0.0467 -0.1308
vn -1.0000 0.0021 0.0093
vn -0.9574 0.2286 -0.1762
vn -0.9983 0.0478 -0.0321
vn -0.9675 0.2431 -0.0702
vn -0.9989 0.0456 -0.0082
vn -0.9728 0.2311 -0.0161
vn -1.0000 0.0039 0.0020
vn -0.9890 -0.0231 -0.1464
vn -0.9962 -0.0860 -0.0138
vn -0.9623 0.1426 -0.2318
vn -0.9935 -0.0119 -0.1135
vn -0.9697 0.1978 -0.1433
vn -0.9946 0.0184 -0.1021
vn -0.9726 0.2126 -0.0940
vn -0.9956 -0.0042 -0.0941
vn -0.8031 0.5953 0.0245
vn -0.7903 0.5866 0.1769
vn -0.7746 0.5960 0.2116
vn -0.7782 0.4677 0.4190
vn -0.7829 0.4343 0.4455
vn -0.7815 0.2618 0.5663
vn -0.7901 0.2974 0.5359
vn -0.7873 0.0768 0.6117
vn -0.8304 0.5569 0.0156
vn -0.8441 0.5135 0.1543
vn -0.7874 0.5857 0.1924
vn -0.8414 0.4023 0.3609
vn -0.8037 0.4265 0.4150
vn -0.8418 0.2271 0.4897
vn -0.8153 0.2919 0.5000
vn -0.8458 0.0644 0.5296
vn -0.8580 0.5136 0.0078
vn -0.8742 0.4643 0.1420
vn -0.8302 0.5323 0.1654
vn -0.8733 0.3731 0.3133
vn -0.8373 0.3969 0.3761
vn -0.8733 0.2152 0.4371
vn -0.8456 0.2788 0.4553
vn -0.8770 0.0607 0.4767
vn -0.3659 0.9221 0.1259
vn -0.3419 0.9015 0.2655
vn -0.3470 0.8144 0.4652
vn -0.3268 0.6746 0.6619
vn -0.3517 0.5334 0.7693
vn -0.3306 0.3639 0.8708
vn -0.3602 0.3255 0.8743
vn -0.3383 0.1155 0.9339
vn -0.3889 0.9124 0.1275
vn -0.3985 0.8802 0.2579
vn -0.3597 0.8094 0.4641
vn -0.3948 0.6514 0.6479
vn -0.3728 0.5288 0.7624
vn -0.3951 0.3507 0.8490
vn -0.3853 0.3190 0.8659
vn -0.4011 0.1100 0.9094
vn -0.4109 0.9030 0.1253
vn -0.4309 0.8656 0.2552
vn -0.3890 0.7969 0.4622
vn -0.4316 0.6466 0.6290
vn -0.3932 0.5213 0.7574
vn -0.4306 0.3509 0.8315
vn -0.4049 0.3170 0.8576
vn -0.4360 0.1101 0.8932
vn 0.2186 0.9652 0.1437
vn 0.2406 0.9312 0.2737
vn 0.2140 0.8331 0.5100
vn 0.2523 0.6821 0.6864
vn 0.2199 0.5264 0.8213
vn 0.2496 0.3625 0.8979
vn 0.2158 0.3196 0.9227
vn 0.2425 0.1228 0.9623
vn 0.2006 0.9687 0.1460
vn 0.2056 0.9393 0.2746
vn 0.1979 0.8379 0.5087
vn 0.2108 0.6833 0.6990
vn 0.1979 0.5318 0.8234
vn 0.2101 0.3612 0.9085
vn 0.1911 0.3195 0.9281
vn 0.2039 0.1214 0.9714
vn 0.1801 0.9732 0.1433
vn 0.1558 0.9477 0.2785
vn 0.1797 0.8422 0.5083
vn 0.1512 0.6976 0.7004
vn 0.1856 0.5351 0.8242
vn 0.1536 0.3710 0.9158
vn 0.1777 0.3242 0.9291
vn 0.1484 0.1243 0.9811
vn 0.7416 0.6686 0.0544
vn 0.7592 0.6234 0.1869
vn 0.7233 0.6275 0.2884
vn 0.7658 0.4587 0.4507
vn 0.7347 0.4115 0.5394
vn 0.7645 0.2432 0.5969
vn 0.7323 0.2846 0.6186
vn 0.7600 0.0914 0.6435
vn 0.7123 0.6994 0.0597
vn 0.7260 0.6594 0.1955
vn 0.6841 0.6639 0.3020
vn 0.7301 0.4795 0.4868
vn 0.6971 0.4383 0.5674
vn 0.7296 0.2517 0.6359
vn 0.6953 0.2961 0.6549
vn 0.7252 0.0931 0.6823
vn 0.6808 0.7296 0.0649
vn 0.6623 0.7180 0.2140
vn 0.6633 0.6782 0.3162
vn 0.6564 0.5354 0.5315
vn 0.6758 0.4469 0.5861
vn 0.6590 0.2827 0.6969
vn 0.6709 0.3016 0.6774
vn 0.6555 0.1026 0.7482
vn 0.9830 0.1562 -0.0961
vn 0.9946 0.0968 0.0380
vn 0.9615 0.2577 -0.0952
vn 0.9953 0.0856 0.0443
vn 0.9745 0.2201 0.0440
vn 0.9954 0.0495 0.0814
vn 0.9701 0.2240 0.0938
vn 0.9947 0.0323 0.0976
vn 0.9711 0.2240 -0.0818
vn 0.9822 0.1783 0.0593
vn 0.9392 0.3405 -0.0448
vn 0.9829 0.1398 0.1196
vn 0.9569 0.2674 0.1134
vn 0.9830 0.0742 0.1680
vn 0.9549 0.2436 0.1696
vn 0.9818 0.0394 0.1860
vn 0.9588 0.2765 -0.0657
vn 0.9590 0.2696 0.0872
vn 0.9372 0.3483 -0.0162
vn 0.9565 0.2205 0.1908
vn 0.9502 0.2726 0.1511
vn 0.9578 0.1176 0.2623
vn 0.9455 0.2442 0.2154
vn 0.9564 0.0534 0.2870
vn 0.8981 -0.3696 -0.2384
vn 0.8935 -0.4346 -0.1131
vn 0.8746 -0.1352 -0.4657
vn 0.8860 -0.2867 -0.3643
vn 0.8894 0.0131 -0.4570
vn 0.8881 -0.1420 -0.4371
vn 0.8861 0.1492 -0.4388
vn 0.8913 -0.0310 -0.4523
vn 0.9253 -0.3076 -0.2218
vn 0.9334 -0.3472 -0.0901
vn 0.9098 -0.0571 -0.4111
vn 0.9321 -0.2270 -0.2822
vn 0.9195 0.0506 -0.3898
vn 0.9323 -0.1153 -0.3428
vn 0.9141 0.1617 -0.3718
vn 0.9342 -0.0225 -0.3560
vn 0.9396 -0.2720 -0.2080
vn 0.9551 -0.2876 -0.0714
vn 0.9165 -0.0701 -0.3939
vn 0.9556 -0.1730 -0.2384
vn 0.9297 0.0459 -0.3654
vn 0.9554 -0.0858 -0.2825
vn 0.9280 0.1573 -0.3379
vn 0.9568 -0.0122 -0.2906
vn 0.5422 -0.7707 -0.3347
vn 0.5233 -0.8222 -0.2241
vn 0.5256 -0.4403 -0.7279
vn 0.5107 -0.5522 -0.6590
vn 0.5370 -0.1542 -0.8294
vn 0.5139 -0.2772 -0.8118
vn 0.5366 0.0785 -0.8402
vn 0.5197 -0.0798 -0.8506
vn 0.5722 -0.7528 -0.3256
vn 0.5792 -0.7862 -0.2155
vn 0.5692 -0.4181 -0.7079
vn 0.5770 -0.5309 -0.6206
vn 0.5703 -0.1474 -0.8081
vn 0.5770 -0.2697 -0.7709
vn 0.5650 0.0769 -0.8215
vn 0.5814 -0.0771 -0.8100
vn 0.5834 -0.7457 -0.3220
vn 0.6028 -0.7699 -0.2094
vn 0.5635 -0.4312 -0.7046
vn 0.6040 -0.5112 -0.6114
vn 0.5749 -0.1533 -0.8037
vn 0.6030 -0.2581 -0.7548
vn 0.5776 0.0735 -0.8130
vn 0.6068 -0.0727 -0.7915
vn -0.0054 -0.9301 -0.3672
vn -0.0269 -0.9639 -0.2649
vn -0.0050 -0.5635 -0.8261
vn -0.0379 -0.6409 -0.7667
vn -0.0024 -0.2197 -0.9756
vn -0.0355 -0.3192 -0.9470
vn -0.0021 0.0449 -0.9990
vn -0.0292 -0.1009 -0.9945
vn -0.0029 -0.4060 -0.9139
vn -0.0088 -0.4108 -0.9117
vn 0.5735 -0.3757 -0.7279
vn 0.5786 -0.3768 -0.7234
vn 0.5350 -0.3873 -0.7508
vn 0.9282 -0.2671 -0.2590
vn 0.9253 -0.2776 -0.2585
vn 0.8877 -0.2954 -0.3531
vn 0.9501 -0.1256 0.2855
vn 0.9521 -0.1378 0.2731
vn 0.9740 -0.1539 0.1665
vn 0.6761 0.0091 0.7367
vn 0.6877 0.0072 0.7260
vn 0.7368 0.0002 0.6761
vn 0.1788 0.0975 0.9790
vn 0.1921 0.1019 0.9761
vn 0.2156 0.0984 0.9715
vn -0.4109 0.0921 0.9070
vn -0.3760 0.0947 0.9218
vn -0.3672 0.0907 0.9257
vn -0.8564 -0.0156 0.5160
vn -0.8097 -0.0075 0.5868
vn -0.8018 -0.0023 0.5976
vn -0.9858 -0.1673 -0.0167
vn -0.9844 -0.1499 0.0921
vn -0.9855 -0.1372 0.0994
vn -0.8065 -0.3027 -0.5079
vn -0.8522 -0.2856 -0.4384
vn -0.8527 -0.2782 -0.4421
vn -0.3792 -0.3899 -0.8392
vn -0.4070 -0.3807 -0.8303
vn -0.2107 -0.4033 -0.8905
vn -0.0047 -0.7058 -0.7084
vn -0.0120 -0.7120 -0.7021
vn 0.5673 -0.6199 -0.5421
vn 0.5829 -0.6153 -0.5306
vn 0.5286 -0.6385 -0.5593
vn 0.9203 -0.3658 -0.1387
vn 0.9236 -0.3666 -0.1117
vn 0.8792 -0.4236 -0.2182
vn 0.9425 -0.0598 0.3287
vn 0.9366 -0.0650 0.3444
vn 0.9664 -0.1269 0.2233
vn 0.6699 0.2058 0.7133
vn 0.6704 0.2091 0.7119
vn 0.7325 0.1744 0.6581
vn 0.1760 0.3628 0.9151
vn 0.1889 0.3739 0.9080
vn 0.2143 0.3587 0.9085
vn -0.4108 0.3392 0.8463
vn -0.3625 0.3548 0.8618
vn -0.3649 0.3433 0.8654
vn -0.8541 0.1227 0.5054
vn -0.7901 0.1627 0.5910
vn -0.7972 0.1608 0.5819
vn -0.9814 -0.1851 0.0511
vn -0.9763 -0.1230 0.1783
vn -0.9807 -0.1202 0.1540
vn -0.8035 -0.4721 -0.3627
vn -0.8585 -0.4258 -0.2857
vn -0.8495 -0.4285 -0.3079
vn -0.3798 -0.6659 -0.6422
vn -0.4139 -0.6514 -0.6359
vn -0.2116 -0.6975 -0.6846
vn -0.0008 -0.9403 -0.3403
vn -0.0065 -0.9465 -0.3226
vn 0.5755 -0.7813 -0.2418
vn 0.6001 -0.7631 -0.2400
vn 0.5366 -0.8059 -0.2502
vn 0.9338 -0.3568 -0.0271
vn 0.9459 -0.3245 0.0064
vn 0.8924 -0.4455 -0.0714
vn 0.9614 0.1433 0.2351
vn 0.9488 0.1671 0.2682
vn 0.9849 0.0325 0.1700
vn 0.6858 0.5613 0.4633
vn 0.6716 0.5744 0.4679
vn 0.7501 0.5046 0.4274
vn 0.1827 0.7866 0.5899
vn 0.1880 0.7976 0.5731
vn 0.2224 0.7790 0.5862
vn -0.4146 0.7227 0.5529
vn -0.3607 0.7514 0.5525
vn -0.3672 0.7390 0.5649
vn -0.8645 0.3627 0.3481
vn -0.7883 0.4558 0.4134
vn -0.8066 0.4377 0.3972
vn -0.9878 -0.1296 0.0864
vn -0.9821 0.0093 0.1881
vn -0.9887 -0.0219 0.1485
vn -0.8023 -0.5805 -0.1388
vn -0.8699 -0.4861 -0.0832
vn -0.8490 -0.5171 -0.1083
vn -0.3739 -0.8812 -0.2891
vn -0.4181 -0.8593 -0.2945
vn -0.2039 -0.9291 -0.3085
vn 0.0010 -0.9775 -0.2110
vn -0.0138 -0.9779 -0.2086
vn 0.5945 -0.7879 -0.1607
vn 0.5698 -0.8045 -0.1674
vn 0.5380 -0.8256 -0.1700
vn 0.9516 -0.3049 -0.0384
vn 0.9284 -0.3673 -0.0570
vn 0.9025 -0.4252 -0.0686
vn 0.9619 0.2531 0.1034
vn 0.9826 0.1683 0.0789
vn 0.9915 0.1111 0.0674
vn 0.6726 0.7069 0.2190
vn 0.7241 0.6589 0.2039
vn 0.7473 0.6336 0.2003
vn 0.1698 0.9450 0.2797
vn 0.2039 0.9394 0.2756
vn 0.2258 0.9340 0.2768
vn -0.4166 0.8709 0.2608
vn -0.3956 0.8807 0.2606
vn -0.3551 0.8959 0.2672
vn -0.8646 0.4761 0.1602
vn -0.8433 0.5110 0.1662
vn -0.7982 0.5732 0.1850
vn -0.9972 -0.0724 0.0209
vn -0.9994 -0.0120 0.0332
vn -0.9960 0.0691 0.0567
vn -0.8088 -0.5782 -0.1073
vn -0.8401 -0.5333 -0.0989
vn -0.8682 -0.4889 -0.0850
vn -0.3695 -0.9093 -0.1912
vn -0.3929 -0.8995 -0.1914
vn -0.2114 -0.9562 -0.2022
vn -0.5553 0.7678 0.3195
vn -0.5994 0.7443 0.2947
vn -0.3947 0.9037 0.1657
vn -0.3601 0.9139 0.1876
vn 0.3485 0.7203 -0.5998
vn 0.6438 0.7304 -0.2281
vn 0.5088 0.7581 0.4079
vn 0.1004 0.7697 0.6304
vn -0.5407 0.7507 0.3797
vn -0.6803 0.7272 -0.0911
vn -0.0040 0.7316 -0.6817
vn -0.0206 0.7145 -0.6993
vn -0.1475 0.7094 -0.6892
vn 0.6353 0.7667 0.0931
vn 0.6696 0.7418 0.0381
vn -0.2636 0.7813 0.5657
vn -0.2386 0.7654 0.5977
vn -0.5973 0.7172 -0.3589
vn 0.6038 0.7517 -0.2654
vn 0.1259 0.7861 0.6051
vn -0.6586 0.7519 -0.0286
vn 0.4020 0.7191 -0.5668
vn 0.4417 0.7631 0.4717
vn -0.2447 0.7144 -0.6555
vn 0.5987 0.7290 -0.3318
vn 0.1541 0.7687 0.6208
vn -0.6810 0.7316 0.0321
vn 0.3703 0.7387 -0.5632
vn 0.4650 0.7799 0.4190
vn -0.2633 0.7316 -0.6288
vn 0.6443 0.7474 0.1617
vn -0.2964 0.7625 0.5752
vn -0.4268 0.9036 -0.0359
vn -0.4426 0.8927 -0.0849
vn -0.2096 0.9751 -0.0719
vn -0.1847 0.9819 -0.0408
vn 0.3800 0.8938 -0.2383
vn 0.4115 0.9065 0.0951
vn -0.3476 0.9083 0.2326
vn 0.4055 0.9131 0.0423
vn 0.4315 0.9021 -0.0018
vn 0.2765 0.9161 0.2902
vn -0.4434 0.8963 0.0118
vn 0.2955 0.9217 0.2514
vn -0.3489 0.8867 -0.3035
vn 0.3306 0.9128 0.2399
vn -0.3611 0.8952 -0.2613
vn 0.0561 0.9200 0.3878
vn -0.0058 0.8909 -0.4542
vn -0.0211 0.8845 -0.4661
vn -0.3932 0.8868 -0.2428
vn 0.0776 0.9257 0.3702
vn 0.2610 0.8878 -0.3790
vn -0.1557 0.8844 -0.4399
vn 0.1014 0.9194 0.3799
vn 0.2343 0.8953 -0.3788
vn -0.1719 0.8908 -0.4206
vn -0.1994 0.9154 0.3497
vn 0.2161 0.8881 -0.4056
vn -0.0985 0.8832 -0.4586
vn -0.1723 0.9226 0.3450
vn 0.4165 0.8955 -0.1570
vn -0.1514 0.9174 0.3680
vn 0.3851 0.9035 -0.1880
vn -0.0195 0.9719 -0.2347
vn -0.0070 0.9769 -0.2135
vn -0.0528 0.9680 -0.2454
vn -0.0751 0.9768 -0.2004
vn -0.0694 0.9718 -0.2252
vn -0.1913 0.9730 -0.1289
vn -0.1550 0.9784 -0.1365
vn -0.1600 0.9726 -0.1687
vn -0.2106 0.9775 -0.0087
vn -0.1599 0.9830 0.0899
vn -0.1552 0.9864 0.0547
vn -0.1922 0.9803 0.0459
vn -0.0673 0.9870 0.1460
vn -0.0756 0.9900 0.1187
vn -0.1020 0.9858 0.1335
vn 0.0485 0.9878 0.1482
vn 0.0272 0.9913 0.1287
vn 0.0151 0.9880 0.1535
vn 0.1548 0.9846 0.0814
vn 0.1183 0.9896 0.0813
vn 0.1173 0.9865 0.1144
vn 0.1986 0.9795 -0.0335
vn 0.1667 0.9860 -0.0069
vn 0.1852 0.9823 0.0297
vn 0.1678 0.9757 -0.1409
vn 0.1570 0.9819 -0.1061
vn 0.1934 0.9772 -0.0878
vn 0.0887 0.9734 -0.2114
vn 0.0918 0.9786 -0.1841
vn 0.1216 0.9735 -0.1935
vn -0.0040 -0.2376 0.9714
vn 0.0001 0.3026 0.9531
vn 0.0048 0.2794 0.9602
vn 0.0013 -0.2394 0.9709
vn -0.5494 0.2907 0.7834
vn -0.5825 -0.2226 0.7817
vn -0.5407 0.3165 0.7794
vn -0.5730 -0.2277 0.7873
vn -0.5133 0.2911 0.8074
vn -0.5435 -0.2323 0.8066
vn -0.8921 0.3164 0.3225
vn -0.9355 -0.1907 0.2973
vn -0.8726 0.3432 0.3475
vn -0.9220 -0.2026 0.3300
vn -0.8545 0.3127 0.4149
vn -0.8953 -0.2049 0.3956
vn -0.9112 0.3476 -0.2211
vn -0.9536 -0.1452 -0.2637
vn -0.9130 0.3724 -0.1664
vn -0.9641 -0.1558 -0.2151
vn -0.9338 0.3408 -0.1087
vn -0.9777 -0.1534 -0.1432
vn -0.6417 0.3736 -0.6698
vn -0.6775 -0.0947 -0.7294
vn -0.6679 0.3966 -0.6298
vn -0.7054 -0.0963 -0.7022
vn -0.6968 0.3689 -0.6151
vn -0.7368 -0.0923 -0.6698
vn -0.1665 0.3851 -0.9077
vn -0.1797 -0.0601 -0.9819
vn -0.1848 0.4079 -0.8941
vn -0.1980 -0.0578 -0.9785
vn -0.2001 0.3843 -0.9013
vn -0.2156 -0.0573 -0.9748
vn 0.3891 0.3758 -0.8411
vn 0.4084 -0.0699 -0.9101
vn 0.3703 0.4006 -0.8381
vn 0.3857 -0.0715 -0.9198
vn 0.3495 0.3782 -0.8572
vn 0.3657 -0.0735 -0.9278
vn 0.8162 0.3484 -0.4610
vn 0.8521 -0.1246 -0.5083
vn 0.7865 0.3778 -0.4886
vn 0.8224 -0.1282 -0.5543
vn 0.7664 0.3547 -0.5355
vn 0.7986 -0.1234 -0.5891
vn 0.9456 0.3171 0.0725
vn 0.9813 -0.1876 0.0431
vn 0.9372 0.3488 0.0074
vn 0.9815 -0.1887 -0.0309
vn 0.9455 0.3232 -0.0388
vn 0.9813 -0.1768 -0.0759
vn 0.7702 0.2932 0.5664
vn 0.8011 -0.2289 0.5530
vn 0.7963 0.3214 0.5124
vn 0.8333 -0.2260 0.5045
vn 0.8139 0.2945 0.5007
vn 0.8483 -0.2163 0.4832
vn 0.3573 0.2805 0.8909
vn 0.3724 -0.2422 0.8959
vn 0.3754 0.3042 0.8755
vn 0.3910 -0.2384 0.8890
vn 0.5428 0.7179 0.4360
vn 0.5571 0.7387 0.3795
vn 0.1983 0.2715 0.9418
vn 0.2052 -0.2398 0.9489
vn 0.2090 -0.9082 0.3627
vn 0.2079 -0.9434 0.2583
vn -0.0009 -0.9639 0.2663
vn -0.0011 -0.9312 0.3644
vn 0.2045 -0.5457 0.8127
vn 0.2094 -0.6204 0.7558
vn 0.0027 -0.6480 0.7616
vn -0.0029 -0.5638 0.8259
vn 0.2032 -0.2059 0.9572
vn 0.2099 -0.3058 0.9287
vn 0.0025 -0.3251 0.9457
vn -0.0003 -0.2208 0.9753
vn 0.2010 0.0499 0.9783
vn 0.2051 -0.0987 0.9737
vn -0.0029 -0.1028 0.9947
vn 0.0015 0.0422 0.9991
vn 0.3949 -0.8506 0.3471
vn 0.4006 -0.8834 0.2433
vn 0.3901 -0.4939 0.7771
vn 0.4046 -0.5845 0.7034
vn 0.3933 -0.1721 0.9031
vn 0.4042 -0.2882 0.8681
vn 0.3930 0.0626 0.9174
vn 0.3994 -0.0962 0.9117
vn 0.3757 -0.8567 0.3533
vn 0.3548 -0.9017 0.2470
vn 0.3665 -0.4989 0.7853
vn 0.3484 -0.5940 0.7251
vn 0.3693 -0.1737 0.9129
vn 0.3513 -0.2911 0.8899
vn 0.3674 0.0648 0.9278
vn 0.3478 -0.0959 0.9327
vn 0.8557 -0.4519 0.2522
vn 0.8731 -0.4716 0.1240
vn 0.8324 -0.1927 0.5196
vn 0.8762 -0.2754 0.3955
vn 0.8392 0.0072 0.5438
vn 0.8759 -0.1213 0.4670
vn 0.8411 0.1363 0.5234
vn 0.8739 -0.0481 0.4838
vn 0.8396 -0.4756 0.2624
vn 0.8477 -0.5124 0.1372
vn 0.8266 -0.1800 0.5333
vn 0.8493 -0.3151 0.4235
vn 0.8298 0.0157 0.5578
vn 0.8494 -0.1440 0.5077
vn 0.8292 0.1422 0.5406
vn 0.8471 -0.0554 0.5285
vn 0.8073 -0.5215 0.2764
vn 0.7971 -0.5835 0.1556
vn 0.7845 -0.2348 0.5739
vn 0.7908 -0.3649 0.4913
vn 0.7921 -0.0125 0.6103
vn 0.7934 -0.1667 0.5854
vn 0.7922 0.1330 0.5956
vn 0.7920 -0.0613 0.6075
vn 0.9888 0.0953 0.1144
vn 0.9957 0.0859 -0.0350
vn 0.9621 0.2282 0.1495
vn 0.9920 0.1218 -0.0326
vn 0.9693 0.2436 0.0342
vn 0.9933 0.0854 -0.0781
vn 0.9728 0.2299 -0.0270
vn 0.9954 0.0172 -0.0945
vn 0.9903 0.0467 0.1308
vn 1.0000 0.0021 -0.0093
vn 0.9574 0.2286 0.1762
vn 0.9983 0.0478 0.0321
vn 0.9675 0.2431 0.0702
vn 0.9989 0.0456 0.0081
vn 0.9728 0.2312 0.0161
vn 1.0000 0.0039 -0.0020
vn 0.9890 -0.0232 0.1464
vn 0.9962 -0.0860 0.0138
vn 0.9623 0.1426 0.2318
vn 0.9935 -0.0119 0.1135
vn 0.9697 0.1978 0.1433
vn 0.9946 0.0184 0.1021
vn 0.9726 0.2126 0.0940
vn 0.9956 -0.0042 0.0941
vn 0.8031 0.5953 -0.0245
vn 0.7903 0.5866 -0.1769
vn 0.7746 0.5960 -0.2116
vn 0.7782 0.4677 -0.4190
vn 0.7829 0.4342 -0.4455
vn 0.7815 0.2617 -0.5663
vn 0.7902 0.2974 -0.5359
vn 0.7873 0.0768 -0.6117
vn 0.8304 0.5569 -0.0156
vn 0.8441 0.5134 -0.1543
vn 0.7874 0.5857 -0.1924
vn 0.8414 0.4023 -0.3609
vn 0.8037 0.4265 -0.4149
vn 0.8418 0.2271 -0.4897
vn 0.8153 0.2919 -0.5000
vn 0.8458 0.0644 -0.5296
vn 0.8580 0.5136 -0.0078
vn 0.8742 0.4643 -0.1420
vn 0.8302 0.5323 -0.1654
vn 0.8733 0.3732 -0.3132
vn 0.8373 0.3969 -0.3761
vn 0.8733 0.2152 -0.4371
vn 0.8456 0.2788 -0.4553
vn 0.8770 0.0607 -0.4767
vn 0.3659 0.9221 -0.1259
vn 0.3419 0.9015 -0.2655
vn 0.3470 0.8144 -0.4651
vn 0.3267 0.6747 -0.6619
vn 0.3517 0.5334 -0.7693
vn 0.3306 0.3639 -0.8708
vn 0.3602 0.3255 -0.8743
vn 0.3382 0.1156 -0.9339
vn 0.3889 0.9124 -0.1275
vn 0.3985 0.8802 -0.2579
vn 0.3597 0.8094 -0.4641
vn 0.3948 0.6514 -0.6479
vn 0.3728 0.5288 -0.7624
vn 0.3951 0.3507 -0.8490
vn 0.3853 0.3190 -0.8659
vn 0.4011 0.1100 -0.9094
vn 0.4109 0.9030 -0.1253
vn 0.4309 0.8655 -0.2552
vn 0.3890 0.7969 -0.4622
vn 0.4316 0.6466 -0.6290
vn 0.3932 0.5212 -0.7574
vn 0.4306 0.3509 -0.8315
vn 0.4049 0.3170 -0.8576
vn 0.4360 0.1101 -0.8932
vn -0.2186 0.9652 -0.1437
vn -0.2406 0.9312 -0.2737
vn -0.2140 0.8331 -0.5100
vn -0.2523 0.6821 -0.6863
vn -0.2199 0.5264 -0.8213
vn -0.2497 0.3624 -0.8979
vn -0.2158 0.3196 -0.9227
vn -0.2425 0.1228 -0.9623
vn -0.2006 0.9687 -0.1460
vn -0.2056 0.9393 -0.2746
vn -0.1979 0.8379 -0.5087
vn -0.2108 0.6833 -0.6990
vn -0.1979 0.5318 -0.8234
vn -0.2101 0.3612 -0.9085
vn -0.1911 0.3195 -0.9281
vn -0.2039 0.1214 -0.9714
vn -0.1801 0.9732 -0.1433
vn -0.1558 0.9477 -0.2784
vn -0.1797 0.8422 -0.5083
vn -0.1512 0.6976 -0.7004
vn -0.1856 0.5351 -0.8241
vn -0.1536 0.3711 -0.9158
vn -0.1777 0.3242 -0.9291
vn -0.1484 0.1243 -0.9811
vn -0.7416 0.6686 -0.0544
vn -0.7592 0.6234 -0.1869
vn -0.7233 0.6275 -0.2884
vn -0.7658 0.4587 -0.4507
vn -0.7347 0.4115 -0.5394
vn -0.7645 0.2432 -0.5969
vn -0.7323 0.2846 -0.6186
vn -0.7600 0.0914 -0.6435
vn -0.7123 0.6994 -0.0597
vn -0.7260 0.6594 -0.1956
vn -0.6841 0.6639 -0.3020
vn -0.7301 0.4795 -0.4868
vn -0.6971 0.4383 -0.5674
vn -0.7296 0.2516 -0.6359
vn -0.6953 0.2961 -0.6549
vn -0.7252 0.0931 -0.6822
vn -0.6808 0.7296 -0.0649
vn -0.6623 0.7180 -0.2140
vn -0.6633 0.6782 -0.3162
vn -0.6564 0.5354 -0.5315
vn -0.6758 0.4469 -0.5861
vn -0.6591 0.2827 -0.6969
vn -0.6709 0.3016 -0.6774
vn -0.6555 0.1026 -0.7482
vn -0.9830 0.1562 0.0960
vn -0.9946 0.0968 -0.0380
vn -0.9615 0.2577 0.0952
vn -0.9953 0.0856 -0.0443
vn -0.9745 0.2201 -0.0440
vn -0.9955 0.0495 -0.0814
vn -0.9701 0.2240 -0.0938
vn -0.9947 0.0322 -0.0976
vn -0.9711 0.2241 0.0818
vn -0.9822 0.1783 -0.0593
vn -0.9392 0.3405 0.0448
vn -0.9829 0.1398 -0.1196
vn -0.9569 0.2674 -0.1134
vn -0.9830 0.0742 -0.1680
vn -0.9549 0.2436 -0.1696
vn -0.9818 0.0394 -0.1860
vn -0.9588 0.2765 0.0657
vn -0.9590 0.2696 -0.0872
vn -0.9372 0.3483 0.0162
vn -0.9565 0.2205 -0.1908
vn -0.9502 0.2726 -0.1510
vn -0.9578 0.1176 -0.2623
vn -0.9455 0.2442 -0.2154
vn -0.9564 0.0534 -0.2871
vn -0.8981 -0.3696 0.2384
vn -0.8935 -0.4346 0.1131
vn -0.8746 -0.1352 0.4657
vn -0.8860 -0.2867 0.3643
vn -0.8894 0.0130 0.4570
vn -0.8881 -0.1420 0.4371
vn -0.8862 0.1492 0.4387
vn -0.8913 -0.0310 0.4523
vn -0.9253 -0.3076 0.2218
vn -0.9334 -0.3472 0.0901
vn -0.9098 -0.0571 0.4111
vn -0.9321 -0.2270 0.2822
vn -0.9195 0.0506 0.3898
vn -0.9323 -0.1153 0.3428
vn -0.9141 0.1617 0.3718
vn -0.9342 -0.0225 0.3560
vn -0.9396 -0.2720 0.2080
vn -0.9551 -0.2876 0.0714
vn -0.9165 -0.0702 0.3939
vn -0.9556 -0.1730 0.2383
vn -0.9297 0.0459 0.3654
vn -0.9554 -0.0858 0.2825
vn -0.9280 0.1572 0.3379
vn -0.9568 -0.0122 0.2906
vn -0.5422 -0.7707 0.3347
vn -0.5233 -0.8222 0.2241
vn -0.5256 -0.4404 0.7279
vn -0.5107 -0.5522 0.6590
vn -0.5369 -0.1543 0.8294
vn -0.5139 -0.2773 0.8118
vn -0.5366 0.0785 0.8402
vn -0.5197 -0.0799 0.8506
vn -0.5722 -0.7528 0.3256
vn -0.5792 -0.7862 0.2155
vn -0.5692 -0.4181 0.7079
vn -0.5770 -0.5310 0.6206
vn -0.5703 -0.1474 0.8081
vn -0.5770 -0.2697 0.7709
vn -0.5650 0.0769 0.8215
vn -0.5814 -0.0771 0.8100
vn -0.5834 -0.7457 0.3220
vn -0.6028 -0.7699 0.2094
vn -0.5636 -0.4312 0.7046
vn -0.6040 -0.5112 0.6114
vn -0.5750 -0.1533 0.8037
vn -0.6030 -0.2581 0.7548
vn -0.5777 0.0735 0.8130
vn -0.6068 -0.0727 0.7915
vn 0.0054 -0.9301 0.3672
vn 0.0269 -0.9639 0.2649
vn 0.0050 -0.5635 0.8261
vn 0.0379 -0.6409 0.7667
vn 0.0024 -0.2197 0.9756
vn 0.0355 -0.3192 0.9470
vn 0.0021 0.0449 0.9990
vn 0.0293 -0.1009 0.9945
vn 0.0029 -0.4060 0.9139
vn 0.0088 -0.4108 0.9117
vn -0.5735 -0.3757 0.7279
vn -0.5786 -0.3768 0.7234
vn -0.5350 -0.3873 0.7508
vn -0.9282 -0.2671 0.2590
vn -0.9253 -0.2776 0.2585
vn -0.8877 -0.2954 0.3531
vn -0.9501 -0.1256 -0.2855
vn -0.9521 -0.1378 -0.2731
vn -0.9740 -0.1538 -0.1665
vn -0.6761 0.0091 -0.7367
vn -0.6877 0.0072 -0.7260
vn -0.7368 0.0002 -0.6761
vn -0.1788 0.0975 -0.9790
vn -0.1921 0.1019 -0.9761
vn -0.2156 0.0984 -0.9715
vn 0.4109 0.0921 -0.9070
vn 0.3760 0.0947 -0.9218
vn 0.3672 0.0907 -0.9257
vn 0.8564 -0.0156 -0.5160
vn 0.8097 -0.0075 -0.5868
vn 0.8018 -0.0022 -0.5976
vn 0.9858 -0.1673 0.0167
vn 0.9844 -0.1499 -0.0921
vn 0.9855 -0.1372 -0.0994
vn 0.8065 -0.3027 0.5079
vn 0.8522 -0.2856 0.4385
vn 0.8527 -0.2782 0.4422
vn 0.3792 -0.3899 0.8392
vn 0.4071 -0.3807 0.8303
vn 0.2107 -0.4033 0.8905
vn 0.0047 -0.7058 0.7084
vn 0.0120 -0.7120 0.7021
vn -0.5674 -0.6199 0.5421
vn -0.5829 -0.6153 0.5306
vn -0.5286 -0.6385 0.5593
vn -0.9203 -0.3658 0.1387
vn -0.9236 -0.3666 0.1117
vn -0.8792 -0.4236 0.2182
vn -0.9425 -0.0598 -0.3287
vn -0.9366 -0.0650 -0.3445
vn -0.9664 -0.1269 -0.2233
vn -0.6699 0.2058 -0.7133
vn -0.6704 0.2091 -0.7119
vn -0.7325 0.1744 -0.6581
vn -0.1760 0.3628 -0.9151
vn -0.1889 0.3739 -0.9080
vn -0.2143 0.3587 -0.9085
vn 0.4108 0.3392 -0.8463
vn 0.3625 0.3548 -0.8618
vn 0.3649 0.3433 -0.8654
vn 0.8541 0.1227 -0.5054
vn 0.7901 0.1627 -0.5909
vn 0.7972 0.1608 -0.5819
vn 0.9814 -0.1851 -0.0511
vn 0.9763 -0.1230 -0.1783
vn 0.9807 -0.1202 -0.1540
vn 0.8035 -0.4721 0.3627
vn 0.8585 -0.4258 0.2857
vn 0.8495 -0.4285 0.3079
vn 0.3797 -0.6659 0.6422
vn 0.4138 -0.6514 0.6359
vn 0.2116 -0.6975 0.6846
vn 0.0008 -0.9403 0.3403
vn 0.0065 -0.9465 0.3226
vn -0.5755 -0.7812 0.2418
vn -0.6001 -0.7631 0.2400
vn -0.5366 -0.8059 0.2502
vn -0.9338 -0.3568 0.0271
vn -0.9459 -0.3245 -0.0064
vn -0.8924 -0.4455 0.0715
vn -0.9614 0.1433 -0.2351
vn -0.9487 0.1671 -0.2682
vn -0.9849 0.0325 -0.1700
vn -0.6858 0.5613 -0.4633
vn -0.6716 0.5744 -0.4679
vn -0.7501 0.5046 -0.4274
vn -0.1827 0.7866 -0.5899
vn -0.1880 0.7976 -0.5731
vn -0.2224 0.7790 -0.5862
vn 0.4146 0.7227 -0.5530
vn 0.3607 0.7514 -0.5525
vn 0.3672 0.7390 -0.5649
vn 0.8644 0.3627 -0.3481
vn 0.7883 0.4558 -0.4134
vn 0.8066 0.4377 -0.3972
vn 0.9878 -0.1296 -0.0864
vn 0.9821 0.0093 -0.1881
vn 0.9887 -0.0218 -0.1485
vn 0.8023 -0.5805 0.1388
vn 0.8699 -0.4861 0.0832
vn 0.8490 -0.5171 0.1083
vn 0.3739 -0.8812 0.2891
vn 0.4181 -0.8593 0.2945
vn 0.2039 -0.9291 0.3085
vn -0.0010 -0.9775 0.2110
vn 0.0138 -0.9779 0.2086
vn -0.5945 -0.7879 0.1607
vn -0.5698 -0.8045 0.1674
vn -0.5380 -0.8256 0.1700
vn -0.9516 -0.3049 0.0384
vn -0.9284 -0.3673 0.0570
vn -0.9025 -0.4252 0.0686
vn -0.9619 0.2531 -0.1034
vn -0.9826 0.1683 -0.0789
vn -0.9915 0.1111 -0.0674
vn -0.6726 0.7069 -0.2190
vn -0.7241 0.6589 -0.2039
vn -0.7473 0.6336 -0.2003
vn -0.1698 0.9450 -0.2797
vn -0.2039 0.9394 -0.2756
vn -0.2258 0.9340 -0.2768
vn 0.4166 0.8709 -0.2608
vn 0.3956 0.8807 -0.2606
vn 0.3551 0.8958 -0.2672
vn 0.8646 0.4761 -0.1602
vn 0.8434 0.5110 -0.1662
vn 0.7982 0.5732 -0.1850
vn 0.9972 -0.0724 -0.0209
vn 0.9994 -0.0120 -0.0332
vn 0.9960 0.0691 -0.0567
vn 0.8088 -0.5782 0.1073
vn 0.8401 -0.5333 0.0989
vn 0.8682 -0.4889 0.0850
vn 0.3695 -0.9093 0.1912
vn 0.3928 -0.8995 0.1914
vn 0.2114 -0.9562 0.2022
vn 0.5553 0.7678 -0.3195
vn 0.5994 0.7443 -0.2946
vn 0.3948 0.9037 -0.1657
vn 0.3601 0.9139 -0.1876
vn -0.3485 0.7203 0.5998
vn -0.6438 0.7304 0.2281
vn -0.5088 0.7581 -0.4079
vn -0.1004 0.7697 -0.6304
vn 0.5406 0.7507 -0.3797
vn 0.6803 0.7272 0.0911
vn 0.0040 0.7317 0.6817
vn 0.0206 0.7145 0.6993
vn 0.1475 0.7094 0.6892
vn -0.6353 0.7667 -0.0931
vn -0.6696 0.7418 -0.0381
vn 0.2636 0.7813 -0.5657
vn 0.2386 0.7654 -0.5977
vn 0.5973 0.7172 0.3589
vn -0.6038 0.7517 0.2654
vn -0.1259 0.7861 -0.6051
vn 0.6586 0.7519 0.0286
vn -0.4021 0.7191 0.5668
vn -0.4417 0.7631 -0.4717
vn 0.2447 0.7144 0.6555
vn -0.5987 0.7289 0.3319
vn -0.1541 0.7687 -0.6208
vn 0.6810 0.7316 -0.0321
vn -0.3702 0.7387 0.5632
vn -0.4650 0.7799 -0.4190
vn 0.2633 0.7316 0.6288
vn -0.6443 0.7475 -0.1617
vn 0.2964 0.7624 -0.5752
vn 0.4268 0.9036 0.0359
vn 0.4426 0.8927 0.0849
vn 0.2096 0.9751 0.0719
vn 0.1847 0.9819 0.0408
vn -0.3800 0.8938 0.2383
vn -0.4115 0.9065 -0.0951
vn 0.3476 0.9083 -0.2327
vn -0.4055 0.9131 -0.0422
vn -0.4315 0.9021 0.0017
vn -0.2765 0.9161 -0.2903
vn 0.4434 0.8963 -0.0118
vn -0.2956 0.9217 -0.2514
vn 0.3489 0.8867 0.3035
vn -0.3306 0.9128 -0.2399
vn 0.3611 0.8952 0.2612
vn -0.0560 0.9200 -0.3878
vn 0.0057 0.8909 0.4542
vn 0.0211 0.8845 0.4661
vn 0.3932 0.8868 0.2428
vn -0.0776 0.9257 -0.3702
vn -0.2610 0.8878 0.3790
vn 0.1557 0.8844 0.4399
vn -0.1014 0.9194 -0.3799
vn -0.2344 0.8953 0.3788
vn 0.1719 0.8908 0.4206
vn 0.1995 0.9154 -0.3497
vn -0.2161 0.8881 0.4056
vn 0.0985 0.8832 0.4586
vn 0.1722 0.9226 -0.3451
vn -0.4165 0.8955 0.1570
vn 0.1514 0.9174 -0.3680
vn -0.3851 0.9035 0.1881
vn 0.0195 0.9719 0.2347
vn 0.0070 0.9769 0.2135
vn 0.0528 0.9680 0.2454
vn 0.0751 0.9768 0.2004
vn 0.0694 0.9718 0.2252
vn 0.1913 0.9731 0.1288
vn 0.1550 0.9785 0.1364
vn 0.1601 0.9726 0.1687
vn 0.2105 0.9776 0.0086
vn 0.1598 0.9830 -0.0900
vn 0.1552 0.9864 -0.0548
vn 0.1923 0.9803 -0.0460
vn 0.0672 0.9870 -0.1460
vn 0.0755 0.9900 -0.1188
vn 0.1021 0.9858 -0.1336
vn -0.0485 0.9878 -0.1481
vn -0.0272 0.9913 -0.1287
vn -0.0150 0.9880 -0.1536
vn -0.1547 0.9846 -0.0814
vn -0.1184 0.9896 -0.0812
vn -0.1173 0.9865 -0.1145
vn -0.1986 0.9795 0.0335
vn -0.1667 0.9860 0.0069
vn -0.1852 0.9823 -0.0296
vn -0.1679 0.9757 0.1409
vn -0.1570 0.9819 0.1061
vn -0.1934 0.9772 0.0878
vn -0.0887 0.9734 0.2114
vn -0.0918 0.9786 0.1840
vn -0.1217 0.9735 0.1935
vn -0.9714 -0.2376 -0.0040
vn -0.9531 0.3026 0.0001
vn -0.9602 0.2794 0.0048
vn -0.9709 -0.2394 0.0012
vn -0.7834 0.2907 -0.5494
vn -0.7817 -0.2226 -0.5825
vn -0.7794 0.3165 -0.5407
vn -0.7873 -0.2277 -0.5729
vn -0.8073 0.2911 -0.5133
vn -0.8066 -0.2323 -0.5435
vn -0.3225 0.3164 -0.8921
vn -0.2973 -0.1907 -0.9355
vn -0.3475 0.3432 -0.8726
vn -0.3300 -0.2026 -0.9220
vn -0.4149 0.3127 -0.8545
vn -0.3956 -0.2049 -0.8953
vn 0.2211 0.3477 -0.9112
vn 0.2637 -0.1452 -0.9536
vn 0.1664 0.3724 -0.9130
vn 0.2151 -0.1558 -0.9641
vn 0.1087 0.3408 -0.9338
vn 0.1432 -0.1534 -0.9777
vn 0.6698 0.3736 -0.6417
vn 0.7294 -0.0947 -0.6775
vn 0.6298 0.3966 -0.6679
vn 0.7022 -0.0963 -0.7054
vn 0.6151 0.3689 -0.6968
vn 0.6698 -0.0923 -0.7368
vn 0.9077 0.3852 -0.1664
vn 0.9819 -0.0601 -0.1798
vn 0.8941 0.4079 -0.1848
vn 0.9785 -0.0578 -0.1980
vn 0.9013 0.3843 -0.2000
vn 0.9748 -0.0573 -0.2156
vn 0.8411 0.3758 0.3891
vn 0.9101 -0.0699 0.4084
vn 0.8381 0.4006 0.3703
vn 0.9198 -0.0715 0.3857
vn 0.8572 0.3782 0.3495
vn 0.9278 -0.0735 0.3657
vn 0.4610 0.3484 0.8162
vn 0.5083 -0.1246 0.8521
vn 0.4886 0.3778 0.7865
vn 0.5542 -0.1282 0.8224
vn 0.5355 0.3547 0.7664
vn 0.5891 -0.1234 0.7986
vn -0.0725 0.3171 0.9456
vn -0.0431 -0.1876 0.9813
vn -0.0074 0.3488 0.9372
vn 0.0309 -0.1887 0.9815
vn 0.0388 0.3231 0.9456
vn 0.0759 -0.1768 0.9813
vn -0.5664 0.2932 0.7702
vn -0.5530 -0.2289 0.8011
vn -0.5124 0.3214 0.7963
vn -0.5045 -0.2260 0.8333
vn -0.5008 0.2945 0.8139
vn -0.4832 -0.2163 0.8483
vn -0.8909 0.2805 0.3573
vn -0.8959 -0.2422 0.3724
vn -0.8755 0.3042 0.3754
vn -0.8890 -0.2384 0.3910
vn -0.4359 0.7179 0.5428
vn -0.3795 0.7387 0.5571
vn -0.9418 0.2714 0.1983
vn -0.9489 -0.2398 0.2052
vn -0.3627 -0.9082 0.2090
vn -0.2584 -0.9434 0.2079
vn -0.2663 -0.9639 -0.0009
vn -0.3644 -0.9312 -0.0011
vn -0.8127 -0.5457 0.2045
vn -0.7558 -0.6204 0.2094
vn -0.7616 -0.6480 0.0028
vn -0.8259 -0.5638 -0.0029
vn -0.9572 -0.2059 0.2032
vn -0.9287 -0.3058 0.2099
vn -0.9457 -0.3251 0.0025
vn -0.9753 -0.2208 -0.0002
vn -0.9783 0.0499 0.2010
vn -0.9737 -0.0987 0.2052
vn -0.9947 -0.1027 -0.0029
vn -0.9991 0.0422 0.0015
vn -0.3471 -0.8506 0.3949
vn -0.2433 -0.8834 0.4006
vn -0.7771 -0.4939 0.3901
vn -0.7034 -0.5845 0.4046
vn -0.9031 -0.1721 0.3933
vn -0.8681 -0.2882 0.4042
vn -0.9174 0.0626 0.3930
vn -0.9117 -0.0962 0.3994
vn -0.3533 -0.8567 0.3757
vn -0.2470 -0.9018 0.3548
vn -0.7853 -0.4989 0.3665
vn -0.7251 -0.5940 0.3484
vn -0.9129 -0.1737 0.3693
vn -0.8899 -0.2911 0.3513
vn -0.9278 0.0648 0.3674
vn -0.9326 -0.0959 0.3478
vn -0.2521 -0.4519 0.8557
vn -0.1240 -0.4715 0.8731
vn -0.5196 -0.1927 0.8324
vn -0.3955 -0.2754 0.8762
vn -0.5438 0.0072 0.8392
vn -0.4670 -0.1213 0.8759
vn -0.5234 0.1363 0.8411
vn -0.4838 -0.0480 0.8739
vn -0.2624 -0.4756 0.8396
vn -0.1372 -0.5124 0.8477
vn -0.5333 -0.1800 0.8266
vn -0.4235 -0.3151 0.8493
vn -0.5579 0.0157 0.8298
vn -0.5077 -0.1440 0.8494
vn -0.5406 0.1422 0.8292
vn -0.5285 -0.0554 0.8471
vn -0.2764 -0.5215 0.8073
vn -0.1556 -0.5835 0.7971
vn -0.5739 -0.2348 0.7845
vn -0.4913 -0.3649 0.7908
vn -0.6103 -0.0125 0.7921
vn -0.5854 -0.1667 0.7934
vn -0.5956 0.1330 0.7922
vn -0.6075 -0.0613 0.7919
vn -0.1144 0.0954 0.9888
vn 0.0350 0.0859 0.9957
vn -0.1495 0.2282 0.9621
vn 0.0326 0.1218 0.9920
vn -0.0342 0.2436 0.9693
vn 0.0781 0.0854 0.9933
vn 0.0270 0.2299 0.9728
vn 0.0945 0.0172 0.9954
vn -0.1308 0.0467 0.9903
vn 0.0093 0.0021 1.0000
vn -0.1762 0.2286 0.9574
vn -0.0321 0.0478 0.9983
vn -0.0702 0.2431 0.9675
vn -0.0082 0.0456 0.9989
vn -0.0161 0.2311 0.9728
vn 0.0020 0.0039 1.0000
vn -0.1464 -0.0232 0.9890
vn -0.0138 -0.0860 0.9962
vn -0.2318 0.1426 0.9623
vn -0.1135 -0.0119 0.9935
vn -0.1433 0.1978 0.9697
vn -0.1021 0.0184 0.9946
vn -0.0941 0.2126 0.9726
vn -0.0941 -0.0042 0.9956
vn 0.0245 0.5953 0.8031
vn 0.1769 0.5866 0.7903
vn 0.2116 0.5960 0.7746
vn 0.4190 0.4677 0.7782
vn 0.4455 0.4343 0.7829
vn 0.5663 0.2617 0.7815
vn 0.5359 0.2974 0.7902
vn 0.6117 0.0768 0.7874
vn 0.0156 0.5569 0.8304
vn 0.1543 0.5135 0.8441
vn 0.1924 0.5857 0.7874
vn 0.3609 0.4023 0.8414
vn 0.4149 0.4265 0.8037
vn 0.4897 0.2271 0.8418
vn 0.5000 0.2919 0.8153
vn 0.5296 0.0644 0.8458
vn 0.0078 0.5136 0.8580
vn 0.1420 0.4643 0.8742
vn 0.1654 0.5323 0.8302
vn 0.3132 0.3731 0.8733
vn 0.3761 0.3969 0.8373
vn 0.4371 0.2152 0.8733
vn 0.4553 0.2788 0.8456
vn 0.4767 0.0607 0.8770
vn 0.1259 0.9221 0.3659
vn 0.2655 0.9015 0.3419
vn 0.4651 0.8144 0.3470
vn 0.6619 0.6746 0.3267
vn 0.7693 0.5333 0.3517
vn 0.8708 0.3639 0.3306
vn 0.8743 0.3255 0.3602
vn 0.9339 0.1156 0.3382
vn 0.1275 0.9124 0.3889
vn 0.2579 0.8802 0.3985
vn 0.4641 0.8095 0.3597
vn 0.6479 0.6514 0.3948
vn 0.7625 0.5288 0.3729
vn 0.8490 0.3507 0.3952
vn 0.8659 0.3190 0.3853
vn 0.9094 0.1100 0.4011
vn 0.1253 0.9030 0.4109
vn 0.2552 0.8656 0.4309
vn 0.4621 0.7969 0.3890
vn 0.6290 0.6466 0.4316
vn 0.7574 0.5212 0.3932
vn 0.8315 0.3509 0.4306
vn 0.8576 0.3170 0.4049
vn 0.8932 0.1101 0.4360
vn 0.1437 0.9652 -0.2186
vn 0.2737 0.9312 -0.2406
vn 0.5100 0.8331 -0.2140
vn 0.6863 0.6821 -0.2523
vn 0.8213 0.5264 -0.2199
vn 0.8980 0.3624 -0.2496
vn 0.9227 0.3196 -0.2158
vn 0.9623 0.1228 -0.2425
vn 0.1460 0.9687 -0.2006
vn 0.2746 0.9393 -0.2056
vn 0.5087 0.8379 -0.1979
vn 0.6990 0.6833 -0.2108
vn 0.8234 0.5318 -0.1979
vn 0.9085 0.3612 -0.2101
vn 0.9281 0.3195 -0.1911
vn 0.9714 0.1214 -0.2039
vn 0.1433 0.9732 -0.1801
vn 0.2785 0.9477 -0.1558
vn 0.5083 0.8422 -0.1797
vn 0.7004 0.6976 -0.1512
vn 0.8241 0.5351 -0.1856
vn 0.9158 0.3711 -0.1536
vn 0.9291 0.3242 -0.1777
vn 0.9811 0.1243 -0.1484
vn 0.0544 0.6686 -0.7416
vn 0.1869 0.6234 -0.7592
vn 0.2884 0.6275 -0.7233
vn 0.4507 0.4587 -0.7658
vn 0.5394 0.4115 -0.7347
vn 0.5969 0.2432 -0.7645
vn 0.6186 0.2846 -0.7323
vn 0.6435 0.0914 -0.7600
vn 0.0597 0.6993 -0.7123
vn 0.1956 0.6593 -0.7260
vn 0.3020 0.6639 -0.6841
vn 0.4868 0.4795 -0.7301
vn 0.5673 0.4383 -0.6971
vn 0.6359 0.2517 -0.7296
vn 0.6549 0.2961 -0.6953
vn 0.6823 0.0931 -0.7252
vn 0.0649 0.7296 -0.6808
vn 0.2140 0.7180 -0.6623
vn 0.3162 0.6782 -0.6634
vn 0.5315 0.5354 -0.6564
vn 0.5861 0.4469 -0.6759
vn 0.6969 0.2827 -0.6591
vn 0.6774 0.3016 -0.6709
vn 0.7482 0.1026 -0.6555
vn -0.0960 0.1562 -0.9830
vn 0.0380 0.0968 -0.9946
vn -0.0951 0.2577 -0.9615
vn 0.0443 0.0856 -0.9953
vn 0.0440 0.2201 -0.9745
vn 0.0814 0.0495 -0.9955
vn 0.0937 0.2240 -0.9701
vn 0.0976 0.0323 -0.9947
vn -0.0818 0.2240 -0.9711
vn 0.0593 0.1783 -0.9822
vn -0.0448 0.3406 -0.9392
vn 0.1196 0.1398 -0.9829
vn 0.1134 0.2674 -0.9569
vn 0.1680 0.0741 -0.9830
vn 0.1696 0.2436 -0.9549
vn 0.1860 0.0394 -0.9818
vn -0.0657 0.2765 -0.9588
vn 0.0872 0.2696 -0.9590
vn -0.0162 0.3483 -0.9372
vn 0.1908 0.2205 -0.9565
vn 0.1511 0.2726 -0.9502
vn 0.2623 0.1176 -0.9578
vn 0.2154 0.2442 -0.9455
vn 0.2870 0.0534 -0.9564
vn -0.2384 -0.3696 -0.8981
vn -0.1131 -0.4346 -0.8935
vn -0.4657 -0.1352 -0.8746
vn -0.3643 -0.2868 -0.8860
vn -0.4570 0.0130 -0.8894
vn -0.4371 -0.1421 -0.8881
vn -0.4387 0.1492 -0.8862
vn -0.4523 -0.0310 -0.8913
vn -0.2218 -0.3076 -0.9253
vn -0.0901 -0.3472 -0.9334
vn -0.4110 -0.0572 -0.9098
vn -0.2822 -0.2271 -0.9321
vn -0.3898 0.0506 -0.9195
vn -0.3428 -0.1153 -0.9323
vn -0.3718 0.1617 -0.9141
vn -0.3559 -0.0225 -0.9342
vn -0.2080 -0.2720 -0.9396
vn -0.0714 -0.2876 -0.9551
vn -0.3939 -0.0702 -0.9165
vn -0.2383 -0.1731 -0.9556
vn -0.3654 0.0459 -0.9297
vn -0.2825 -0.0858 -0.9554
vn -0.3379 0.1572 -0.9280
vn -0.2906 -0.0122 -0.9568
vn -0.3347 -0.7707 -0.5422
vn -0.2241 -0.8222 -0.5233
vn -0.7279 -0.4403 -0.5256
vn -0.6590 -0.5522 -0.5107
vn -0.8294 -0.1543 -0.5369
vn -0.8118 -0.2773 -0.5139
vn -0.8402 0.0785 -0.5366
vn -0.8506 -0.0799 -0.5197
vn -0.3256 -0.7528 -0.5722
vn -0.2155 -0.7862 -0.5792
vn -0.7079 -0.4181 -0.5692
vn -0.6206 -0.5309 -0.5770
vn -0.8081 -0.1474 -0.5703
vn -0.7709 -0.2697 -0.5770
vn -0.8215 0.0769 -0.5650
vn -0.8100 -0.0771 -0.5813
vn -0.3220 -0.7457 -0.5834
vn -0.2094 -0.7699 -0.6028
vn -0.7046 -0.4312 -0.5635
vn -0.6114 -0.5112 -0.6040
vn -0.8037 -0.1533 -0.5750
vn -0.7548 -0.2581 -0.6030
vn -0.8130 0.0735 -0.5777
vn -0.7915 -0.0727 -0.6068
vn -0.3672 -0.9301 0.0054
vn -0.2650 -0.9639 0.0269
vn -0.8261 -0.5635 0.0050
vn -0.7667 -0.6409 0.0379
vn -0.9756 -0.2197 0.0024
vn -0.9470 -0.3192 0.0355
vn -0.9990 0.0449 0.0021
vn -0.9945 -0.1009 0.0292
vn -0.9139 -0.4060 0.0029
vn -0.9117 -0.4108 0.0088
vn -0.7279 -0.3757 -0.5735
vn -0.7234 -0.3768 -0.5786
vn -0.7508 -0.3873 -0.5350
vn -0.2590 -0.2671 -0.9282
vn -0.2585 -0.2776 -0.9253
vn -0.3531 -0.2954 -0.8877
vn 0.2855 -0.1256 -0.9501
vn 0.2731 -0.1378 -0.9521
vn 0.1665 -0.1539 -0.9740
vn 0.7367 0.0091 -0.6761
vn 0.7260 0.0072 -0.6877
vn 0.6761 0.0002 -0.7368
vn 0.9790 0.0975 -0.1788
vn 0.9761 0.1019 -0.1921
vn 0.9715 0.0984 -0.2156
vn 0.9070 0.0921 0.4109
vn 0.9218 0.0947 0.3760
vn 0.9257 0.0907 0.3672
vn 0.5160 -0.0156 0.8564
vn 0.5868 -0.0075 0.8097
vn 0.5976 -0.0023 0.8018
vn -0.0167 -0.1673 0.9858
vn 0.0921 -0.1499 0.9844
vn 0.0994 -0.1372 0.9855
vn -0.5079 -0.3027 0.8065
vn -0.4384 -0.2856 0.8522
vn -0.4422 -0.2782 0.8527
vn -0.8392 -0.3899 0.3792
vn -0.8303 -0.3807 0.4070
vn -0.8905 -0.4033 0.2106
vn -0.7084 -0.7058 0.0047
vn -0.7021 -0.7120 0.0120
vn -0.5421 -0.6199 -0.5674
vn -0.5306 -0.6153 -0.5829
vn -0.5593 -0.6385 -0.5286
vn -0.1387 -0.3658 -0.9203
vn -0.1117 -0.3666 -0.9236
vn -0.2182 -0.4236 -0.8792
vn 0.3287 -0.0598 -0.9425
vn 0.3444 -0.0650 -0.9366
vn 0.2233 -0.1269 -0.9664
vn 0.7133 0.2058 -0.6699
vn 0.7119 0.2091 -0.6704
vn 0.6581 0.1744 -0.7325
vn 0.9151 0.3628 -0.1760
vn 0.9080 0.3739 -0.1889
vn 0.9085 0.3587 -0.2143
vn 0.8463 0.3392 0.4108
vn 0.8618 0.3548 0.3625
vn 0.8654 0.3433 0.3649
vn 0.5054 0.1227 0.8541
vn 0.5910 0.1627 0.7901
vn 0.5820 0.1608 0.7972
vn 0.0511 -0.1851 0.9814
vn 0.1782 -0.1230 0.9763
vn 0.1540 -0.1202 0.9807
vn -0.3627 -0.4721 0.8035
vn -0.2857 -0.4258 0.8585
vn -0.3079 -0.4285 0.8494
vn -0.6422 -0.6659 0.3798
vn -0.6359 -0.6514 0.4138
vn -0.6846 -0.6975 0.2116
vn -0.3403 -0.9403 0.0008
vn -0.3226 -0.9465 0.0065
vn -0.2418 -0.7813 -0.5755
vn -0.2400 -0.7631 -0.6001
vn -0.2502 -0.8059 -0.5366
vn -0.0271 -0.3568 -0.9338
vn 0.0064 -0.3245 -0.9459
vn -0.0714 -0.4455 -0.8924
vn 0.2351 0.1433 -0.9614
vn 0.2682 0.1671 -0.9487
vn 0.1700 0.0325 -0.9849
vn 0.4633 0.5613 -0.6858
vn 0.4679 0.5744 -0.6717
vn 0.4274 0.5046 -0.7501
vn 0.5899 0.7866 -0.1827
vn 0.5731 0.7976 -0.1880
vn 0.5862 0.7790 -0.2224
vn 0.5530 0.7227 0.4146
vn 0.5525 0.7514 0.3607
vn 0.5649 0.7390 0.3672
vn 0.3481 0.3627 0.8644
vn 0.4134 0.4558 0.7883
vn 0.3972 0.4377 0.8067
vn 0.0864 -0.1296 0.9878
vn 0.1881 0.0093 0.9821
vn 0.1485 -0.0218 0.9887
vn -0.1388 -0.5805 0.8023
vn -0.0832 -0.4861 0.8699
vn -0.1083 -0.5171 0.8490
vn -0.2891 -0.8812 0.3739
vn -0.2945 -0.8593 0.4181
vn -0.3085 -0.9291 0.2039
vn -0.2110 -0.9775 -0.0010
vn -0.2086 -0.9779 0.0138
vn -0.1607 -0.7879 -0.5945
vn -0.1674 -0.8045 -0.5698
vn -0.1700 -0.8256 -0.5380
vn -0.0384 -0.3049 -0.9516
vn -0.0570 -0.3673 -0.9284
vn -0.0686 -0.4252 -0.9025
vn 0.1034 0.2531 -0.9619
vn 0.0789 0.1683 -0.9826
vn 0.0674 0.1111 -0.9915
vn 0.2190 0.7069 -0.6726
vn 0.2039 0.6589 -0.7241
vn 0.2003 0.6336 -0.7473
vn 0.2797 0.9450 -0.1698
vn 0.2756 0.9394 -0.2039
vn 0.2768 0.9340 -0.2258
vn 0.2608 0.8709 0.4167
vn 0.2606 0.8807 0.3956
vn 0.2672 0.8959 0.3551
vn 0.1602 0.4761 0.8646
vn 0.1662 0.5110 0.8433
vn 0.1850 0.5732 0.7982
vn 0.0209 -0.0724 0.9972
vn 0.0332 -0.0120 0.9994
vn 0.0567 0.0692 0.9960
vn -0.1073 -0.5782 0.8088
vn -0.0989 -0.5333 0.8401
vn -0.0850 -0.4889 0.8682
vn -0.1912 -0.9093 0.3695
vn -0.1914 -0.8995 0.3928
vn -0.2022 -0.9562 0.2114
vn 0.3195 0.7678 0.5553
vn 0.2946 0.7443 0.5994
vn 0.1657 0.9037 0.3947
vn 0.1876 0.9139 0.3601
vn -0.5998 0.7203 -0.3484
vn -0.2281 0.7304 -0.6438
vn 0.4078 0.7581 -0.5089
vn 0.6304 0.7697 -0.1004
vn 0.3797 0.7507 0.5406
vn -0.0911 0.7273 0.6803
vn -0.6817 0.7317 0.0040
vn -0.6993 0.7145 0.0206
vn -0.6892 0.7094 0.1475
vn 0.0931 0.7667 -0.6353
vn 0.0381 0.7418 -0.6696
vn 0.5657 0.7813 0.2636
vn 0.5977 0.7654 0.2386
vn -0.3590 0.7172 0.5973
vn -0.2654 0.7517 -0.6038
vn 0.6051 0.7861 -0.1259
vn -0.0286 0.7519 0.6586
vn -0.5668 0.7191 -0.4021
vn 0.4717 0.7631 -0.4417
vn -0.6555 0.7144 0.2447
vn -0.3318 0.7290 -0.5987
vn 0.6208 0.7687 -0.1541
vn 0.0322 0.7316 0.6810
vn -0.5632 0.7387 -0.3703
vn 0.4190 0.7799 -0.4650
vn -0.6288 0.7316 0.2633
vn 0.1618 0.7475 -0.6443
vn 0.5752 0.7624 0.2964
vn -0.0360 0.9036 0.4268
vn -0.0849 0.8927 0.4426
vn -0.0719 0.9751 0.2097
vn -0.0408 0.9819 0.1847
vn -0.2382 0.8938 -0.3800
vn 0.0951 0.9064 -0.4115
vn 0.2326 0.9083 0.3476
vn 0.0422 0.9131 -0.4055
vn -0.0018 0.9021 -0.4315
vn 0.2902 0.9161 -0.2765
vn 0.0118 0.8963 0.4434
vn 0.2514 0.9216 -0.2956
vn -0.3035 0.8867 0.3489
vn 0.2399 0.9128 -0.3306
vn -0.2612 0.8952 0.3611
vn 0.3879 0.9200 -0.0560
vn -0.4542 0.8909 0.0057
vn -0.4662 0.8845 0.0211
vn -0.2428 0.8868 0.3932
vn 0.3702 0.9257 -0.0776
vn -0.3790 0.8878 -0.2610
vn -0.4400 0.8844 0.1557
vn 0.3799 0.9194 -0.1014
vn -0.3788 0.8953 -0.2344
vn -0.4205 0.8908 0.1719
vn 0.3497 0.9154 0.1995
vn -0.4057 0.8881 -0.2161
vn -0.4586 0.8832 0.0985
vn 0.3450 0.9226 0.1723
vn -0.1571 0.8955 -0.4164
vn 0.3680 0.9174 0.1514
vn -0.1880 0.9035 -0.3851
vn -0.2346 0.9719 0.0195
vn -0.2135 0.9769 0.0070
vn -0.2453 0.9680 0.0527
vn -0.2004 0.9768 0.0751
vn -0.2251 0.9719 0.0694
vn -0.1288 0.9731 0.1912
vn -0.1363 0.9785 0.1550
vn -0.1688 0.9726 0.1601
vn -0.0086 0.9776 0.2105
vn 0.0898 0.9830 0.1598
vn 0.0547 0.9864 0.1552
vn 0.0459 0.9803 0.1921
vn 0.1461 0.9870 0.0673
vn 0.1187 0.9900 0.0756
vn 0.1335 0.9858 0.1021
vn 0.1482 0.9878 -0.0485
vn 0.1287 0.9913 -0.0272
vn 0.1536 0.9880 -0.0150
vn 0.0814 0.9846 -0.1548
vn 0.0813 0.9896 -0.1184
vn 0.1144 0.9865 -0.1172
vn -0.0335 0.9795 -0.1987
vn -0.0069 0.9860 -0.1667
vn 0.0297 0.9822 -0.1852
vn -0.1408 0.9757 -0.1678
vn -0.1061 0.9819 -0.1570
vn -0.0878 0.9772 -0.1933
vn -0.2115 0.9733 -0.0887
vn -0.1840 0.9786 -0.0919
vn -0.1934 0.9736 -0.1216
vn 0.7834 -0.2376 0.5743
vn 0.7711 0.3026 0.5602
vn 0.7796 0.2794 0.5605
vn 0.7862 -0.2394 0.5698
vn 0.3108 0.2907 0.9049
vn 0.2899 -0.2226 0.9308
vn 0.3127 0.3165 0.8956
vn 0.3001 -0.2277 0.9263
vn 0.3514 0.2911 0.8898
vn 0.3330 -0.2323 0.9139
vn -0.2636 0.3164 0.9113
vn -0.3094 -0.1907 0.9316
vn -0.2318 0.3432 0.9102
vn -0.2750 -0.2026 0.9399
vn -0.1667 0.3127 0.9351
vn -0.2063 -0.2049 0.9568
vn -0.7145 0.3477 0.6071
vn -0.7739 -0.1452 0.6164
vn -0.6714 0.3724 0.6408
vn -0.7407 -0.1558 0.6535
vn -0.6369 0.3408 0.6915
vn -0.6906 -0.1534 0.7067
vn -0.9191 0.3736 0.1254
vn -0.9883 -0.0947 0.1193
vn -0.9021 0.3966 0.1701
vn -0.9828 -0.0963 0.1578
vn -0.9072 0.3689 0.2021
vn -0.9750 -0.0923 0.2022
vn -0.8322 0.3851 -0.3990
vn -0.9000 -0.0601 -0.4318
vn -0.8319 0.4079 -0.3762
vn -0.9079 -0.0578 -0.4151
vn -0.8467 0.3843 -0.3680
vn -0.9153 -0.0573 -0.3986
vn -0.4517 0.3758 -0.8092
vn -0.4962 -0.0699 -0.8654
vn -0.4603 0.4006 -0.7923
vn -0.5174 -0.0715 -0.8528
vn -0.4880 0.3782 -0.7866
vn -0.5356 -0.0735 -0.8413
vn 0.1069 0.3484 -0.9312
vn 0.0898 -0.1246 -0.9881
vn 0.0671 0.3778 -0.9235
vn 0.0351 -0.1282 -0.9911
vn 0.0173 0.3547 -0.9348
vn -0.0071 -0.1234 -0.9923
vn 0.6146 0.3171 -0.7223
vn 0.6117 -0.1876 -0.7685
vn 0.5569 0.3488 -0.7538
vn 0.5520 -0.1887 -0.8122
vn 0.5245 0.3232 -0.7877
vn 0.5155 -0.1768 -0.8385
vn 0.9110 0.2932 -0.2901
vn 0.9183 -0.2289 -0.3230
vn 0.8826 0.3214 -0.3430
vn 0.8980 -0.2260 -0.3775
vn 0.8836 0.2945 -0.3641
vn 0.8896 -0.2163 -0.4022
vn 0.9307 0.2805 0.2347
vn 0.9437 -0.2422 0.2254
vn 0.9289 0.3042 0.2110
vn 0.9490 -0.2384 0.2063
vn 0.6718 0.7179 -0.1828
vn 0.6345 0.7387 -0.2276
vn 0.8784 0.2715 0.3933
vn 0.8882 -0.2398 0.3918
vn 0.4163 -0.9082 0.0441
vn 0.3313 -0.9434 -0.0164
vn 0.2149 -0.9639 0.1573
vn 0.2941 -0.9312 0.2151
vn 0.7776 -0.5457 0.3123
vn 0.7345 -0.6204 0.2750
vn 0.6177 -0.6481 0.4455
vn 0.6664 -0.5638 0.4879
vn 0.8938 -0.2059 0.3984
vn 0.8746 -0.3058 0.3762
vn 0.7665 -0.3251 0.5539
vn 0.7888 -0.2208 0.5736
vn 0.9096 0.0499 0.4125
vn 0.9083 -0.0987 0.4065
vn 0.8030 -0.1028 0.5871
vn 0.8091 0.0422 0.5862
vn 0.5130 -0.8506 -0.1155
vn 0.4323 -0.8834 -0.1810
vn 0.8580 -0.4939 0.1413
vn 0.8068 -0.5845 0.0862
vn 0.9618 -0.1721 0.2128
vn 0.9399 -0.2882 0.1833
vn 0.9732 0.0626 0.2214
vn 0.9723 -0.0962 0.2129
vn 0.5067 -0.8567 -0.0962
vn 0.4083 -0.9018 -0.1418
vn 0.8507 -0.4989 0.1652
vn 0.7914 -0.5940 0.1444
vn 0.9556 -0.1737 0.2379
vn 0.9264 -0.2911 0.2389
vn 0.9665 0.0648 0.2483
vn 0.9589 -0.0959 0.2669
vn 0.7070 -0.4519 -0.5440
vn 0.6136 -0.4715 -0.6334
vn 0.9097 -0.1927 -0.3679
vn 0.8350 -0.2754 -0.4763
vn 0.9333 0.0072 -0.3592
vn 0.8927 -0.1214 -0.4340
vn 0.9179 0.1363 -0.3728
vn 0.9051 -0.0481 -0.4225
vn 0.7058 -0.4756 -0.5250
vn 0.6094 -0.5124 -0.6051
vn 0.9173 -0.1800 -0.3552
vn 0.8419 -0.3151 -0.4381
vn 0.9391 0.0156 -0.3433
vn 0.9101 -0.1440 -0.3886
vn 0.9248 0.1422 -0.3530
vn 0.9255 -0.0554 -0.3746
vn 0.6981 -0.5215 -0.4906
vn 0.5945 -0.5835 -0.5533
vn 0.9255 -0.2348 -0.2973
vn 0.8624 -0.3649 -0.3509
vn 0.9594 -0.0125 -0.2819
vn 0.9400 -0.1667 -0.2977
vn 0.9475 0.1330 -0.2907
vn 0.9570 -0.0614 -0.2835
vn 0.6739 0.0954 -0.7327
vn 0.5570 0.0859 -0.8261
vn 0.6865 0.2281 -0.6904
vn 0.5568 0.1219 -0.8217
vn 0.5975 0.2436 -0.7640
vn 0.5208 0.0854 -0.8494
vn 0.5500 0.2299 -0.8029
vn 0.5087 0.0172 -0.8608
vn 0.6880 0.0467 -0.7242
vn 0.5803 0.0021 -0.8144
vn 0.7054 0.2286 -0.6710
vn 0.6129 0.0478 -0.7888
vn 0.6255 0.2431 -0.7414
vn 0.5938 0.0456 -0.8033
vn 0.5849 0.2312 -0.7775
vn 0.5863 0.0039 -0.8101
vn 0.6998 -0.0232 -0.7140
vn 0.5968 -0.0860 -0.7978
vn 0.7532 0.1426 -0.6422
vn 0.6759 -0.0118 -0.7369
vn 0.6860 0.1978 -0.7002
vn 0.6673 0.0184 -0.7446
vn 0.6479 0.2126 -0.7315
vn 0.6614 -0.0042 -0.7501
vn 0.4523 0.5953 -0.6641
vn 0.3215 0.5866 -0.7433
vn 0.2842 0.5960 -0.7510
vn 0.1186 0.4678 -0.8759
vn 0.0999 0.4343 -0.8952
vn 0.0013 0.2618 -0.9651
vn 0.0310 0.2974 -0.9543
vn -0.0320 0.0768 -0.9965
vn 0.4755 0.5569 -0.6810
vn 0.3714 0.5134 -0.7736
vn 0.3072 0.5857 -0.7501
vn 0.2026 0.4023 -0.8928
vn 0.1368 0.4265 -0.8941
vn 0.0988 0.2271 -0.9689
vn 0.0748 0.2919 -0.9535
vn 0.0688 0.0644 -0.9955
vn 0.4981 0.5136 -0.6987
vn 0.3990 0.4643 -0.7907
vn 0.3543 0.5323 -0.7688
vn 0.2600 0.3732 -0.8906
vn 0.1880 0.3969 -0.8984
vn 0.1598 0.2152 -0.9634
vn 0.1288 0.2788 -0.9517
vn 0.1299 0.0607 -0.9897
vn 0.1132 0.9221 -0.3700
vn -0.0138 0.9014 -0.4327
vn -0.1723 0.8144 -0.5542
vn -0.3433 0.6746 -0.6534
vn -0.4156 0.5333 -0.7368
vn -0.5101 0.3639 -0.7793
vn -0.4955 0.3255 -0.8053
vn -0.5567 0.1156 -0.8227
vn 0.1255 0.9124 -0.3896
vn 0.0256 0.8802 -0.4740
vn -0.1640 0.8094 -0.5638
vn -0.2920 0.6514 -0.7003
vn -0.3976 0.5288 -0.7498
vn -0.4545 0.3507 -0.8188
vn -0.4739 0.3190 -0.8207
vn -0.4999 0.1100 -0.8591
vn 0.1402 0.9030 -0.4060
vn 0.0469 0.8656 -0.4986
vn -0.1452 0.7969 -0.5864
vn -0.2551 0.6466 -0.7189
vn -0.3815 0.5212 -0.7634
vn -0.4195 0.3509 -0.8372
vn -0.4557 0.3170 -0.8318
vn -0.4662 0.1101 -0.8778
vn -0.2448 0.9652 0.0923
vn -0.3629 0.9312 0.0337
vn -0.5384 0.8331 -0.1266
vn -0.7036 0.6821 -0.1994
vn -0.7937 0.5264 -0.3050
vn -0.8732 0.3624 -0.3259
vn -0.8733 0.3196 -0.3678
vn -0.9211 0.1228 -0.3695
vn -0.2360 0.9687 0.0765
vn -0.3430 0.9393 0.0049
vn -0.5279 0.8379 -0.1390
vn -0.6894 0.6833 -0.2404
vn -0.7824 0.5318 -0.3240
vn -0.8585 0.3612 -0.3641
vn -0.8632 0.3195 -0.3910
vn -0.9057 0.1214 -0.4062
vn -0.2218 0.9732 0.0614
vn -0.3168 0.9477 -0.0377
vn -0.5169 0.8422 -0.1535
vn -0.6555 0.6976 -0.2894
vn -0.7758 0.5351 -0.3343
vn -0.8311 0.3711 -0.4142
vn -0.8561 0.3242 -0.4025
vn -0.8809 0.1243 -0.4567
vn -0.4800 0.6686 0.5679
vn -0.5975 0.6234 0.5043
vn -0.6585 0.6275 0.4155
vn -0.8148 0.4587 0.3545
vn -0.8682 0.4115 0.2773
vn -0.9323 0.2432 0.2676
vn -0.9310 0.2846 0.2287
vn -0.9673 0.0914 0.2365
vn -0.4670 0.6994 0.5411
vn -0.5850 0.6594 0.4723
vn -0.6465 0.6639 0.3759
vn -0.8230 0.4795 0.3045
vn -0.8688 0.4383 0.2304
vn -0.9433 0.2516 0.2164
vn -0.9385 0.2961 0.1774
vn -0.9782 0.0931 0.1855
vn -0.4527 0.7296 0.5126
vn -0.5624 0.7180 0.4100
vn -0.6457 0.6782 0.3508
vn -0.8158 0.5354 0.2185
vn -0.8714 0.4469 0.2022
vn -0.9512 0.2827 0.1234
vn -0.9424 0.3016 0.1445
vn -0.9906 0.1026 0.0905
vn -0.5002 0.1563 0.8517
vn -0.6155 0.0968 0.7822
vn -0.4883 0.2577 0.8338
vn -0.6210 0.0856 0.7791
vn -0.6085 0.2201 0.7624
vn -0.6511 0.0495 0.7574
vn -0.6461 0.2240 0.7296
vn -0.6637 0.0323 0.7473
vn -0.5047 0.2240 0.8337
vn -0.6254 0.1783 0.7597
vn -0.5159 0.3405 0.7861
vn -0.6746 0.1398 0.7248
vn -0.6543 0.2674 0.7074
vn -0.7138 0.0741 0.6965
vn -0.6986 0.2436 0.6728
vn -0.7276 0.0394 0.6849
vn -0.5104 0.2765 0.8142
vn -0.6343 0.2696 0.7245
vn -0.5379 0.3483 0.7677
vn -0.7167 0.2205 0.6616
vn -0.6808 0.2726 0.6799
vn -0.7753 0.1176 0.6206
vn -0.7301 0.2442 0.6382
vn -0.7945 0.0534 0.6050
vn -0.3351 -0.3696 0.8666
vn -0.4338 -0.4346 0.7893
vn -0.1374 -0.1352 0.9812
vn -0.2262 -0.2867 0.9309
vn -0.1532 0.0130 0.9881
vn -0.1685 -0.1420 0.9754
vn -0.1660 0.1492 0.9748
vn -0.1581 -0.0310 0.9869
vn -0.3645 -0.3076 0.8789
vn -0.4759 -0.3472 0.8081
vn -0.2023 -0.0572 0.9776
vn -0.3197 -0.2270 0.9199
vn -0.2252 0.0506 0.9730
vn -0.2708 -0.1153 0.9557
vn -0.2366 0.1617 0.9580
vn -0.2612 -0.0224 0.9650
vn -0.3841 -0.2720 0.8823
vn -0.5037 -0.2876 0.8146
vn -0.2201 -0.0702 0.9730
vn -0.3690 -0.1730 0.9132
vn -0.2510 0.0459 0.9669
vn -0.3331 -0.0858 0.9390
vn -0.2722 0.1572 0.9493
vn -0.3274 -0.0122 0.9448
vn -0.0480 -0.7707 0.6354
vn -0.1264 -0.8222 0.5550
vn 0.2799 -0.4404 0.8531
vn 0.2329 -0.5522 0.8005
vn 0.3553 -0.1543 0.9219
vn 0.3547 -0.2772 0.8929
vn 0.3642 0.0785 0.9280
vn 0.3826 -0.0799 0.9205
vn -0.0730 -0.7528 0.6542
vn -0.1662 -0.7862 0.5952
vn 0.2380 -0.4181 0.8767
vn 0.1629 -0.5309 0.8316
vn 0.3184 -0.1474 0.9364
vn 0.2845 -0.2697 0.9200
vn 0.3324 0.0769 0.9400
vn 0.3135 -0.0771 0.9465
vn -0.0825 -0.7457 0.6612
vn -0.1850 -0.7699 0.6107
vn 0.2387 -0.4312 0.8701
vn 0.1395 -0.5113 0.8480
vn 0.3122 -0.1532 0.9376
vn 0.2561 -0.2581 0.9316
vn 0.3181 0.0735 0.9452
vn 0.2836 -0.0727 0.9562
vn 0.3002 -0.9301 0.2114
vn 0.2301 -0.9639 0.1340
vn 0.6712 -0.5635 0.4816
vn 0.6425 -0.6409 0.4200
vn 0.7906 -0.2197 0.5715
vn 0.7869 -0.3192 0.5280
vn 0.8094 0.0449 0.5856
vn 0.8217 -0.1009 0.5610
vn 0.7410 -0.4060 0.5349
vn 0.7427 -0.4108 0.5288
vn 0.2517 -0.3757 0.8919
vn 0.2451 -0.3768 0.8933
vn 0.2929 -0.3873 0.8742
vn -0.3361 -0.2671 0.9032
vn -0.3348 -0.2776 0.9005
vn -0.2362 -0.2954 0.9257
vn -0.7895 -0.1256 0.6008
vn -0.7806 -0.1378 0.6096
vn -0.7073 -0.1539 0.6900
vn -0.9935 0.0091 0.1138
vn -0.9916 0.0072 0.1295
vn -0.9801 0.0002 0.1986
vn -0.8971 0.0975 -0.4309
vn -0.9025 0.1019 -0.4184
vn -0.9127 0.0984 -0.3967
vn -0.4922 0.0921 -0.8656
vn -0.5246 0.0947 -0.8461
vn -0.5330 0.0908 -0.8413
vn 0.0861 -0.0156 -0.9962
vn 0.0013 -0.0075 -1.0000
vn -0.0120 -0.0022 -0.9999
vn 0.5930 -0.1673 -0.7876
vn 0.5042 -0.1499 -0.8505
vn 0.4990 -0.1372 -0.8557
vn 0.8850 -0.3027 -0.3538
vn 0.8556 -0.2856 -0.4316
vn 0.8590 -0.2782 -0.4299
vn 0.9018 -0.3899 0.1866
vn 0.9109 -0.3807 0.1588
vn 0.8442 -0.4033 0.3531
vn 0.5758 -0.7058 0.4126
vn 0.5750 -0.7120 0.4030
vn 0.1050 -0.6199 0.7776
vn 0.0865 -0.6153 0.7835
vn 0.1417 -0.6385 0.7564
vn -0.4288 -0.3658 0.8260
vn -0.4526 -0.3666 0.8129
vn -0.3403 -0.4236 0.8395
vn -0.8200 -0.0598 0.5692
vn -0.8292 -0.0650 0.5551
vn -0.7488 -0.1269 0.6505
vn -0.9709 0.2058 0.1226
vn -0.9700 0.2091 0.1238
vn -0.9630 0.1744 0.2057
vn -0.8437 0.3628 -0.3956
vn -0.8456 0.3739 -0.3810
vn -0.8609 0.3587 -0.3608
vn -0.4431 0.3392 -0.8298
vn -0.4840 0.3548 -0.7999
vn -0.4855 0.3433 -0.8040
vn 0.0932 0.1227 -0.9880
vn -0.0135 0.1627 -0.9866
vn -0.0021 0.1608 -0.9870
vn 0.5356 -0.1851 -0.8239
vn 0.4297 -0.1230 -0.8945
vn 0.4520 -0.1202 -0.8839
vn 0.7658 -0.4721 -0.4367
vn 0.7359 -0.4258 -0.5265
vn 0.7484 -0.4285 -0.5062
vn 0.7427 -0.6659 0.0703
vn 0.7577 -0.6515 0.0391
vn 0.6782 -0.6975 0.2313
vn 0.2758 -0.9403 0.1994
vn 0.2648 -0.9465 0.1844
vn -0.1427 -0.7813 0.6077
vn -0.1586 -0.7631 0.6265
vn -0.1131 -0.8059 0.5811
vn -0.5270 -0.3568 0.7713
vn -0.5612 -0.3245 0.7614
vn -0.4668 -0.4455 0.7639
vn -0.7553 0.1433 0.6395
vn -0.7748 0.1671 0.6098
vn -0.7165 0.0325 0.6968
vn -0.7779 0.5613 0.2824
vn -0.7734 0.5744 0.2682
vn -0.7867 0.5046 0.3555
vn -0.5846 0.7866 -0.1990
vn -0.5742 0.7976 -0.1848
vn -0.6050 0.7790 -0.1647
vn -0.2036 0.7227 -0.6605
vn -0.2349 0.7514 -0.6166
vn -0.2411 0.7390 -0.6291
vn 0.2266 0.3627 -0.9039
vn 0.1290 0.4558 -0.8807
vn 0.1529 0.4377 -0.8860
vn 0.5108 -0.1296 -0.8499
vn 0.4252 0.0093 -0.9051
vn 0.4611 -0.0219 -0.8871
vn 0.5840 -0.5805 -0.5674
vn 0.5787 -0.4861 -0.6548
vn 0.5868 -0.5171 -0.6231
vn 0.4537 -0.8812 -0.1325
vn 0.4840 -0.8593 -0.1650
vn 0.3694 -0.9291 0.0164
vn 0.1701 -0.9775 0.1249
vn 0.1769 -0.9779 0.1115
vn -0.2195 -0.7879 0.5754
vn -0.1995 -0.8045 0.5594
vn -0.1787 -0.8256 0.5351
vn -0.5284 -0.3049 0.7924
vn -0.4997 -0.3673 0.7845
vn -0.4751 -0.4252 0.7704
vn -0.6491 0.2531 0.7173
vn -0.6415 0.1683 0.7485
vn -0.6375 0.1111 0.7624
vn -0.5726 0.7069 0.4154
vn -0.5906 0.6589 0.4659
vn -0.6013 0.6336 0.4868
vn -0.3261 0.9450 -0.0270
vn -0.3428 0.9394 0.0030
vn -0.3567 0.9340 0.0199
vn 0.0340 0.8709 -0.4903
vn 0.0218 0.8807 -0.4732
vn -0.0074 0.8958 -0.4443
vn 0.3787 0.4761 -0.7937
vn 0.3613 0.5110 -0.7799
vn 0.3196 0.5732 -0.7545
vn 0.5693 -0.0724 -0.8189
vn 0.5607 -0.0120 -0.8279
vn 0.5397 0.0691 -0.8390
vn 0.5623 -0.5782 -0.5912
vn 0.5739 -0.5333 -0.6215
vn 0.5791 -0.4889 -0.6524
vn 0.3719 -0.9093 -0.1865
vn 0.3858 -0.8995 -0.2053
vn 0.2879 -0.9562 -0.0521
vn 0.0680 0.7678 -0.6371
vn 0.1140 0.7443 -0.6581
vn 0.0980 0.9037 -0.4168
vn 0.0599 0.9139 -0.4016
vn 0.2804 0.7203 0.6345
vn -0.1939 0.7304 0.6549
vn -0.6291 0.7581 0.1719
vn -0.5690 0.7697 -0.2894
vn 0.0106 0.7507 -0.6606
vn 0.4737 0.7272 -0.4968
vn 0.5538 0.7316 0.3975
vn 0.5779 0.7145 0.3945
vn 0.6442 0.7094 0.2858
vn -0.4488 0.7666 0.4592
vn -0.4244 0.7418 0.5192
vn -0.3026 0.7813 -0.5458
vn -0.3432 0.7654 -0.5444
vn 0.6415 0.7172 -0.2722
vn -0.1402 0.7517 0.6445
vn -0.5635 0.7861 -0.2539
vn 0.4103 0.7519 -0.5160
vn 0.2222 0.7191 0.6585
vn -0.6413 0.7631 0.0800
vn 0.6741 0.7144 0.1874
vn -0.0836 0.7289 0.6794
vn -0.5928 0.7687 -0.2403
vn 0.3743 0.7316 -0.5698
vn 0.2379 0.7387 0.6306
vn -0.6123 0.7799 0.1298
vn 0.6635 0.7316 0.1566
vn -0.5097 0.7474 0.4261
vn -0.2911 0.7625 -0.5779
vn 0.2800 0.9036 -0.3241
vn 0.3289 0.8927 -0.3081
vn 0.1815 0.9751 -0.1274
vn 0.1416 0.9819 -0.1255
vn -0.0306 0.8938 0.4475
vn -0.3189 0.9064 0.2769
vn 0.0162 0.9083 -0.4180
vn -0.2726 0.9131 0.3033
vn -0.2522 0.9021 0.3501
vn -0.3973 0.9161 0.0531
vn 0.2511 0.8963 -0.3656
vn -0.3771 0.9217 0.0914
vn 0.4506 0.8867 -0.1038
vn -0.3885 0.9128 0.1264
vn 0.4236 0.8952 -0.1386
vn -0.3467 0.9200 -0.1827
vn 0.3708 0.8909 0.2623
vn 0.3895 0.8844 0.2570
vn 0.4276 0.8868 -0.1754
vn -0.3450 0.9257 -0.1549
vn 0.1531 0.8878 0.4339
vn 0.4474 0.8844 0.1328
vn -0.3670 0.9194 -0.1413
vn 0.1687 0.8953 0.4123
vn 0.4413 0.8908 0.1082
vn -0.1657 0.9154 -0.3669
vn 0.2011 0.8881 0.4133
vn 0.4289 0.8832 0.1899
vn -0.1779 0.9227 -0.3421
vn -0.1179 0.8955 0.4292
vn -0.2087 0.9174 -0.3388
vn -0.0743 0.9035 0.4221
vn 0.2013 0.9719 0.1222
vn 0.1768 0.9769 0.1198
vn 0.2296 0.9680 0.1016
vn 0.2063 0.9768 0.0570
vn 0.2230 0.9718 0.0763
vn 0.2166 0.9731 -0.0791
vn 0.2013 0.9785 -0.0449
vn 0.2306 0.9726 -0.0303
vn 0.1307 0.9775 -0.1653
vn 0.0213 0.9830 -0.1822
vn 0.0469 0.9864 -0.1577
vn 0.0757 0.9803 -0.1825
vn -0.0786 0.9870 -0.1403
vn -0.0516 0.9901 -0.1309
vn -0.0480 0.9858 -0.1609
vn -0.1484 0.9878 -0.0479
vn -0.1201 0.9913 -0.0537
vn -0.1330 0.9880 -0.0781
vn -0.1569 0.9846 0.0774
vn -0.1353 0.9896 0.0480
vn -0.1615 0.9865 0.0276
vn -0.0896 0.9795 0.1804
vn -0.0925 0.9860 0.1390
vn -0.1327 0.9823 0.1326
vn 0.0153 0.9757 0.2186
vn -0.0065 0.9819 0.1894
vn -0.0427 0.9772 0.2080
vn 0.1189 0.9734 0.1960
vn 0.0949 0.9786 0.1825
vn 0.0849 0.9735 0.2121
vn 0.0661 -0.4932 0.8674
vn 0.0674 0.1252 0.9898
vn 0.0723 0.1015 0.9922
vn 0.0685 -0.4980 0.8645
vn -0.4910 0.1386 0.8601
vn -0.5253 -0.4394 0.7287
vn -0.4893 0.1659 0.8562
vn -0.5286 -0.4401 0.7259
vn -0.4533 0.1354 0.8810
vn -0.4860 -0.4538 0.7469
vn -0.8651 0.2452 0.4377
vn -0.9121 -0.2786 0.3007
vn -0.8494 0.2707 0.4531
vn -0.9089 -0.2893 0.3003
vn -0.8207 0.2254 0.5251
vn -0.8658 -0.3170 0.3871
vn -0.9221 0.3765 -0.0893
vn -0.9716 -0.0785 -0.2231
vn -0.9180 0.3940 -0.0444
vn -0.9728 -0.0925 -0.2124
vn -0.9370 0.3487 0.0223
vn -0.9871 -0.1187 -0.1075
vn -0.6835 0.4872 -0.5435
vn -0.7290 0.1029 -0.6768
vn -0.7015 0.5028 -0.5050
vn -0.7382 0.0991 -0.6673
vn -0.7355 0.4718 -0.4863
vn -0.7846 0.0885 -0.6137
vn -0.2273 0.5463 -0.8062
vn -0.2492 0.2132 -0.9447
vn -0.2431 0.5647 -0.7887
vn -0.2587 0.2162 -0.9414
vn -0.2610 0.5439 -0.7975
vn -0.2846 0.2137 -0.9345
vn 0.3282 0.5309 -0.7813
vn 0.3442 0.1946 -0.9185
vn 0.3051 0.5539 -0.7747
vn 0.3124 0.1976 -0.9292
vn 0.2868 0.5363 -0.7938
vn 0.3002 0.1953 -0.9337
vn 0.7805 0.4398 -0.4443
vn 0.8166 0.0408 -0.5758
vn 0.7418 0.4755 -0.4729
vn 0.7670 0.0554 -0.6392
vn 0.7247 0.4599 -0.5131
vn 0.7569 0.0630 -0.6505
vn 0.9475 0.3130 0.0650
vn 0.9831 -0.1685 -0.0720
vn 0.9330 0.3599 -0.0072
vn 0.9741 -0.1405 -0.1772
vn 0.9395 0.3399 -0.0436
vn 0.9750 -0.1262 -0.1831
vn 0.8067 0.1966 0.5573
vn 0.8379 -0.3537 0.4157
vn 0.8349 0.2373 0.4966
vn 0.8792 -0.3299 0.3438
vn 0.8459 0.2104 0.4901
vn 0.8792 -0.3228 0.3504
vn 0.4179 0.1194 0.9006
vn 0.4340 -0.4720 0.7674
vn 0.4399 0.1460 0.8861
vn 0.4633 -0.4621 0.7562
vn 0.5718 0.6469 0.5045
vn 0.5822 0.6764 0.4511
vn 0.2627 0.0992 0.9598
vn 0.2680 -0.4897 0.8297
vn 0.2596 -0.4194 0.8699
vn 0.2740 -0.7183 0.6395
vn 0.0684 -0.7506 0.6572
vn 0.0658 -0.4814 0.8741
vn 0.2669 -0.3735 0.8884
vn 0.2725 -0.4205 0.8654
vn 0.0664 -0.4364 0.8973
vn 0.0725 -0.3984 0.9143
vn 0.4264 -0.3964 0.8130
vn 0.4637 -0.6662 0.5841
vn 0.4704 -0.3313 0.8179
vn 0.4619 -0.3923 0.7955
vn 0.4184 -0.3660 0.8312
vn 0.4124 -0.6814 0.6047
vn 0.4344 -0.3366 0.8354
vn 0.4119 -0.4004 0.8185
vn 0.8102 -0.0421 0.5847
vn 0.9063 -0.3064 0.2911
vn 0.8788 -0.0952 0.4675
vn 0.9054 -0.1895 0.3798
vn 0.8042 -0.0770 0.5894
vn 0.8827 -0.3471 0.3168
vn 0.8838 -0.0768 0.4615
vn 0.8819 -0.2124 0.4209
vn 0.7759 -0.0701 0.6269
vn 0.8323 -0.4073 0.3761
vn 0.8377 -0.1293 0.5306
vn 0.8323 -0.2463 0.4966
vn 0.8884 0.3681 0.2744
vn 0.9854 0.1472 -0.0852
vn 0.9752 0.2213 -0.0044
vn 0.9864 0.0722 -0.1479
vn 0.9044 0.3218 0.2802
vn 0.9971 0.0701 -0.0307
vn 0.9724 0.2332 0.0028
vn 0.9974 0.0282 -0.0660
vn 0.8944 0.3010 0.3307
vn 0.9993 -0.0002 0.0374
vn 0.9834 0.1547 0.0944
vn 0.9997 -0.0123 0.0216
vn 0.7015 0.7123 -0.0249
vn 0.7402 0.5348 -0.4076
vn 0.7569 0.4935 -0.4285
vn 0.7428 0.2999 -0.5986
vn 0.7317 0.6803 -0.0420
vn 0.8057 0.4688 -0.3621
vn 0.7640 0.4903 -0.4194
vn 0.8068 0.2616 -0.5297
vn 0.7474 0.6643 -0.0031
vn 0.8408 0.4335 -0.3243
vn 0.8170 0.4437 -0.3683
vn 0.8417 0.2408 -0.4834
vn 0.2933 0.9245 -0.2433
vn 0.2691 0.7588 -0.5932
vn 0.3017 0.6511 -0.6965
vn 0.2724 0.4356 -0.8579
vn 0.3058 0.9110 -0.2768
vn 0.3351 0.7387 -0.5848
vn 0.3154 0.6440 -0.6970
vn 0.3368 0.4236 -0.8409
vn 0.3174 0.9145 -0.2508
vn 0.3716 0.7314 -0.5717
vn 0.3454 0.6377 -0.6885
vn 0.3728 0.4189 -0.8280
vn -0.2531 0.9305 -0.2649
vn -0.3116 0.7509 -0.5824
vn -0.2796 0.6491 -0.7075
vn -0.3090 0.4383 -0.8441
vn -0.2480 0.9236 -0.2921
vn -0.2729 0.7564 -0.5945
vn -0.2476 0.6529 -0.7158
vn -0.2710 0.4410 -0.8556
vn -0.2377 0.9357 -0.2606
vn -0.2170 0.7705 -0.5993
vn -0.2442 0.6569 -0.7134
vn -0.2164 0.4483 -0.8673
vn -0.7130 0.7002 -0.0364
vn -0.8043 0.4804 -0.3498
vn -0.7780 0.4715 -0.4152
vn -0.8030 0.2875 -0.5221
vn -0.6995 0.7111 -0.0711
vn -0.7721 0.5082 -0.3815
vn -0.7239 0.5136 -0.4606
vn -0.7709 0.3033 -0.5601
vn -0.6708 0.7400 -0.0496
vn -0.7060 0.5679 -0.4232
vn -0.7215 0.5141 -0.4638
vn -0.7060 0.3363 -0.6232
vn -0.8888 0.3387 0.3088
vn -0.9987 0.0489 0.0143
vn -0.9808 0.1883 0.0513
vn -0.9991 0.0399 -0.0153
vn -0.8953 0.3626 0.2587
vn -0.9923 0.1136 -0.0492
vn -0.9631 0.2663 -0.0391
vn -0.9923 0.0771 -0.0966
vn -0.8753 0.4108 0.2552
vn -0.9737 0.1989 -0.1108
vn -0.9648 0.2585 -0.0491
vn -0.9741 0.1254 -0.1882
vn -0.7858 -0.0307 0.6178
vn -0.8555 -0.3706 0.3616
vn -0.8601 -0.0960 0.5011
vn -0.8577 -0.2049 0.4716
vn -0.8179 -0.0271 0.5747
vn -0.9062 -0.3022 0.2959
vn -0.9052 -0.0367 0.4233
vn -0.9072 -0.1650 0.3871
vn -0.8240 0.0149 0.5663
vn -0.9334 -0.2475 0.2597
vn -0.9063 -0.0485 0.4198
vn -0.9342 -0.1336 0.3308
vn -0.4527 -0.3330 0.8271
vn -0.4561 -0.6607 0.5963
vn -0.4817 -0.3126 0.8187
vn -0.4592 -0.3780 0.8039
vn -0.4721 -0.3602 0.8046
vn -0.5219 -0.6360 0.5684
vn -0.5247 -0.3042 0.7951
vn -0.5235 -0.3630 0.7708
vn -0.4784 -0.3375 0.8107
vn -0.5490 -0.6189 0.5618
vn -0.5210 -0.3067 0.7966
vn -0.5502 -0.3531 0.7567
vn 0.0617 -0.4553 0.8882
vn 0.1013 -0.7451 0.6592
vn 0.0700 -0.3922 0.9172
vn 0.0984 -0.4338 0.8956
vn 0.0654 -0.8146 0.5763
vn 0.0716 -0.8176 0.5714
vn -0.5182 -0.7177 0.4651
vn -0.5237 -0.7165 0.4608
vn -0.4762 -0.7389 0.4768
vn -0.9028 -0.4089 0.1331
vn -0.9004 -0.4164 0.1262
vn -0.8540 -0.4807 0.1992
vn -0.9624 -0.0219 -0.2707
vn -0.9635 -0.0366 -0.2651
vn -0.9781 -0.1085 -0.1777
vn -0.7199 0.3252 -0.6131
vn -0.7321 0.3204 -0.6011
vn -0.7786 0.2841 -0.5595
vn -0.2427 0.5375 -0.8076
vn -0.2576 0.5430 -0.7992
vn -0.2816 0.5331 -0.7978
vn 0.3456 0.5174 -0.7828
vn 0.3091 0.5295 -0.7900
vn 0.2981 0.5243 -0.7977
vn 0.8146 0.2467 -0.5250
vn 0.7622 0.2906 -0.5784
vn 0.7521 0.2981 -0.5878
vn 0.9791 -0.1428 -0.1448
vn 0.9702 -0.0701 -0.2320
vn 0.9709 -0.0567 -0.2329
vn 0.8325 -0.5055 0.2267
vn 0.8758 -0.4517 0.1700
vn 0.8761 -0.4480 0.1782
vn 0.4305 -0.7537 0.4966
vn 0.4602 -0.7393 0.4915
vn 0.2689 -0.7944 0.5447
vn 0.5317 0.8142 -0.2329
vn 0.5774 0.7876 -0.2152
vn 0.3823 0.9227 -0.0491
vn 0.3462 0.9358 -0.0667
vn -0.3059 0.6141 0.7276
vn -0.6264 0.6788 0.3833
vn -0.5360 0.8069 -0.2483
vn -0.1441 0.8575 -0.4939
vn 0.5129 0.8066 -0.2939
vn 0.6850 0.7115 0.1567
vn 0.0515 0.6164 0.7858
vn 0.0693 0.5968 0.7994
vn 0.1952 0.5948 0.7799
vn -0.6402 0.7648 0.0719
vn -0.6706 0.7313 0.1245
vn 0.2236 0.8629 -0.4533
vn 0.1964 0.8518 -0.4856
vn 0.6208 0.6589 0.4247
vn -0.5838 0.6944 0.4206
vn -0.1678 0.8695 -0.4646
vn 0.6590 0.7454 0.1004
vn -0.3616 0.6174 0.6986
vn -0.4735 0.8225 -0.3151
vn 0.2897 0.6061 0.7408
vn -0.5742 0.6617 0.4821
vn -0.1969 0.8544 -0.4809
vn 0.6771 0.7350 0.0359
vn -0.3301 0.6377 0.6959
vn -0.4930 0.8306 -0.2589
vn 0.3065 0.6274 0.7159
vn -0.6540 0.7565 0.0018
vn 0.2556 0.8460 -0.4679
vn 0.4282 0.8916 0.1473
vn 0.4474 0.8733 0.1928
vn 0.2141 0.9542 0.2089
vn 0.1871 0.9655 0.1810
vn -0.3624 0.8415 0.4007
vn -0.4171 0.9057 0.0764
vn 0.3306 0.9372 -0.1110
vn -0.4075 0.9040 0.1291
vn -0.4303 0.8860 0.1725
vn -0.2960 0.9471 -0.1237
vn 0.4415 0.8919 0.0981
vn -0.3123 0.9463 -0.0832
vn 0.3692 0.8322 0.4137
vn -0.3466 0.9353 -0.0709
vn 0.3784 0.8474 0.3725
vn -0.0829 0.9686 -0.2344
vn 0.0374 0.8091 0.5864
vn 0.0535 0.8011 0.5962
vn 0.4092 0.8423 0.3509
vn -0.1031 0.9712 -0.2147
vn -0.2339 0.8149 0.5302
vn 0.1859 0.8066 0.5611
vn -0.1276 0.9663 -0.2236
vn -0.2073 0.8227 0.5294
vn 0.2008 0.8161 0.5419
vn 0.1746 0.9608 -0.2152
vn -0.1874 0.8116 0.5534
vn 0.1302 0.8018 0.5832
vn 0.1478 0.9670 -0.2076
vn -0.4045 0.8554 0.3234
vn 0.1254 0.9652 -0.2296
vn -0.3711 0.8589 0.3530
vn 0.0358 0.9235 0.3819
vn 0.0219 0.9317 0.3627
vn 0.0697 0.9184 0.3895
vn 0.0888 0.9344 0.3450
vn 0.0849 0.9255 0.3690
vn 0.1997 0.9431 0.2659
vn 0.1641 0.9468 0.2767
vn 0.1713 0.9361 0.3073
vn 0.2104 0.9665 0.1469
vn 0.1533 0.9867 0.0541
vn 0.1510 0.9845 0.0896
vn 0.1886 0.9775 0.0948
vn 0.0569 0.9984 0.0058
vn 0.0671 0.9972 0.0326
vn 0.0924 0.9956 0.0156
vn -0.0587 0.9982 0.0119
vn -0.0361 0.9989 0.0301
vn -0.0257 0.9997 0.0042
vn -0.1601 0.9835 0.0845
vn -0.1237 0.9889 0.0828
vn -0.1250 0.9909 0.0495
vn -0.1954 0.9602 0.1997
vn -0.1659 0.9710 0.1724
vn -0.1869 0.9728 0.1371
vn -0.1576 0.9399 0.3029
vn -0.1493 0.9516 0.2688
vn -0.1868 0.9493 0.2527
vn -0.0738 0.9274 0.3666
vn -0.0787 0.9369 0.3407
vn -0.1078 0.9301 0.3512
vn 0.5927 -0.4932 -0.6368
vn 0.6818 0.1251 -0.7207
vn 0.6802 0.1015 -0.7260
vn 0.5889 -0.4980 -0.6365
vn 0.9651 0.1386 -0.2224
vn 0.8918 -0.4394 -0.1081
vn 0.9611 0.1659 -0.2210
vn 0.8919 -0.4401 -0.1038
vn 0.9549 0.1354 -0.2642
vn 0.8785 -0.4538 -0.1493
vn 0.9083 0.2452 0.3390
vn 0.8395 -0.2786 0.4664
vn 0.9090 0.2707 0.3169
vn 0.8371 -0.2894 0.4643
vn 0.9424 0.2254 0.2471
vn 0.8716 -0.3170 0.3739
vn 0.5597 0.3765 0.7383
vn 0.4949 -0.0785 0.8654
vn 0.5899 0.3941 0.7048
vn 0.5035 -0.0925 0.8590
vn 0.6518 0.3487 0.6735
vn 0.5903 -0.1187 0.7984
vn 0.0640 0.4872 0.8709
vn -0.0031 0.1029 0.9947
vn 0.1045 0.5028 0.8580
vn 0.0101 0.0991 0.9950
vn 0.1413 0.4717 0.8703
vn 0.0810 0.0885 0.9928
vn -0.4383 0.5463 0.7137
vn -0.5253 0.2132 0.8238
vn -0.4148 0.5647 0.7135
vn -0.5165 0.2162 0.8286
vn -0.4092 0.5439 0.7326
vn -0.4939 0.2137 0.8429
vn -0.7968 0.5309 0.2886
vn -0.9085 0.1946 0.3699
vn -0.7762 0.5539 0.3011
vn -0.8948 0.1976 0.4005
vn -0.7779 0.5362 0.3275
vn -0.8898 0.1953 0.4125
vn -0.8558 0.4398 -0.2724
vn -0.9769 0.0408 -0.2096
vn -0.8506 0.4755 -0.2245
vn -0.9899 0.0554 -0.1303
vn -0.8685 0.4599 -0.1846
vn -0.9913 0.0630 -0.1152
vn -0.5947 0.3130 -0.7405
vn -0.7196 -0.1685 -0.6737
vn -0.6379 0.3599 -0.6808
vn -0.7908 -0.1405 -0.5958
vn -0.6691 0.3399 -0.6609
vn -0.7957 -0.1262 -0.5924
vn -0.1375 0.1965 -0.9708
vn -0.2627 -0.3537 -0.8977
vn -0.2012 0.2373 -0.9504
vn -0.3435 -0.3300 -0.8793
vn -0.2134 0.2104 -0.9540
vn -0.3387 -0.3228 -0.8838
vn 0.3785 0.1194 -0.9179
vn 0.2697 -0.4720 -0.8393
vn 0.3530 0.1460 -0.9242
vn 0.2416 -0.4622 -0.8533
vn -0.0170 0.6469 -0.7624
vn -0.0632 0.6764 -0.7338
vn 0.5273 0.0992 -0.8439
vn 0.4281 -0.4897 -0.7596
vn 0.4633 -0.4194 -0.7806
vn 0.2842 -0.7183 -0.6350
vn 0.4366 -0.7506 -0.4959
vn 0.5978 -0.4813 -0.6411
vn 0.4720 -0.3735 -0.7986
vn 0.4513 -0.4205 -0.7871
vn 0.6144 -0.4364 -0.6573
vn 0.6229 -0.3984 -0.6733
vn 0.3083 -0.3964 -0.8647
vn 0.1148 -0.6662 -0.7368
vn 0.2821 -0.3313 -0.9004
vn 0.2714 -0.3923 -0.8789
vn 0.3272 -0.3660 -0.8712
vn 0.1647 -0.6814 -0.7131
vn 0.3194 -0.3366 -0.8858
vn 0.3223 -0.4004 -0.8578
vn -0.1197 -0.0421 -0.9919
vn -0.4006 -0.3064 -0.8635
vn -0.2523 -0.0952 -0.9629
vn -0.3349 -0.1896 -0.9230
vn -0.1122 -0.0770 -0.9907
vn -0.3658 -0.3472 -0.8635
vn -0.2601 -0.0768 -0.9625
vn -0.2886 -0.2124 -0.9336
vn -0.0654 -0.0702 -0.9954
vn -0.2880 -0.4073 -0.8667
vn -0.1781 -0.1293 -0.9755
vn -0.1995 -0.2463 -0.9485
vn -0.4007 0.3681 -0.8390
vn -0.7308 0.1472 -0.6665
vn -0.6645 0.2213 -0.7137
vn -0.7775 0.0722 -0.6247
vn -0.4073 0.3218 -0.8547
vn -0.6987 0.0701 -0.7120
vn -0.6574 0.2332 -0.7166
vn -0.7249 0.0282 -0.6883
vn -0.3635 0.3010 -0.8816
vn -0.6502 -0.0002 -0.7598
vn -0.5975 0.1547 -0.7868
vn -0.6620 -0.0123 -0.7494
vn -0.4940 0.7123 -0.4987
vn -0.8015 0.5348 -0.2676
vn -0.8282 0.4935 -0.2657
vn -0.9437 0.2998 -0.1400
vn -0.5270 0.6803 -0.5093
vn -0.8124 0.4689 -0.3466
vn -0.8263 0.4903 -0.2772
vn -0.9364 0.2616 -0.2338
vn -0.5091 0.6644 -0.5472
vn -0.8085 0.4335 -0.3980
vn -0.8247 0.4437 -0.3507
vn -0.9260 0.2408 -0.2908
vn -0.3777 0.9245 -0.0506
vn -0.6185 0.7588 0.2044
vn -0.7164 0.6511 0.2505
vn -0.8152 0.4357 0.3816
vn -0.4108 0.9110 -0.0371
vn -0.6570 0.7387 0.1503
vn -0.7261 0.6440 0.2408
vn -0.8464 0.4236 0.3227
vn -0.3995 0.9145 -0.0632
vn -0.6722 0.7314 0.1145
vn -0.7403 0.6377 0.2129
vn -0.8613 0.4189 0.2875
vn -0.0231 0.9305 0.3656
vn -0.2167 0.7509 0.6239
vn -0.3303 0.6491 0.6852
vn -0.4108 0.4383 0.7994
vn -0.0465 0.9237 0.3804
vn -0.2519 0.7564 0.6037
vn -0.3582 0.6530 0.6674
vn -0.4450 0.4410 0.7794
vn -0.0304 0.9357 0.3514
vn -0.2934 0.7705 0.5659
vn -0.3587 0.6569 0.6632
vn -0.4907 0.4484 0.7471
vn 0.4567 0.7002 0.5487
vn 0.2883 0.4804 0.8283
vn 0.2225 0.4715 0.8533
vn 0.1608 0.2876 0.9442
vn 0.4221 0.7111 0.5623
vn 0.2432 0.5083 0.8261
vn 0.1523 0.5136 0.8444
vn 0.1111 0.3033 0.9464
vn 0.4184 0.7400 0.5267
vn 0.1677 0.5679 0.8059
vn 0.1484 0.5141 0.8448
vn 0.0207 0.3363 0.9415
vn 0.8296 0.3387 0.4438
vn 0.6877 0.0489 0.7243
vn 0.7028 0.1883 0.6861
vn 0.6662 0.0399 0.7447
vn 0.7972 0.3626 0.4826
vn 0.6367 0.1136 0.7627
vn 0.6243 0.2663 0.7344
vn 0.6019 0.0771 0.7948
vn 0.7811 0.4108 0.4703
vn 0.5788 0.1989 0.7908
vn 0.6182 0.2585 0.7423
vn 0.5223 0.1254 0.8435
vn 0.9869 -0.0307 0.1586
vn 0.8459 -0.3706 0.3836
vn 0.9515 -0.0960 0.2923
vn 0.9282 -0.2049 0.3105
vn 0.9770 -0.0271 0.2114
vn 0.8320 -0.3022 0.4653
vn 0.9250 -0.0367 0.3782
vn 0.8996 -0.1650 0.4043
vn 0.9750 0.0149 0.2216
vn 0.8239 -0.2475 0.5099
vn 0.9231 -0.0485 0.3814
vn 0.8766 -0.1336 0.4623
vn 0.9149 -0.3330 -0.2281
vn 0.7475 -0.6607 -0.0691
vn 0.9284 -0.3126 -0.2011
vn 0.9022 -0.3780 -0.2076
vn 0.9115 -0.3602 -0.1987
vn 0.7717 -0.6360 -0.0019
vn 0.9402 -0.3042 -0.1535
vn 0.9215 -0.3630 -0.1379
vn 0.9202 -0.3375 -0.1981
vn 0.7852 -0.6189 0.0225
vn 0.9387 -0.3067 -0.1573
vn 0.9292 -0.3531 -0.1087
vn 0.6110 -0.4553 -0.6476
vn 0.4158 -0.7450 -0.5215
vn 0.6267 -0.3922 -0.6734
vn 0.5915 -0.4338 -0.6797
vn 0.3792 -0.8146 -0.4388
vn 0.3713 -0.8176 -0.4401
vn 0.6932 -0.7177 0.0655
vn 0.6938 -0.7165 0.0725
vn 0.6733 -0.7388 0.0266
vn 0.7100 -0.4089 0.5733
vn 0.7033 -0.4164 0.5762
vn 0.7255 -0.4807 0.4925
vn 0.4536 -0.0219 0.8909
vn 0.4585 -0.0366 0.8879
vn 0.5327 -0.1085 0.8393
vn 0.0376 0.3252 0.9449
vn 0.0547 0.3205 0.9457
vn 0.1168 0.2841 0.9516
vn -0.4290 0.5374 0.7261
vn -0.4128 0.5430 0.7313
vn -0.3954 0.5331 0.7480
vn -0.8097 0.5174 0.2768
vn -0.7902 0.5295 0.3085
vn -0.7884 0.5243 0.3218
vn -0.9382 0.2467 -0.2427
vn -0.9420 0.2906 -0.1680
vn -0.9420 0.2981 -0.1542
vn -0.7703 -0.1428 -0.6214
vn -0.8284 -0.0701 -0.5557
vn -0.8295 -0.0567 -0.5556
vn -0.3979 -0.5055 -0.7656
vn -0.4689 -0.4517 -0.7590
vn -0.4631 -0.4480 -0.7648
vn 0.0730 -0.7537 -0.6532
vn 0.0492 -0.7393 -0.6716
vn 0.2180 -0.7944 -0.5669
vn -0.5318 0.8142 -0.2328
vn -0.5497 0.7876 -0.2785
vn -0.2953 0.9227 -0.2477
vn -0.2838 0.9358 -0.2092
vn 0.7422 0.6141 -0.2686
vn 0.7064 0.6788 0.2004
vn 0.1810 0.8069 0.5623
vn -0.2653 0.8575 0.4408
vn -0.5638 0.8066 -0.1776
vn -0.3493 0.7115 -0.6097
vn 0.5426 0.6163 -0.5707
vn 0.5405 0.5968 -0.5930
vn 0.4409 0.5948 -0.6722
vn 0.4870 0.7648 0.4218
vn 0.5463 0.7313 0.4084
vn -0.4848 0.8628 0.1431
vn -0.4901 0.8518 0.1849
vn -0.1088 0.6589 -0.7443
vn 0.7050 0.6944 0.1439
vn -0.2277 0.8695 0.4384
vn -0.3730 0.7454 -0.5525
vn 0.7587 0.6174 -0.2080
vn 0.0895 0.8225 0.5617
vn 0.3480 0.6060 -0.7153
vn 0.7437 0.6617 0.0951
vn -0.2199 0.8544 0.4708
vn -0.4327 0.7350 -0.5220
vn 0.7353 0.6377 -0.2293
vn 0.1440 0.8306 0.5379
vn 0.3183 0.6274 -0.7107
vn 0.4449 0.7565 0.4794
vn -0.5172 0.8460 0.1294
vn -0.1820 0.8915 -0.4147
vn -0.1617 0.8733 -0.4596
vn 0.0083 0.9542 -0.2991
vn 0.0062 0.9655 -0.2603
vn 0.5403 0.8415 -0.0053
vn 0.3390 0.9056 0.2548
vn -0.3058 0.9372 -0.1676
vn 0.3712 0.9040 0.2119
vn 0.4186 0.8860 0.1993
vn 0.1098 0.9471 0.3014
vn -0.2273 0.8919 -0.3910
vn 0.1506 0.9463 0.2860
vn 0.0537 0.8322 -0.5519
vn 0.1829 0.9353 0.3028
vn 0.0172 0.8474 -0.5307
vn -0.1161 0.9686 0.2199
vn 0.4056 0.8091 -0.4251
vn 0.4018 0.8011 -0.4436
vn -0.0196 0.8423 -0.5386
vn -0.0878 0.9712 0.2214
vn 0.5483 0.8149 -0.1876
vn 0.2863 0.8066 -0.5171
vn -0.0777 0.9663 0.2455
vn 0.5297 0.8227 -0.2065
vn 0.2621 0.8161 -0.5150
vn -0.2765 0.9608 0.0176
vn 0.5338 0.8116 -0.2376
vn 0.3403 0.8019 -0.4911
vn -0.2528 0.9670 0.0321
vn 0.5120 0.8554 0.0780
vn -0.2537 0.9652 0.0635
vn 0.5111 0.8589 0.0334
vn 0.2563 0.9235 -0.2853
vn 0.2517 0.9317 -0.2620
vn 0.2390 0.9184 -0.3154
vn 0.1934 0.9344 -0.2993
vn 0.2137 0.9255 -0.3126
vn 0.0599 0.9430 -0.3272
vn 0.0921 0.9468 -0.3083
vn 0.1097 0.9360 -0.3344
vn -0.0349 0.9665 -0.2545
vn -0.0640 0.9867 -0.1493
vn -0.0365 0.9845 -0.1717
vn -0.0583 0.9775 -0.2029
vn -0.0342 0.9984 -0.0458
vn -0.0215 0.9972 -0.0715
vn -0.0511 0.9956 -0.0786
vn 0.0485 0.9982 0.0352
vn 0.0466 0.9989 0.0061
vn 0.0206 0.9997 0.0159
vn 0.1706 0.9835 0.0604
vn 0.1448 0.9889 0.0348
vn 0.1212 0.9909 0.0582
vn 0.2797 0.9600 0.0084
vn 0.2393 0.9709 0.0049
vn 0.2274 0.9728 0.0443
vn 0.3295 0.9399 -0.0896
vn 0.2988 0.9515 -0.0726
vn 0.3124 0.9493 -0.0340
vn 0.3194 0.9275 -0.1944
vn 0.3039 0.9369 -0.1731
vn 0.3313 0.9301 -0.1589
vt 0.314346 0.641897
vt 0.314346 0.775882
vt 0.283801 0.775882
vt 0.283801 0.641897
vt 0.254757 0.775882
vt 0.254757 0.641897
vt 0.225642 0.775882
vt 0.225642 0.641897
vt 0.192948 0.775882
vt 0.192948 0.641897
vt 0.163832 0.775882
vt 0.163832 0.641897
vt 0.133529 0.775882
vt 0.133529 0.641897
vt 0.100256 0.775882
vt 0.100256 0.641897
vt 0.071084 0.775882
vt 0.071084 0.641897
vt 0.038756 0.775882
vt 0.038756 0.641897
vt 0.006984 0.775882
vt 0.006984 0.641897
vt 0.985926 0.641897
vt 0.985926 0.775882
vt 0.956783 0.775882
vt 0.956783 0.641897
vt 0.923958 0.775882
vt 0.923958 0.641897
vt 0.893975 0.775882
vt 0.893975 0.641897
vt 0.864910 0.775882
vt 0.864910 0.641897
vt 0.833502 0.775882
vt 0.833502 0.641897
vt 0.803389 0.775882
vt 0.803389 0.641897
vt 0.774355 0.775882
vt 0.774355 0.641897
vt 0.744407 0.775882
vt 0.744407 0.641897
vt 0.712592 0.775882
vt 0.712592 0.641897
vt 0.683503 0.775882
vt 0.683503 0.641897
vt 0.653026 0.775882
vt 0.653026 0.641897
vt 0.620285 0.775882
vt 0.620285 0.641897
vt 0.591124 0.775882
vt 0.591124 0.641897
vt 0.558774 0.775882
vt 0.558774 0.641897
vt 0.527128 0.775882
vt 0.527128 0.641897
vt 0.497966 0.775882
vt 0.497966 0.641897
vt 0.464787 0.775882
vt 0.464787 0.641897
vt 0.435073 0.775882
vt 0.435073 0.641897
vt 0.405982 0.775882
vt 0.405982 0.641897
vt 0.374122 0.775882
vt 0.374122 0.641897
vt 0.497966 0.834072
vt 0.464787 0.834072
vt 0.344703 0.775882
vt 0.344703 0.641897
vt 0.344703 0.063849
vt 0.344703 0.091669
vt 0.314346 0.091669
vt 0.314346 0.063849
vt 0.344703 0.237160
vt 0.344703 0.262267
vt 0.314346 0.262267
vt 0.314346 0.237160
vt 0.344703 0.413467
vt 0.344703 0.439517
vt 0.314346 0.439517
vt 0.314346 0.413467
vt 0.344703 0.592339
vt 0.344703 0.617032
vt 0.314346 0.617032
vt 0.314346 0.592339
vt 0.374122 0.063849
vt 0.374122 0.091669
vt 0.374122 0.237160
vt 0.374122 0.262267
vt 0.374122 0.413467
vt 0.374122 0.439517
vt 0.374122 0.592339
vt 0.374122 0.617032
vt 0.405982 0.063849
vt 0.405982 0.091669
vt 0.405982 0.237160
vt 0.405982 0.262267
vt 0.405982 0.413467
vt 0.405982 0.439517
vt 0.405982 0.592339
vt 0.405982 0.617032
vt 0.435073 0.063849
vt 0.435073 0.091669
vt 0.435073 0.237160
vt 0.435073 0.262267
vt 0.435073 0.413467
vt 0.435073 0.439517
vt 0.435073 0.592339
vt 0.435073 0.617032
vt 0.464787 0.063849
vt 0.464787 0.091669
vt 0.464787 0.237160
vt 0.464787 0.262267
vt 0.464787 0.413467
vt 0.464787 0.439517
vt 0.464787 0.592339
vt 0.464787 0.617032
vt 0.497966 0.063849
vt 0.497966 0.091669
vt 0.497966 0.237160
vt 0.497966 0.262267
vt 0.497966 0.413467
vt 0.497966 0.439517
vt 0.497966 0.592339
vt 0.497966 0.617032
vt 0.527128 0.063849
vt 0.527128 0.091669
vt 0.527128 0.237160
vt 0.527128 0.262267
vt 0.527128 0.413467
vt 0.527128 0.439517
vt 0.527128 0.592339
vt 0.527128 0.617032
vt 0.558774 0.063849
vt 0.558774 0.091669
vt 0.558774 0.237160
vt 0.558774 0.262267
vt 0.558774 0.413467
vt 0.558774 0.439517
vt 0.558774 0.592339
vt 0.558774 0.617032
vt 0.591124 0.063849
vt 0.591124 0.091669
vt 0.591124 0.237160
vt 0.591124 0.262267
vt 0.591124 0.413467
vt 0.591124 0.439517
vt 0.591124 0.592339
vt 0.591124 0.617032
vt 0.620285 0.063849
vt 0.620285 0.091669
vt 0.620285 0.237160
vt 0.620285 0.262267
vt 0.620285 0.413467
vt 0.620285 0.439517
vt 0.620285 0.592339
vt 0.620285 0.617032
vt 0.653026 0.063849
vt 0.653026 0.091669
vt 0.653026 0.237160
vt 0.653026 0.262267
vt 0.653026 0.413467
vt 0.653026 0.439517
vt 0.653026 0.592339
vt 0.653026 0.617032
vt 0.683503 0.063849
vt 0.683503 0.091669
vt 0.683503 0.237160
vt 0.683503 0.262267
vt 0.683503 0.413467
vt 0.683503 0.439517
vt 0.683503 0.592339
vt 0.683503 0.617032
vt 0.712592 0.063849
vt 0.712592 0.091669
vt 0.712592 0.237160
vt 0.712592 0.262267
vt 0.712592 0.413467
vt 0.712592 0.439517
vt 0.712592 0.592339
vt 0.712592 0.617032
vt 0.744407 0.063849
vt 0.744407 0.091669
vt 0.744407 0.237160
vt 0.744407 0.262267
vt 0.744407 0.413467
vt 0.744407 0.439517
vt 0.744407 0.592339
vt 0.744407 0.617032
vt 0.774355 0.063849
vt 0.774355 0.091669
vt 0.774355 0.237160
vt 0.774355 0.262267
vt 0.774355 0.413467
vt 0.774355 0.439517
vt 0.774355 0.592339
vt 0.774355 0.617032
vt 0.803389 0.063849
vt 0.803389 0.091669
vt 0.803389 0.237160
vt 0.803389 0.262267
vt 0.803389 0.413467
vt 0.803389 0.439517
vt 0.803389 0.592339
vt 0.803389 0.617032
vt 0.833502 0.063849
vt 0.833502 0.091669
vt 0.833502 0.237160
vt 0.833502 0.262267
vt 0.833502 0.413467
vt 0.833502 0.439517
vt 0.833502 0.592339
vt 0.833502 0.617032
vt 0.864910 0.063849
vt 0.864910 0.091669
vt 0.864910 0.237160
vt 0.864910 0.262267
vt 0.864910 0.413467
vt 0.864910 0.439517
vt 0.864910 0.592339
vt 0.864910 0.617032
vt 0.893975 0.063849
vt 0.893975 0.091669
vt 0.893975 0.237160
vt 0.893975 0.262267
vt 0.893975 0.413467
vt 0.893975 0.439517
vt 0.893975 0.592339
vt 0.893975 0.617032
vt 0.923958 0.063849
vt 0.923958 0.091669
vt 0.923958 0.237160
vt 0.923958 0.262267
vt 0.923958 0.413467
vt 0.923958 0.439517
vt 0.923958 0.592339
vt 0.923958 0.617032
vt 0.956783 0.063849
vt 0.956783 0.091669
vt 0.956783 0.237160
vt 0.956783 0.262267
vt 0.956783 0.413467
vt 0.956783 0.439517
vt 0.956783 0.592339
vt 0.956783 0.617032
vt 0.985926 0.063849
vt 0.985926 0.091669
vt 0.985926 0.237160
vt 0.985926 0.262267
vt 0.985926 0.413467
vt 0.985926 0.439517
vt 0.985926 0.592339
vt 0.985926 0.617032
vt 0.038756 0.063849
vt 0.038756 0.091669
vt 0.006984 0.091669
vt 0.006984 0.063849
vt 0.038756 0.237160
vt 0.038756 0.262267
vt 0.006984 0.262267
vt 0.006984 0.237160
vt 0.038756 0.413467
vt 0.038756 0.439517
vt 0.006984 0.439517
vt 0.006984 0.413467
vt 0.038756 0.592339
vt 0.038756 0.617032
vt 0.006984 0.617032
vt 0.006984 0.592339
vt 0.071084 0.063849
vt 0.071084 0.091669
vt 0.071084 0.237160
vt 0.071084 0.262267
vt 0.071084 0.413467
vt 0.071084 0.439517
vt 0.071084 0.592339
vt 0.071084 0.617032
vt 0.100256 0.063849
vt 0.100256 0.091669
vt 0.100256 0.237160
vt 0.100256 0.262267
vt 0.100256 0.413467
vt 0.100256 0.439517
vt 0.100256 0.592339
vt 0.100256 0.617032
vt 0.133529 0.063849
vt 0.133529 0.091669
vt 0.133529 0.237160
vt 0.133529 0.262267
vt 0.133529 0.413467
vt 0.133529 0.439517
vt 0.133529 0.592339
vt 0.133529 0.617032
vt 0.163832 0.063849
vt 0.163832 0.091669
vt 0.163832 0.237160
vt 0.163832 0.262267
vt 0.163832 0.413467
vt 0.163832 0.439517
vt 0.163832 0.592339
vt 0.163832 0.617032
vt 0.192948 0.063849
vt 0.192948 0.091669
vt 0.192948 0.237160
vt 0.192948 0.262267
vt 0.192948 0.413467
vt 0.192948 0.439517
vt 0.192948 0.592339
vt 0.192948 0.617032
vt 0.225642 0.063849
vt 0.225642 0.091669
vt 0.225642 0.237160
vt 0.225642 0.262267
vt 0.225642 0.413467
vt 0.225642 0.439517
vt 0.225642 0.592339
vt 0.225642 0.617032
vt 0.254757 0.063849
vt 0.254757 0.091669
vt 0.254757 0.237160
vt 0.254757 0.262267
vt 0.254757 0.413467
vt 0.254757 0.439517
vt 0.254757 0.592339
vt 0.254757 0.617032
vt 0.283801 0.063849
vt 0.283801 0.091669
vt 0.283801 0.237160
vt 0.283801 0.262267
vt 0.283801 0.413467
vt 0.283801 0.439517
vt 0.283801 0.592339
vt 0.283801 0.617032
vt 0.314346 0.465978
vt 0.283801 0.465978
vt 0.254757 0.465978
vt 0.225642 0.465978
vt 0.192948 0.465978
vt 0.163832 0.465978
vt 0.133529 0.465978
vt 0.100256 0.465978
vt 0.071084 0.465978
vt 0.038756 0.465978
vt 0.006984 0.465978
vt 0.985926 0.465978
vt 0.956783 0.465978
vt 0.923958 0.465978
vt 0.893975 0.465978
vt 0.864910 0.465978
vt 0.833502 0.465978
vt 0.803389 0.465978
vt 0.774355 0.465978
vt 0.744407 0.465978
vt 0.712592 0.465978
vt 0.683503 0.465978
vt 0.653026 0.465978
vt 0.620285 0.465978
vt 0.591124 0.465978
vt 0.558774 0.465978
vt 0.527128 0.465978
vt 0.497966 0.465978
vt 0.464787 0.465978
vt 0.435073 0.465978
vt 0.405982 0.465978
vt 0.374122 0.465978
vt 0.344703 0.465978
vt 0.314346 0.287791
vt 0.283801 0.287791
vt 0.254757 0.287791
vt 0.225642 0.287791
vt 0.192948 0.287791
vt 0.163832 0.287791
vt 0.133529 0.287791
vt 0.100256 0.287791
vt 0.071084 0.287791
vt 0.038756 0.287791
vt 0.006984 0.287791
vt 0.985926 0.287791
vt 0.956783 0.287791
vt 0.923958 0.287791
vt 0.893975 0.287791
vt 0.864910 0.287791
vt 0.833502 0.287791
vt 0.803389 0.287791
vt 0.774355 0.287791
vt 0.744407 0.287791
vt 0.712592 0.287791
vt 0.683503 0.287791
vt 0.653026 0.287791
vt 0.620285 0.287791
vt 0.591124 0.287791
vt 0.558774 0.287791
vt 0.527128 0.287791
vt 0.497966 0.287791
vt 0.464787 0.287791
vt 0.435073 0.287791
vt 0.405982 0.287791
vt 0.374122 0.287791
vt 0.344703 0.287791
vt 0.314346 0.119221
vt 0.283801 0.119221
vt 0.254757 0.119221
vt 0.225642 0.119221
vt 0.192948 0.119221
vt 0.163832 0.119221
vt 0.133529 0.119221
vt 0.100256 0.119221
vt 0.071084 0.119221
vt 0.038756 0.119221
vt 0.006984 0.119221
vt 0.985926 0.119221
vt 0.956783 0.119221
vt 0.923958 0.119221
vt 0.893975 0.119221
vt 0.864910 0.119221
vt 0.833502 0.119221
vt 0.803389 0.119221
vt 0.774355 0.119221
vt 0.744407 0.119221
vt 0.712592 0.119221
vt 0.683503 0.119221
vt 0.653026 0.119221
vt 0.620285 0.119221
vt 0.591124 0.119221
vt 0.558774 0.119221
vt 0.527128 0.119221
vt 0.497966 0.119221
vt 0.464787 0.119221
vt 0.435073 0.119221
vt 0.405982 0.119221
vt 0.374122 0.119221
vt 0.344703 0.119221
vt 0.314346 -0.002532
vt 0.283801 -0.002532
vt 0.254757 -0.002532
vt 0.225642 -0.002532
vt 0.192948 -0.002532
vt 0.163832 -0.002532
vt 0.133529 -0.002532
vt 0.100256 -0.002532
vt 0.071084 -0.002532
vt 0.038756 -0.002532
vt 0.006984 -0.002532
vt 0.985926 -0.002532
vt 0.956783 -0.002532
vt 0.923958 -0.002532
vt 0.893975 -0.002532
vt 0.864910 -0.002532
vt 0.833502 -0.002532
vt 0.803389 -0.002532
vt 0.774355 -0.002532
vt 0.744407 -0.002532
vt 0.712592 -0.002532
vt 0.683503 -0.002532
vt 0.653026 -0.002532
vt 0.620285 -0.002532
vt 0.591124 -0.002532
vt 0.558774 -0.002532
vt 0.527128 -0.002532
vt 0.497966 -0.002532
vt 0.464787 -0.002532
vt 0.435073 -0.002532
vt 0.405982 -0.002532
vt 0.374122 -0.002532
vt 0.344703 -0.002532
vt 0.653026 0.834072
vt 0.683503 0.834072
vt 0.683503 0.921726
vt 0.653026 0.921726
vt 0.192948 0.834072
vt 0.163832 0.834072
vt 0.893975 0.834072
vt 0.864910 0.834072
vt 0.620285 0.834072
vt 0.591124 0.834072
vt 0.314346 0.834072
vt 0.283801 0.834072
vt 0.344703 0.834072
vt 0.038756 0.834072
vt 0.006984 0.834072
vt 0.744407 0.834072
vt 0.712592 0.834072
vt 0.435073 0.834072
vt 0.133529 0.834072
vt 0.833502 0.834072
vt 0.558774 0.834072
vt 0.254757 0.834072
vt 0.985926 0.834072
vt 0.956783 0.834072
vt 0.405982 0.834072
vt 0.100256 0.834072
vt 0.803389 0.834072
vt 0.527128 0.834072
vt 0.225642 0.834072
vt 0.923958 0.834072
vt 0.374122 0.834072
vt 0.071084 0.834072
vt 0.774355 0.834072
vt 0.558774 0.921726
vt 0.591124 0.921726
vt 0.591124 0.992929
vt 0.558774 0.992929
vt 0.100256 0.921726
vt 0.071084 0.921726
vt 0.620285 0.921726
vt 0.038756 0.921726
vt 0.006984 0.921726
vt 0.985926 0.921726
vt 0.956783 0.921726
vt 0.527128 0.921726
vt 0.923958 0.921726
vt 0.497966 0.921726
vt 0.893975 0.921726
vt 0.464787 0.921726
vt 0.864910 0.921726
vt 0.314346 0.921726
vt 0.283801 0.921726
vt 0.435073 0.921726
vt 0.833502 0.921726
vt 0.254757 0.921726
vt 0.405982 0.921726
vt 0.803389 0.921726
vt 0.225642 0.921726
vt 0.374122 0.921726
vt 0.774355 0.921726
vt 0.192948 0.921726
vt 0.344703 0.921726
vt 0.744407 0.921726
vt 0.163832 0.921726
vt 0.712592 0.921726
vt 0.133529 0.921726
vt 0.846066 0.847864
vt 0.845466 0.846787
vt 0.844593 0.846529
vt 0.844318 0.845216
vt 0.843548 0.844433
vt 0.843219 0.843207
vt 0.843456 0.841877
vt 0.842974 0.840554
vt 0.843057 0.839223
vt 0.843716 0.838224
vt 0.843641 0.836716
vt 0.844122 0.835625
vt 0.845033 0.835223
vt 0.845415 0.833920
vt 0.846189 0.833379
vt 0.847124 0.833758
vt 0.847911 0.833053
vt 0.848793 0.833312
vt 0.849470 0.834514
vt 0.850470 0.834708
vt 0.851193 0.835833
vt 0.851314 0.837628
vt 0.852179 0.838868
vt 0.852342 0.840667
vt 0.851688 0.842174
vt 0.851782 0.844141
vt 0.851163 0.845506
vt 0.850087 0.845912
vt 0.849596 0.847440
vt 0.848705 0.847967
vt 0.847732 0.847490
vt 0.846913 0.848173
vt 0.985926 0.992929
vt 0.956783 0.992929
vt 0.527128 0.992929
vt 0.923958 0.992929
vt 0.497966 0.992929
vt 0.893975 0.992929
vt 0.464787 0.992929
vt 0.864910 0.992929
vt 0.314346 0.992929
vt 0.283801 0.992929
vt 0.435073 0.992929
vt 0.833502 0.992929
vt 0.254757 0.992929
vt 0.405982 0.992929
vt 0.803389 0.992929
vt 0.225642 0.992929
vt 0.374122 0.992929
vt 0.774355 0.992929
vt 0.192948 0.992929
vt 0.344703 0.992929
vt 0.744407 0.992929
vt 0.163832 0.992929
vt 0.712592 0.992929
vt 0.133529 0.992929
vt 0.683503 0.992929
vt 0.100256 0.992929
vt 0.653026 0.992929
vt 0.071084 0.992929
vt 0.620285 0.992929
vt 0.038756 0.992929
vt 0.006984 0.992929
s 1
usemtl Material.001
f 193/1/1 2/2/2 4/3/3 194/4/4
f 194/4/4 4/3/3 6/5/5 195/6/6
f 195/6/6 6/5/5 8/7/7 196/8/8
f 196/8/8 8/7/7 10/9/9 197/10/10
f 197/10/10 10/9/9 12/11/11 198/12/12
f 198/12/12 12/11/11 14/13/13 199/14/14
f 199/14/14 14/13/13 16/15/15 200/16/16
f 200/16/16 16/15/15 18/17/17 201/18/18
f 201/18/18 18/17/17 20/19/19 202/20/20
f 202/20/20 20/19/19 22/21/21 203/22/22
f 203/23/22 22/24/21 24/25/23 204/26/24
f 204/26/24 24/25/23 26/27/25 205/28/26
f 205/28/26 26/27/25 28/29/27 206/30/28
f 206/30/28 28/29/27 30/31/29 207/32/30
f 207/32/30 30/31/29 32/33/31 208/34/32
f 208/34/32 32/33/31 34/35/33 209/36/34
f 209/36/34 34/35/33 36/37/35 210/38/36
f 210/38/36 36/37/35 38/39/37 211/40/38
f 211/40/38 38/39/37 40/41/39 212/42/40
f 212/42/40 40/41/39 42/43/41 213/44/42
f 213/44/42 42/43/41 44/45/43 214/46/44
f 214/46/44 44/45/43 46/47/45 215/48/46
f 215/48/46 46/47/45 48/49/47 216/50/48
f 216/50/48 48/49/47 50/51/49 217/52/50
f 217/52/50 50/51/49 52/53/51 218/54/52
f 218/54/52 52/53/51 54/55/53 219/56/54
f 219/56/54 54/55/53 56/57/55 220/58/56
f 220/58/56 56/57/55 58/59/57 221/60/58
f 221/60/58 58/59/57 60/61/59 222/62/60
f 222/62/60 60/61/59 62/63/61 223/64/62
f 56/57/55 54/55/53 475/65/63 476/66/64
f 223/64/62 62/63/61 64/67/65 224/68/66
f 224/68/66 64/67/65 2/2/2 193/1/1
f 447/69/67 192/70/68 65/71/69 448/72/70
f 384/73/71 191/74/72 66/75/73 353/76/74
f 320/77/75 190/78/76 67/79/77 289/80/78
f 256/81/79 189/82/80 68/83/81 225/84/82
f 446/85/83 188/86/84 192/70/68 447/69/67
f 383/87/85 187/88/86 191/74/72 384/73/71
f 319/89/87 186/90/88 190/78/76 320/77/75
f 255/91/89 185/92/90 189/82/80 256/81/79
f 445/93/91 184/94/92 188/86/84 446/85/83
f 382/95/93 183/96/94 187/88/86 383/87/85
f 318/97/95 182/98/96 186/90/88 319/89/87
f 254/99/97 181/100/98 185/92/90 255/91/89
f 444/101/99 180/102/100 184/94/92 445/93/91
f 381/103/101 179/104/102 183/96/94 382/95/93
f 317/105/103 178/106/104 182/98/96 318/97/95
f 253/107/105 177/108/106 181/100/98 254/99/97
f 443/109/107 176/110/108 180/102/100 444/101/99
f 380/111/109 175/112/110 179/104/102 381/103/101
f 316/113/111 174/114/112 178/106/104 317/105/103
f 252/115/113 173/116/114 177/108/106 253/107/105
f 442/117/115 172/118/116 176/110/108 443/109/107
f 379/119/117 171/120/118 175/112/110 380/111/109
f 315/121/119 170/122/120 174/114/112 316/113/111
f 251/123/121 169/124/122 173/116/114 252/115/113
f 441/125/123 168/126/124 172/118/116 442/117/115
f 378/127/125 167/128/126 171/120/118 379/119/117
f 314/129/127 166/130/128 170/122/120 315/121/119
f 250/131/129 165/132/130 169/124/122 251/123/121
f 440/133/131 164/134/132 168/126/124 441/125/123
f 377/135/133 163/136/134 167/128/126 378/127/125
f 313/137/135 162/138/136 166/130/128 314/129/127
f 249/139/137 161/140/138 165/132/130 250/131/129
f 439/141/139 160/142/140 164/134/132 440/133/131
f 376/143/141 159/144/142 163/136/134 377/135/133
f 312/145/143 158/146/144 162/138/136 313/137/135
f 248/147/145 157/148/146 161/140/138 249/139/137
f 438/149/147 156/150/148 160/142/140 439/141/139
f 375/151/149 155/152/150 159/144/142 376/143/141
f 311/153/151 154/154/152 158/146/144 312/145/143
f 247/155/153 153/156/154 157/148/146 248/147/145
f 437/157/155 152/158/156 156/150/148 438/149/147
f 374/159/157 151/160/158 155/152/150 375/151/149
f 310/161/159 150/162/160 154/154/152 311/153/151
f 246/163/161 149/164/162 153/156/154 247/155/153
f 436/165/163 148/166/164 152/158/156 437/157/155
f 373/167/165 147/168/166 151/160/158 374/159/157
f 309/169/167 146/170/168 150/162/160 310/161/159
f 245/171/169 145/172/170 149/164/162 246/163/161
f 435/173/171 144/174/172 148/166/164 436/165/163
f 372/175/173 143/176/174 147/168/166 373/167/165
f 308/177/175 142/178/176 146/170/168 309/169/167
f 244/179/177 141/180/178 145/172/170 245/171/169
f 434/181/179 140/182/180 144/174/172 435/173/171
f 371/183/181 139/184/182 143/176/174 372/175/173
f 307/185/183 138/186/184 142/178/176 308/177/175
f 243/187/185 137/188/186 141/180/178 244/179/177
f 433/189/187 136/190/188 140/182/180 434/181/179
f 370/191/189 135/192/190 139/184/182 371/183/181
f 306/193/191 134/194/192 138/186/184 307/185/183
f 242/195/193 133/196/194 137/188/186 243/187/185
f 432/197/195 132/198/196 136/190/188 433/189/187
f 369/199/197 131/200/198 135/192/190 370/191/189
f 305/201/199 130/202/200 134/194/192 306/193/191
f 241/203/201 129/204/202 133/196/194 242/195/193
f 431/205/203 128/206/204 132/198/196 432/197/195
f 368/207/205 127/208/206 131/200/198 369/199/197
f 304/209/207 126/210/208 130/202/200 305/201/199
f 240/211/209 125/212/210 129/204/202 241/203/201
f 430/213/211 124/214/212 128/206/204 431/205/203
f 367/215/213 123/216/214 127/208/206 368/207/205
f 303/217/215 122/218/216 126/210/208 304/209/207
f 239/219/217 121/220/218 125/212/210 240/211/209
f 429/221/219 120/222/220 124/214/212 430/213/211
f 366/223/221 119/224/222 123/216/214 367/215/213
f 302/225/223 118/226/224 122/218/216 303/217/215
f 238/227/225 117/228/226 121/220/218 239/219/217
f 428/229/227 116/230/228 120/222/220 429/221/219
f 365/231/229 115/232/230 119/224/222 366/223/221
f 301/233/231 114/234/232 118/226/224 302/225/223
f 237/235/233 113/236/234 117/228/226 238/227/225
f 427/237/235 112/238/236 116/230/228 428/229/227
f 364/239/237 111/240/238 115/232/230 365/231/229
f 300/241/239 110/242/240 114/234/232 301/233/231
f 236/243/241 109/244/242 113/236/234 237/235/233
f 426/245/243 108/246/244 112/238/236 427/237/235
f 363/247/245 107/248/246 111/240/238 364/239/237
f 299/249/247 106/250/248 110/242/240 300/241/239
f 235/251/249 105/252/250 109/244/242 236/243/241
f 425/253/251 104/254/252 108/255/244 426/256/243
f 362/257/253 103/258/254 107/259/246 363/260/245
f 298/261/255 102/262/256 106/263/248 299/264/247
f 234/265/257 101/266/258 105/267/250 235/268/249
f 424/269/259 100/270/260 104/254/252 425/253/251
f 361/271/261 99/272/262 103/258/254 362/257/253
f 297/273/263 98/274/264 102/262/256 298/261/255
f 233/275/265 97/276/266 101/266/258 234/265/257
f 423/277/267 96/278/268 100/270/260 424/269/259
f 360/279/269 95/280/270 99/272/262 361/271/261
f 296/281/271 94/282/272 98/274/264 297/273/263
f 232/283/273 93/284/274 97/276/266 233/275/265
f 422/285/275 92/286/276 96/278/268 423/277/267
f 359/287/277 91/288/278 95/280/270 360/279/269
f 295/289/279 90/290/280 94/282/272 296/281/271
f 231/291/281 89/292/282 93/284/274 232/283/273
f 421/293/283 88/294/284 92/286/276 422/285/275
f 358/295/285 87/296/286 91/288/278 359/287/277
f 294/297/287 86/298/288 90/290/280 295/289/279
f 230/299/289 85/300/290 89/292/282 231/291/281
f 420/301/291 84/302/292 88/294/284 421/293/283
f 357/303/293 83/304/294 87/296/286 358/295/285
f 293/305/295 82/306/296 86/298/288 294/297/287
f 229/307/297 81/308/298 85/300/290 230/299/289
f 419/309/299 80/310/300 84/302/292 420/301/291
f 356/311/301 79/312/302 83/304/294 357/303/293
f 292/313/303 78/314/304 82/306/296 293/305/295
f 228/315/305 77/316/306 81/308/298 229/307/297
f 418/317/307 76/318/308 80/310/300 419/309/299
f 355/319/309 75/320/310 79/312/302 356/311/301
f 291/321/311 74/322/312 78/314/304 292/313/303
f 227/323/313 73/324/314 77/316/306 228/315/305
f 417/325/315 72/326/316 76/318/308 418/317/307
f 354/327/317 71/328/318 75/320/310 355/319/309
f 290/329/319 70/330/320 74/322/312 291/321/311
f 226/331/321 69/332/322 73/324/314 227/323/313
f 448/72/70 65/71/69 72/326/316 417/325/315
f 353/76/74 66/75/73 71/328/318 354/327/317
f 289/80/78 67/79/77 70/330/320 290/329/319
f 225/84/82 68/83/81 69/332/322 226/331/321
f 189/82/80 224/68/66 193/1/1 68/83/81
f 185/92/90 223/64/62 224/68/66 189/82/80
f 181/100/98 222/62/60 223/64/62 185/92/90
f 177/108/106 221/60/58 222/62/60 181/100/98
f 173/116/114 220/58/56 221/60/58 177/108/106
f 169/124/122 219/56/54 220/58/56 173/116/114
f 165/132/130 218/54/52 219/56/54 169/124/122
f 161/140/138 217/52/50 218/54/52 165/132/130
f 157/148/146 216/50/48 217/52/50 161/140/138
f 153/156/154 215/48/46 216/50/48 157/148/146
f 149/164/162 214/46/44 215/48/46 153/156/154
f 145/172/170 213/44/42 214/46/44 149/164/162
f 141/180/178 212/42/40 213/44/42 145/172/170
f 137/188/186 211/40/38 212/42/40 141/180/178
f 133/196/194 210/38/36 211/40/38 137/188/186
f 129/204/202 209/36/34 210/38/36 133/196/194
f 125/212/210 208/34/32 209/36/34 129/204/202
f 121/220/218 207/32/30 208/34/32 125/212/210
f 117/228/226 206/30/28 207/32/30 121/220/218
f 113/236/234 205/28/26 206/30/28 117/228/226
f 109/244/242 204/26/24 205/28/26 113/236/234
f 105/252/250 203/23/22 204/26/24 109/244/242
f 101/266/258 202/20/20 203/22/22 105/267/250
f 97/276/266 201/18/18 202/20/20 101/266/258
f 93/284/274 200/16/16 201/18/18 97/276/266
f 89/292/282 199/14/14 200/16/16 93/284/274
f 85/300/290 198/12/12 199/14/14 89/292/282
f 81/308/298 197/10/10 198/12/12 85/300/290
f 77/316/306 196/8/8 197/10/10 81/308/298
f 73/324/314 195/6/6 196/8/8 77/316/306
f 69/332/322 194/4/4 195/6/6 73/324/314
f 68/83/81 193/1/1 194/4/4 69/332/322
f 288/333/323 225/84/82 226/331/321 257/334/324
f 257/334/324 226/331/321 227/323/313 258/335/325
f 258/335/325 227/323/313 228/315/305 259/336/326
f 259/336/326 228/315/305 229/307/297 260/337/327
f 260/337/327 229/307/297 230/299/289 261/338/328
f 261/338/328 230/299/289 231/291/281 262/339/329
f 262/339/329 231/291/281 232/283/273 263/340/330
f 263/340/330 232/283/273 233/275/265 264/341/331
f 264/341/331 233/275/265 234/265/257 265/342/332
f 265/342/332 234/265/257 235/268/249 266/343/333
f 266/344/333 235/251/249 236/243/241 267/345/334
f 267/345/334 236/243/241 237/235/233 268/346/335
f 268/346/335 237/235/233 238/227/225 269/347/336
f 269/347/336 238/227/225 239/219/217 270/348/337
f 270/348/337 239/219/217 240/211/209 271/349/338
f 271/349/338 240/211/209 241/203/201 272/350/339
f 272/350/339 241/203/201 242/195/193 273/351/340
f 273/351/340 242/195/193 243/187/185 274/352/341
f 274/352/341 243/187/185 244/179/177 275/353/342
f 275/353/342 244/179/177 245/171/169 276/354/343
f 276/354/343 245/171/169 246/163/161 277/355/344
f 277/355/344 246/163/161 247/155/153 278/356/345
f 278/356/345 247/155/153 248/147/145 279/357/346
f 279/357/346 248/147/145 249/139/137 280/358/347
f 280/358/347 249/139/137 250/131/129 281/359/348
f 281/359/348 250/131/129 251/123/121 282/360/349
f 282/360/349 251/123/121 252/115/113 283/361/350
f 283/361/350 252/115/113 253/107/105 284/362/351
f 284/362/351 253/107/105 254/99/97 285/363/352
f 285/363/352 254/99/97 255/91/89 286/364/353
f 286/364/353 255/91/89 256/81/79 287/365/354
f 287/365/354 256/81/79 225/84/82 288/333/323
f 190/78/76 287/365/354 288/333/323 67/79/77
f 186/90/88 286/364/353 287/365/354 190/78/76
f 182/98/96 285/363/352 286/364/353 186/90/88
f 178/106/104 284/362/351 285/363/352 182/98/96
f 174/114/112 283/361/350 284/362/351 178/106/104
f 170/122/120 282/360/349 283/361/350 174/114/112
f 166/130/128 281/359/348 282/360/349 170/122/120
f 162/138/136 280/358/347 281/359/348 166/130/128
f 158/146/144 279/357/346 280/358/347 162/138/136
f 154/154/152 278/356/345 279/357/346 158/146/144
f 150/162/160 277/355/344 278/356/345 154/154/152
f 146/170/168 276/354/343 277/355/344 150/162/160
f 142/178/176 275/353/342 276/354/343 146/170/168
f 138/186/184 274/352/341 275/353/342 142/178/176
f 134/194/192 273/351/340 274/352/341 138/186/184
f 130/202/200 272/350/339 273/351/340 134/194/192
f 126/210/208 271/349/338 272/350/339 130/202/200
f 122/218/216 270/348/337 271/349/338 126/210/208
f 118/226/224 269/347/336 270/348/337 122/218/216
f 114/234/232 268/346/335 269/347/336 118/226/224
f 110/242/240 267/345/334 268/346/335 114/234/232
f 106/250/248 266/344/333 267/345/334 110/242/240
f 102/262/256 265/342/332 266/343/333 106/263/248
f 98/274/264 264/341/331 265/342/332 102/262/256
f 94/282/272 263/340/330 264/341/331 98/274/264
f 90/290/280 262/339/329 263/340/330 94/282/272
f 86/298/288 261/338/328 262/339/329 90/290/280
f 82/306/296 260/337/327 261/338/328 86/298/288
f 78/314/304 259/336/326 260/337/327 82/306/296
f 74/322/312 258/335/325 259/336/326 78/314/304
f 70/330/320 257/334/324 258/335/325 74/322/312
f 67/79/77 288/333/323 257/334/324 70/330/320
f 352/366/355 289/80/78 290/329/319 321/367/356
f 321/367/356 290/329/319 291/321/311 322/368/357
f 322/368/357 291/321/311 292/313/303 323/369/358
f 323/369/358 292/313/303 293/305/295 324/370/359
f 324/370/359 293/305/295 294/297/287 325/371/360
f 325/371/360 294/297/287 295/289/279 326/372/361
f 326/372/361 295/289/279 296/281/271 327/373/362
f 327/373/362 296/281/271 297/273/263 328/374/363
f 328/374/363 297/273/263 298/261/255 329/375/364
f 329/375/364 298/261/255 299/264/247 330/376/365
f 330/377/365 299/249/247 300/241/239 331/378/366
f 331/378/366 300/241/239 301/233/231 332/379/367
f 332/379/367 301/233/231 302/225/223 333/380/368
f 333/380/368 302/225/223 303/217/215 334/381/369
f 334/381/369 303/217/215 304/209/207 335/382/370
f 335/382/370 304/209/207 305/201/199 336/383/371
f 336/383/371 305/201/199 306/193/191 337/384/372
f 337/384/372 306/193/191 307/185/183 338/385/373
f 338/385/373 307/185/183 308/177/175 339/386/374
f 339/386/374 308/177/175 309/169/167 340/387/375
f 340/387/375 309/169/167 310/161/159 341/388/376
f 341/388/376 310/161/159 311/153/151 342/389/377
f 342/389/377 311/153/151 312/145/143 343/390/378
f 343/390/378 312/145/143 313/137/135 344/391/379
f 344/391/379 313/137/135 314/129/127 345/392/380
f 345/392/380 314/129/127 315/121/119 346/393/381
f 346/393/381 315/121/119 316/113/111 347/394/382
f 347/394/382 316/113/111 317/105/103 348/395/383
f 348/395/383 317/105/103 318/97/95 349/396/384
f 349/396/384 318/97/95 319/89/87 350/397/385
f 350/397/385 319/89/87 320/77/75 351/398/386
f 351/398/386 320/77/75 289/80/78 352/366/355
f 191/74/72 351/398/386 352/366/355 66/75/73
f 187/88/86 350/397/385 351/398/386 191/74/72
f 183/96/94 349/396/384 350/397/385 187/88/86
f 179/104/102 348/395/383 349/396/384 183/96/94
f 175/112/110 347/394/382 348/395/383 179/104/102
f 171/120/118 346/393/381 347/394/382 175/112/110
f 167/128/126 345/392/380 346/393/381 171/120/118
f 163/136/134 344/391/379 345/392/380 167/128/126
f 159/144/142 343/390/378 344/391/379 163/136/134
f 155/152/150 342/389/377 343/390/378 159/144/142
f 151/160/158 341/388/376 342/389/377 155/152/150
f 147/168/166 340/387/375 341/388/376 151/160/158
f 143/176/174 339/386/374 340/387/375 147/168/166
f 139/184/182 338/385/373 339/386/374 143/176/174
f 135/192/190 337/384/372 338/385/373 139/184/182
f 131/200/198 336/383/371 337/384/372 135/192/190
f 127/208/206 335/382/370 336/383/371 131/200/198
f 123/216/214 334/381/369 335/382/370 127/208/206
f 119/224/222 333/380/368 334/381/369 123/216/214
f 115/232/230 332/379/367 333/380/368 119/224/222
f 111/240/238 331/378/366 332/379/367 115/232/230
f 107/248/246 330/377/365 331/378/366 111/240/238
f 103/258/254 329/375/364 330/376/365 107/259/246
f 99/272/262 328/374/363 329/375/364 103/258/254
f 95/280/270 327/373/362 328/374/363 99/272/262
f 91/288/278 326/372/361 327/373/362 95/280/270
f 87/296/286 325/371/360 326/372/361 91/288/278
f 83/304/294 324/370/359 325/371/360 87/296/286
f 79/312/302 323/369/358 324/370/359 83/304/294
f 75/320/310 322/368/357 323/369/358 79/312/302
f 71/328/318 321/367/356 322/368/357 75/320/310
f 66/75/73 352/366/355 321/367/356 71/328/318
f 416/399/387 353/76/74 354/327/317 385/400/388
f 385/400/388 354/327/317 355/319/309 386/401/389
f 386/401/389 355/319/309 356/311/301 387/402/390
f 387/402/390 356/311/301 357/303/293 388/403/391
f 388/403/391 357/303/293 358/295/285 389/404/392
f 389/404/392 358/295/285 359/287/277 390/405/393
f 390/405/393 359/287/277 360/279/269 391/406/394
f 391/406/394 360/279/269 361/271/261 392/407/395
f 392/407/395 361/271/261 362/257/253 393/408/396
f 393/408/396 362/257/253 363/260/245 394/409/397
f 394/410/397 363/247/245 364/239/237 395/411/398
f 395/411/398 364/239/237 365/231/229 396/412/399
f 396/412/399 365/231/229 366/223/221 397/413/400
f 397/413/400 366/223/221 367/215/213 398/414/401
f 398/414/401 367/215/213 368/207/205 399/415/402
f 399/415/402 368/207/205 369/199/197 400/416/403
f 400/416/403 369/199/197 370/191/189 401/417/404
f 401/417/404 370/191/189 371/183/181 402/418/405
f 402/418/405 371/183/181 372/175/173 403/419/406
f 403/419/406 372/175/173 373/167/165 404/420/407
f 404/420/407 373/167/165 374/159/157 405/421/408
f 405/421/408 374/159/157 375/151/149 406/422/409
f 406/422/409 375/151/149 376/143/141 407/423/410
f 407/423/410 376/143/141 377/135/133 408/424/411
f 408/424/411 377/135/133 378/127/125 409/425/412
f 409/425/412 378/127/125 379/119/117 410/426/413
f 410/426/413 379/119/117 380/111/109 411/427/414
f 411/427/414 380/111/109 381/103/101 412/428/415
f 412/428/415 381/103/101 382/95/93 413/429/416
f 413/429/416 382/95/93 383/87/85 414/430/417
f 414/430/417 383/87/85 384/73/71 415/431/418
f 415/431/418 384/73/71 353/76/74 416/399/387
f 192/70/68 415/431/418 416/399/387 65/71/69
f 188/86/84 414/430/417 415/431/418 192/70/68
f 184/94/92 413/429/416 414/430/417 188/86/84
f 180/102/100 412/428/415 413/429/416 184/94/92
f 176/110/108 411/427/414 412/428/415 180/102/100
f 172/118/116 410/426/413 411/427/414 176/110/108
f 168/126/124 409/425/412 410/426/413 172/118/116
f 164/134/132 408/424/411 409/425/412 168/126/124
f 160/142/140 407/423/410 408/424/411 164/134/132
f 156/150/148 406/422/409 407/423/410 160/142/140
f 152/158/156 405/421/408 406/422/409 156/150/148
f 148/166/164 404/420/407 405/421/408 152/158/156
f 144/174/172 403/419/406 404/420/407 148/166/164
f 140/182/180 402/418/405 403/419/406 144/174/172
f 136/190/188 401/417/404 402/418/405 140/182/180
f 132/198/196 400/416/403 401/417/404 136/190/188
f 128/206/204 399/415/402 400/416/403 132/198/196
f 124/214/212 398/414/401 399/415/402 128/206/204
f 120/222/220 397/413/400 398/414/401 124/214/212
f 116/230/228 396/412/399 397/413/400 120/222/220
f 112/238/236 395/411/398 396/412/399 116/230/228
f 108/246/244 394/410/397 395/411/398 112/238/236
f 104/254/252 393/408/396 394/409/397 108/255/244
f 100/270/260 392/407/395 393/408/396 104/254/252
f 96/278/268 391/406/394 392/407/395 100/270/260
f 92/286/276 390/405/393 391/406/394 96/278/268
f 88/294/284 389/404/392 390/405/393 92/286/276
f 84/302/292 388/403/391 389/404/392 88/294/284
f 80/310/300 387/402/390 388/403/391 84/302/292
f 76/318/308 386/401/389 387/402/390 80/310/300
f 72/326/316 385/400/388 386/401/389 76/318/308
f 65/71/69 416/399/387 385/400/388 72/326/316
f 1/432/419 448/72/70 417/325/315 3/433/420
f 3/433/420 417/325/315 418/317/307 5/434/421
f 5/434/421 418/317/307 419/309/299 7/435/422
f 7/435/422 419/309/299 420/301/291 9/436/423
f 9/436/423 420/301/291 421/293/283 11/437/424
f 11/437/424 421/293/283 422/285/275 13/438/425
f 13/438/425 422/285/275 423/277/267 15/439/426
f 15/439/426 423/277/267 424/269/259 17/440/427
f 17/440/427 424/269/259 425/253/251 19/441/428
f 19/441/428 425/253/251 426/256/243 21/442/429
f 21/443/429 426/245/243 427/237/235 23/444/430
f 23/444/430 427/237/235 428/229/227 25/445/431
f 25/445/431 428/229/227 429/221/219 27/446/432
f 27/446/432 429/221/219 430/213/211 29/447/433
f 29/447/433 430/213/211 431/205/203 31/448/434
f 31/448/434 431/205/203 432/197/195 33/449/435
f 33/449/435 432/197/195 433/189/187 35/450/436
f 35/450/436 433/189/187 434/181/179 37/451/437
f 37/451/437 434/181/179 435/173/171 39/452/438
f 39/452/438 435/173/171 436/165/163 41/453/439
f 41/453/439 436/165/163 437/157/155 43/454/440
f 43/454/440 437/157/155 438/149/147 45/455/441
f 45/455/441 438/149/147 439/141/139 47/456/442
f 47/456/442 439/141/139 440/133/131 49/457/443
f 49/457/443 440/133/131 441/125/123 51/458/444
f 51/458/444 441/125/123 442/117/115 53/459/445
f 53/459/445 442/117/115 443/109/107 55/460/446
f 55/460/446 443/109/107 444/101/99 57/461/447
f 57/461/447 444/101/99 445/93/91 59/462/448
f 59/462/448 445/93/91 446/85/83 61/463/449
f 61/463/449 446/85/83 447/69/67 63/464/450
f 63/464/450 447/69/67 448/72/70 1/432/419
f 470/465/451 469/466/452 501/467/453 502/468/454
f 12/11/11 10/9/9 453/469/455 454/470/456
f 30/31/29 28/29/27 462/471/457 463/472/458
f 48/49/47 46/47/45 471/473/459 472/474/460
f 4/3/3 2/2/2 449/475/461 450/476/462
f 2/2/2 64/67/65 480/477/463 449/475/461
f 22/21/21 20/19/19 458/478/464 459/479/465
f 40/41/39 38/39/37 467/480/466 468/481/467
f 58/59/57 56/57/55 476/66/64 477/482/468
f 14/13/13 12/11/11 454/470/456 455/483/469
f 32/33/31 30/31/29 463/472/458 464/484/470
f 50/51/49 48/49/47 472/474/460 473/485/471
f 6/5/5 4/3/3 450/476/462 451/486/472
f 24/25/23 22/24/21 459/487/465 460/488/473
f 42/43/41 40/41/39 468/481/467 469/466/452
f 60/61/59 58/59/57 477/482/468 478/489/474
f 16/15/15 14/13/13 455/483/469 456/490/475
f 34/35/33 32/33/31 464/484/470 465/491/476
f 52/53/51 50/51/49 473/485/471 474/492/477
f 8/7/7 6/5/5 451/486/472 452/493/478
f 26/27/25 24/25/23 460/488/473 461/494/479
f 44/45/43 42/43/41 469/466/452 470/465/451
f 62/63/61 60/61/59 478/489/474 479/495/480
f 18/17/17 16/15/15 456/490/475 457/496/481
f 36/37/35 34/35/33 465/491/476 466/497/482
f 54/55/53 52/53/51 474/492/477 475/65/63
f 10/9/9 8/7/7 452/493/478 453/469/455
f 28/29/27 26/27/25 461/494/479 462/471/457
f 46/47/45 44/45/43 470/465/451 471/473/459
f 64/67/65 62/63/61 479/495/480 480/477/463
f 20/19/19 18/17/17 457/496/481 458/478/464
f 38/39/37 36/37/35 466/497/482 467/480/466
f 505/498/483 504/499/484 536/500/485 537/501/486
f 457/496/481 456/490/475 488/502/487 489/503/488
f 471/473/459 470/465/451 502/468/454 503/504/489
f 458/478/464 457/496/481 489/503/488 490/505/490
f 472/474/460 471/473/459 503/504/489 504/499/484
f 459/479/465 458/478/464 490/505/490 491/506/491
f 473/485/471 472/474/460 504/499/484 505/498/483
f 460/488/473 459/487/465 491/507/491 492/508/492
f 474/492/477 473/485/471 505/498/483 506/509/493
f 461/494/479 460/488/473 492/508/492 493/510/494
f 475/65/63 474/492/477 506/509/493 507/511/495
f 462/471/457 461/494/479 493/510/494 494/512/496
f 476/66/64 475/65/63 507/511/495 508/513/497
f 463/472/458 462/471/457 494/512/496 495/514/498
f 450/476/462 449/475/461 481/515/499 482/516/500
f 477/482/468 476/66/64 508/513/497 509/517/501
f 464/484/470 463/472/458 495/514/498 496/518/502
f 451/486/472 450/476/462 482/516/500 483/519/503
f 478/489/474 477/482/468 509/517/501 510/520/504
f 465/491/476 464/484/470 496/518/502 497/521/505
f 452/493/478 451/486/472 483/519/503 484/522/506
f 479/495/480 478/489/474 510/520/504 511/523/507
f 466/497/482 465/491/476 497/521/505 498/524/508
f 453/469/455 452/493/478 484/522/506 485/525/509
f 480/477/463 479/495/480 511/523/507 512/526/510
f 467/480/466 466/497/482 498/524/508 499/527/511
f 454/470/456 453/469/455 485/525/509 486/528/512
f 449/475/461 480/477/463 512/526/510 481/515/499
f 468/481/467 467/480/466 499/527/511 500/529/513
f 455/483/469 454/470/456 486/528/512 487/530/514
f 469/466/452 468/481/467 500/529/513 501/467/453
f 456/490/475 455/483/469 487/530/514 488/502/487
f 514/531/515 513/532/516 544/533/517 543/534/518 542/535/519 541/536/520 540/537/521 539/538/522 538/539/523 537/540/486 536/541/485 535/542/524 534/543/525 533/544/526 532/545/527 531/546/528 530/547/529 529/548/530 528/549/531 527/550/532 526/551/533 525/552/534 524/553/535 523/554/536 522/555/537 521/556/538 520/557/539 519/558/540 518/559/541 517/560/542 516/561/543 515/562/544
f 492/508/492 491/507/491 523/563/536 524/564/535
f 506/509/493 505/498/483 537/501/486 538/565/523
f 493/510/494 492/508/492 524/564/535 525/566/534
f 507/511/495 506/509/493 538/565/523 539/567/522
f 494/512/496 493/510/494 525/566/534 526/568/533
f 508/513/497 507/511/495 539/567/522 540/569/521
f 495/514/498 494/512/496 526/568/533 527/570/532
f 482/516/500 481/515/499 513/571/516 514/572/515
f 509/517/501 508/513/497 540/569/521 541/573/520
f 496/518/502 495/514/498 527/570/532 528/574/531
f 483/519/503 482/516/500 514/572/515 515/575/544
f 510/520/504 509/517/501 541/573/520 542/576/519
f 497/521/505 496/518/502 528/574/531 529/577/530
f 484/522/506 483/519/503 515/575/544 516/578/543
f 511/523/507 510/520/504 542/576/519 543/579/518
f 498/524/508 497/521/505 529/577/530 530/580/529
f 485/525/509 484/522/506 516/578/543 517/581/542
f 512/526/510 511/523/507 543/579/518 544/582/517
f 499/527/511 498/524/508 530/580/529 531/583/528
f 486/528/512 485/525/509 517/581/542 518/584/541
f 481/515/499 512/526/510 544/582/517 513/571/516
f 500/529/513 499/527/511 531/583/528 532/585/527
f 487/530/514 486/528/512 518/584/541 519/586/540
f 501/467/453 500/529/513 532/585/527 533/587/526
f 488/502/487 487/530/514 519/586/540 520/588/539
f 502/468/454 501/467/453 533/587/526 534/589/525
f 489/503/488 488/502/487 520/588/539 521/590/538
f 503/504/489 502/468/454 534/589/525 535/591/524
f 490/505/490 489/503/488 521/590/538 522/592/537
f 504/499/484 503/504/489 535/591/524 536/500/485
f 491/506/491 490/505/490 522/592/537 523/593/536
usemtl Material.002
f 737/1/545 546/2/546 548/3/547 738/4/548
f 738/4/548 548/3/547 550/5/549 739/6/550
f 739/6/550 550/5/549 552/7/551 740/8/552
f 740/8/552 552/7/551 554/9/553 741/10/554
f 741/10/554 554/9/553 556/11/555 742/12/556
f 742/12/556 556/11/555 558/13/557 743/14/558
f 743/14/558 558/13/557 560/15/559 744/16/560
f 744/16/560 560/15/559 562/17/561 745/18/562
f 745/18/562 562/17/561 564/19/563 746/20/564
f 746/20/564 564/19/563 566/21/565 747/22/566
f 747/23/566 566/24/565 568/25/567 748/26/568
f 748/26/568 568/25/567 570/27/569 749/28/570
f 749/28/570 570/27/569 572/29/571 750/30/572
f 750/30/572 572/29/571 574/31/573 751/32/574
f 751/32/574 574/31/573 576/33/575 752/34/576
f 752/34/576 576/33/575 578/35/577 753/36/578
f 753/36/578 578/35/577 580/37/579 754/38/580
f 754/38/580 580/37/579 582/39/581 755/40/582
f 755/40/582 582/39/581 584/41/583 756/42/584
f 756/42/584 584/41/583 586/43/585 757/44/586
f 757/44/586 586/43/585 588/45/587 758/46/588
f 758/46/588 588/45/587 590/47/589 759/48/590
f 759/48/590 590/47/589 592/49/591 760/50/592
f 760/50/592 592/49/591 594/51/593 761/52/594
f 761/52/594 594/51/593 596/53/595 762/54/596
f 762/54/596 596/53/595 598/55/597 763/56/598
f 763/56/598 598/55/597 600/57/599 764/58/600
f 764/58/600 600/57/599 602/59/601 765/60/602
f 765/60/602 602/59/601 604/61/603 766/62/604
f 766/62/604 604/61/603 606/63/605 767/64/606
f 600/57/599 598/55/597 1019/65/607 1020/66/608
f 767/64/606 606/63/605 608/67/609 768/68/610
f 768/68/610 608/67/609 546/2/546 737/1/545
f 991/69/611 736/70/612 609/71/613 992/72/614
f 928/73/615 735/74/616 610/75/617 897/76/618
f 864/77/619 734/78/620 611/79/621 833/80/622
f 800/81/623 733/82/624 612/83/625 769/84/626
f 990/85/627 732/86/628 736/70/612 991/69/611
f 927/87/629 731/88/630 735/74/616 928/73/615
f 863/89/631 730/90/632 734/78/620 864/77/619
f 799/91/633 729/92/634 733/82/624 800/81/623
f 989/93/635 728/94/636 732/86/628 990/85/627
f 926/95/637 727/96/638 731/88/630 927/87/629
f 862/97/639 726/98/640 730/90/632 863/89/631
f 798/99/641 725/100/642 729/92/634 799/91/633
f 988/101/643 724/102/644 728/94/636 989/93/635
f 925/103/645 723/104/646 727/96/638 926/95/637
f 861/105/647 722/106/648 726/98/640 862/97/639
f 797/107/649 721/108/650 725/100/642 798/99/641
f 987/109/651 720/110/652 724/102/644 988/101/643
f 924/111/653 719/112/654 723/104/646 925/103/645
f 860/113/655 718/114/656 722/106/648 861/105/647
f 796/115/657 717/116/658 721/108/650 797/107/649
f 986/117/659 716/118/660 720/110/652 987/109/651
f 923/119/661 715/120/662 719/112/654 924/111/653
f 859/121/663 714/122/664 718/114/656 860/113/655
f 795/123/665 713/124/666 717/116/658 796/115/657
f 985/125/667 712/126/668 716/118/660 986/117/659
f 922/127/669 711/128/670 715/120/662 923/119/661
f 858/129/671 710/130/672 714/122/664 859/121/663
f 794/131/673 709/132/674 713/124/666 795/123/665
f 984/133/675 708/134/676 712/126/668 985/125/667
f 921/135/677 707/136/678 711/128/670 922/127/669
f 857/137/679 706/138/680 710/130/672 858/129/671
f 793/139/681 705/140/682 709/132/674 794/131/673
f 983/141/683 704/142/684 708/134/676 984/133/675
f 920/143/685 703/144/686 707/136/678 921/135/677
f 856/145/687 702/146/688 706/138/680 857/137/679
f 792/147/689 701/148/690 705/140/682 793/139/681
f 982/149/691 700/150/692 704/142/684 983/141/683
f 919/151/693 699/152/694 703/144/686 920/143/685
f 855/153/695 698/154/696 702/146/688 856/145/687
f 791/155/697 697/156/698 701/148/690 792/147/689
f 981/157/699 696/158/700 700/150/692 982/149/691
f 918/159/701 695/160/702 699/152/694 919/151/693
f 854/161/703 694/162/704 698/154/696 855/153/695
f 790/163/705 693/164/706 697/156/698 791/155/697
f 980/165/707 692/166/708 696/158/700 981/157/699
f 917/167/709 691/168/710 695/160/702 918/159/701
f 853/169/711 690/170/712 694/162/704 854/161/703
f 789/171/713 689/172/714 693/164/706 790/163/705
f 979/173/715 688/174/716 692/166/708 980/165/707
f 916/175/717 687/176/718 691/168/710 917/167/709
f 852/177/719 686/178/720 690/170/712 853/169/711
f 788/179/721 685/180/722 689/172/714 789/171/713
f 978/181/723 684/182/724 688/174/716 979/173/715
f 915/183/725 683/184/726 687/176/718 916/175/717
f 851/185/727 682/186/728 686/178/720 852/177/719
f 787/187/729 681/188/730 685/180/722 788/179/721
f 977/189/731 680/190/732 684/182/724 978/181/723
f 914/191/733 679/192/734 683/184/726 915/183/725
f 850/193/735 678/194/736 682/186/728 851/185/727
f 786/195/737 677/196/738 681/188/730 787/187/729
f 976/197/739 676/198/740 680/190/732 977/189/731
f 913/199/741 675/200/742 679/192/734 914/191/733
f 849/201/743 674/202/744 678/194/736 850/193/735
f 785/203/745 673/204/746 677/196/738 786/195/737
f 975/205/747 672/206/748 676/198/740 976/197/739
f 912/207/749 671/208/750 675/200/742 913/199/741
f 848/209/751 670/210/752 674/202/744 849/201/743
f 784/211/753 669/212/754 673/204/746 785/203/745
f 974/213/755 668/214/756 672/206/748 975/205/747
f 911/215/757 667/216/758 671/208/750 912/207/749
f 847/217/759 666/218/760 670/210/752 848/209/751
f 783/219/761 665/220/762 669/212/754 784/211/753
f 973/221/763 664/222/764 668/214/756 974/213/755
f 910/223/765 663/224/766 667/216/758 911/215/757
f 846/225/767 662/226/768 666/218/760 847/217/759
f 782/227/769 661/228/770 665/220/762 783/219/761
f 972/229/771 660/230/772 664/222/764 973/221/763
f 909/231/773 659/232/774 663/224/766 910/223/765
f 845/233/775 658/234/776 662/226/768 846/225/767
f 781/235/777 657/236/778 661/228/770 782/227/769
f 971/237/779 656/238/780 660/230/772 972/229/771
f 908/239/781 655/240/782 659/232/774 909/231/773
f 844/241/783 654/242/784 658/234/776 845/233/775
f 780/243/785 653/244/786 657/236/778 781/235/777
f 970/245/787 652/246/788 656/238/780 971/237/779
f 907/247/789 651/248/790 655/240/782 908/239/781
f 843/249/791 650/250/792 654/242/784 844/241/783
f 779/251/793 649/252/794 653/244/786 780/243/785
f 969/253/795 648/254/796 652/255/788 970/256/787
f 906/257/797 647/258/798 651/259/790 907/260/789
f 842/261/799 646/262/800 650/263/792 843/264/791
f 778/265/801 645/266/802 649/267/794 779/268/793
f 968/269/803 644/270/804 648/254/796 969/253/795
f 905/271/805 643/272/806 647/258/798 906/257/797
f 841/273/807 642/274/808 646/262/800 842/261/799
f 777/275/809 641/276/810 645/266/802 778/265/801
f 967/277/811 640/278/812 644/270/804 968/269/803
f 904/279/813 639/280/814 643/272/806 905/271/805
f 840/281/815 638/282/816 642/274/808 841/273/807
f 776/283/817 637/284/818 641/276/810 777/275/809
f 966/285/819 636/286/820 640/278/812 967/277/811
f 903/287/821 635/288/822 639/280/814 904/279/813
f 839/289/823 634/290/824 638/282/816 840/281/815
f 775/291/825 633/292/826 637/284/818 776/283/817
f 965/293/827 632/294/828 636/286/820 966/285/819
f 902/295/829 631/296/830 635/288/822 903/287/821
f 838/297/831 630/298/832 634/290/824 839/289/823
f 774/299/833 629/300/834 633/292/826 775/291/825
f 964/301/835 628/302/836 632/294/828 965/293/827
f 901/303/837 627/304/838 631/296/830 902/295/829
f 837/305/839 626/306/840 630/298/832 838/297/831
f 773/307/841 625/308/842 629/300/834 774/299/833
f 963/309/843 624/310/844 628/302/836 964/301/835
f 900/311/845 623/312/846 627/304/838 901/303/837
f 836/313/847 622/314/848 626/306/840 837/305/839
f 772/315/849 621/316/850 625/308/842 773/307/841
f 962/317/851 620/318/852 624/310/844 963/309/843
f 899/319/853 619/320/854 623/312/846 900/311/845
f 835/321/855 618/322/856 622/314/848 836/313/847
f 771/323/857 617/324/858 621/316/850 772/315/849
f 961/325/859 616/326/860 620/318/852 962/317/851
f 898/327/861 615/328/862 619/320/854 899/319/853
f 834/329/863 614/330/864 618/322/856 835/321/855
f 770/331/865 613/332/866 617/324/858 771/323/857
f 992/72/614 609/71/613 616/326/860 961/325/859
f 897/76/618 610/75/617 615/328/862 898/327/861
f 833/80/622 611/79/621 614/330/864 834/329/863
f 769/84/626 612/83/625 613/332/866 770/331/865
f 733/82/624 768/68/610 737/1/545 612/83/625
f 729/92/634 767/64/606 768/68/610 733/82/624
f 725/100/642 766/62/604 767/64/606 729/92/634
f 721/108/650 765/60/602 766/62/604 725/100/642
f 717/116/658 764/58/600 765/60/602 721/108/650
f 713/124/666 763/56/598 764/58/600 717/116/658
f 709/132/674 762/54/596 763/56/598 713/124/666
f 705/140/682 761/52/594 762/54/596 709/132/674
f 701/148/690 760/50/592 761/52/594 705/140/682
f 697/156/698 759/48/590 760/50/592 701/148/690
f 693/164/706 758/46/588 759/48/590 697/156/698
f 689/172/714 757/44/586 758/46/588 693/164/706
f 685/180/722 756/42/584 757/44/586 689/172/714
f 681/188/730 755/40/582 756/42/584 685/180/722
f 677/196/738 754/38/580 755/40/582 681/188/730
f 673/204/746 753/36/578 754/38/580 677/196/738
f 669/212/754 752/34/576 753/36/578 673/204/746
f 665/220/762 751/32/574 752/34/576 669/212/754
f 661/228/770 750/30/572 751/32/574 665/220/762
f 657/236/778 749/28/570 750/30/572 661/228/770
f 653/244/786 748/26/568 749/28/570 657/236/778
f 649/252/794 747/23/566 748/26/568 653/244/786
f 645/266/802 746/20/564 747/22/566 649/267/794
f 641/276/810 745/18/562 746/20/564 645/266/802
f 637/284/818 744/16/560 745/18/562 641/276/810
f 633/292/826 743/14/558 744/16/560 637/284/818
f 629/300/834 742/12/556 743/14/558 633/292/826
f 625/308/842 741/10/554 742/12/556 629/300/834
f 621/316/850 740/8/552 741/10/554 625/308/842
f 617/324/858 739/6/550 740/8/552 621/316/850
f 613/332/866 738/4/548 739/6/550 617/324/858
f 612/83/625 737/1/545 738/4/548 613/332/866
f 832/333/867 769/84/626 770/331/865 801/334/868
f 801/334/868 770/331/865 771/323/857 802/335/869
f 802/335/869 771/323/857 772/315/849 803/336/870
f 803/336/870 772/315/849 773/307/841 804/337/871
f 804/337/871 773/307/841 774/299/833 805/338/872
f 805/338/872 774/299/833 775/291/825 806/339/873
f 806/339/873 775/291/825 776/283/817 807/340/874
f 807/340/874 776/283/817 777/275/809 808/341/875
f 808/341/875 777/275/809 778/265/801 809/342/876
f 809/342/876 778/265/801 779/268/793 810/343/877
f 810/344/877 779/251/793 780/243/785 811/345/878
f 811/345/878 780/243/785 781/235/777 812/346/879
f 812/346/879 781/235/777 782/227/769 813/347/880
f 813/347/880 782/227/769 783/219/761 814/348/881
f 814/348/881 783/219/761 784/211/753 815/349/882
f 815/349/882 784/211/753 785/203/745 816/350/883
f 816/350/883 785/203/745 786/195/737 817/351/884
f 817/351/884 786/195/737 787/187/729 818/352/885
f 818/352/885 787/187/729 788/179/721 819/353/886
f 819/353/886 788/179/721 789/171/713 820/354/887
f 820/354/887 789/171/713 790/163/705 821/355/888
f 821/355/888 790/163/705 791/155/697 822/356/889
f 822/356/889 791/155/697 792/147/689 823/357/890
f 823/357/890 792/147/689 793/139/681 824/358/891
f 824/358/891 793/139/681 794/131/673 825/359/892
f 825/359/892 794/131/673 795/123/665 826/360/893
f 826/360/893 795/123/665 796/115/657 827/361/894
f 827/361/894 796/115/657 797/107/649 828/362/895
f 828/362/895 797/107/649 798/99/641 829/363/896
f 829/363/896 798/99/641 799/91/633 830/364/897
f 830/364/897 799/91/633 800/81/623 831/365/898
f 831/365/898 800/81/623 769/84/626 832/333/867
f 734/78/620 831/365/898 832/333/867 611/79/621
f 730/90/632 830/364/897 831/365/898 734/78/620
f 726/98/640 829/363/896 830/364/897 730/90/632
f 722/106/648 828/362/895 829/363/896 726/98/640
f 718/114/656 827/361/894 828/362/895 722/106/648
f 714/122/664 826/360/893 827/361/894 718/114/656
f 710/130/672 825/359/892 826/360/893 714/122/664
f 706/138/680 824/358/891 825/359/892 710/130/672
f 702/146/688 823/357/890 824/358/891 706/138/680
f 698/154/696 822/356/889 823/357/890 702/146/688
f 694/162/704 821/355/888 822/356/889 698/154/696
f 690/170/712 820/354/887 821/355/888 694/162/704
f 686/178/720 819/353/886 820/354/887 690/170/712
f 682/186/728 818/352/885 819/353/886 686/178/720
f 678/194/736 817/351/884 818/352/885 682/186/728
f 674/202/744 816/350/883 817/351/884 678/194/736
f 670/210/752 815/349/882 816/350/883 674/202/744
f 666/218/760 814/348/881 815/349/882 670/210/752
f 662/226/768 813/347/880 814/348/881 666/218/760
f 658/234/776 812/346/879 813/347/880 662/226/768
f 654/242/784 811/345/878 812/346/879 658/234/776
f 650/250/792 810/344/877 811/345/878 654/242/784
f 646/262/800 809/342/876 810/343/877 650/263/792
f 642/274/808 808/341/875 809/342/876 646/262/800
f 638/282/816 807/340/874 808/341/875 642/274/808
f 634/290/824 806/339/873 807/340/874 638/282/816
f 630/298/832 805/338/872 806/339/873 634/290/824
f 626/306/840 804/337/871 805/338/872 630/298/832
f 622/314/848 803/336/870 804/337/871 626/306/840
f 618/322/856 802/335/869 803/336/870 622/314/848
f 614/330/864 801/334/868 802/335/869 618/322/856
f 611/79/621 832/333/867 801/334/868 614/330/864
f 896/366/899 833/80/622 834/329/863 865/367/900
f 865/367/900 834/329/863 835/321/855 866/368/901
f 866/368/901 835/321/855 836/313/847 867/369/902
f 867/369/902 836/313/847 837/305/839 868/370/903
f 868/370/903 837/305/839 838/297/831 869/371/904
f 869/371/904 838/297/831 839/289/823 870/372/905
f 870/372/905 839/289/823 840/281/815 871/373/906
f 871/373/906 840/281/815 841/273/807 872/374/907
f 872/374/907 841/273/807 842/261/799 873/375/908
f 873/375/908 842/261/799 843/264/791 874/376/909
f 874/377/909 843/249/791 844/241/783 875/378/910
f 875/378/910 844/241/783 845/233/775 876/379/911
f 876/379/911 845/233/775 846/225/767 877/380/912
f 877/380/912 846/225/767 847/217/759 878/381/913
f 878/381/913 847/217/759 848/209/751 879/382/914
f 879/382/914 848/209/751 849/201/743 880/383/915
f 880/383/915 849/201/743 850/193/735 881/384/916
f 881/384/916 850/193/735 851/185/727 882/385/917
f 882/385/917 851/185/727 852/177/719 883/386/918
f 883/386/918 852/177/719 853/169/711 884/387/919
f 884/387/919 853/169/711 854/161/703 885/388/920
f 885/388/920 854/161/703 855/153/695 886/389/921
f 886/389/921 855/153/695 856/145/687 887/390/922
f 887/390/922 856/145/687 857/137/679 888/391/923
f 888/391/923 857/137/679 858/129/671 889/392/924
f 889/392/924 858/129/671 859/121/663 890/393/925
f 890/393/925 859/121/663 860/113/655 891/394/926
f 891/394/926 860/113/655 861/105/647 892/395/927
f 892/395/927 861/105/647 862/97/639 893/396/928
f 893/396/928 862/97/639 863/89/631 894/397/929
f 894/397/929 863/89/631 864/77/619 895/398/930
f 895/398/930 864/77/619 833/80/622 896/366/899
f 735/74/616 895/398/930 896/366/899 610/75/617
f 731/88/630 894/397/929 895/398/930 735/74/616
f 727/96/638 893/396/928 894/397/929 731/88/630
f 723/104/646 892/395/927 893/396/928 727/96/638
f 719/112/654 891/394/926 892/395/927 723/104/646
f 715/120/662 890/393/925 891/394/926 719/112/654
f 711/128/670 889/392/924 890/393/925 715/120/662
f 707/136/678 888/391/923 889/392/924 711/128/670
f 703/144/686 887/390/922 888/391/923 707/136/678
f 699/152/694 886/389/921 887/390/922 703/144/686
f 695/160/702 885/388/920 886/389/921 699/152/694
f 691/168/710 884/387/919 885/388/920 695/160/702
f 687/176/718 883/386/918 884/387/919 691/168/710
f 683/184/726 882/385/917 883/386/918 687/176/718
f 679/192/734 881/384/916 882/385/917 683/184/726
f 675/200/742 880/383/915 881/384/916 679/192/734
f 671/208/750 879/382/914 880/383/915 675/200/742
f 667/216/758 878/381/913 879/382/914 671/208/750
f 663/224/766 877/380/912 878/381/913 667/216/758
f 659/232/774 876/379/911 877/380/912 663/224/766
f 655/240/782 875/378/910 876/379/911 659/232/774
f 651/248/790 874/377/909 875/378/910 655/240/782
f 647/258/798 873/375/908 874/376/909 651/259/790
f 643/272/806 872/374/907 873/375/908 647/258/798
f 639/280/814 871/373/906 872/374/907 643/272/806
f 635/288/822 870/372/905 871/373/906 639/280/814
f 631/296/830 869/371/904 870/372/905 635/288/822
f 627/304/838 868/370/903 869/371/904 631/296/830
f 623/312/846 867/369/902 868/370/903 627/304/838
f 619/320/854 866/368/901 867/369/902 623/312/846
f 615/328/862 865/367/900 866/368/901 619/320/854
f 610/75/617 896/366/899 865/367/900 615/328/862
f 960/399/931 897/76/618 898/327/861 929/400/932
f 929/400/932 898/327/861 899/319/853 930/401/933
f 930/401/933 899/319/853 900/311/845 931/402/934
f 931/402/934 900/311/845 901/303/837 932/403/935
f 932/403/935 901/303/837 902/295/829 933/404/936
f 933/404/936 902/295/829 903/287/821 934/405/937
f 934/405/937 903/287/821 904/279/813 935/406/938
f 935/406/938 904/279/813 905/271/805 936/407/939
f 936/407/939 905/271/805 906/257/797 937/408/940
f 937/408/940 906/257/797 907/260/789 938/409/941
f 938/410/941 907/247/789 908/239/781 939/411/942
f 939/411/942 908/239/781 909/231/773 940/412/943
f 940/412/943 909/231/773 910/223/765 941/413/944
f 941/413/944 910/223/765 911/215/757 942/414/945
f 942/414/945 911/215/757 912/207/749 943/415/946
f 943/415/946 912/207/749 913/199/741 944/416/947
f 944/416/947 913/199/741 914/191/733 945/417/948
f 945/417/948 914/191/733 915/183/725 946/418/949
f 946/418/949 915/183/725 916/175/717 947/419/950
f 947/419/950 916/175/717 917/167/709 948/420/951
f 948/420/951 917/167/709 918/159/701 949/421/952
f 949/421/952 918/159/701 919/151/693 950/422/953
f 950/422/953 919/151/693 920/143/685 951/423/954
f 951/423/954 920/143/685 921/135/677 952/424/955
f 952/424/955 921/135/677 922/127/669 953/425/956
f 953/425/956 922/127/669 923/119/661 954/426/957
f 954/426/957 923/119/661 924/111/653 955/427/958
f 955/427/958 924/111/653 925/103/645 956/428/959
f 956/428/959 925/103/645 926/95/637 957/429/960
f 957/429/960 926/95/637 927/87/629 958/430/961
f 958/430/961 927/87/629 928/73/615 959/431/962
f 959/431/962 928/73/615 897/76/618 960/399/931
f 736/70/612 959/431/962 960/399/931 609/71/613
f 732/86/628 958/430/961 959/431/962 736/70/612
f 728/94/636 957/429/960 958/430/961 732/86/628
f 724/102/644 956/428/959 957/429/960 728/94/636
f 720/110/652 955/427/958 956/428/959 724/102/644
f 716/118/660 954/426/957 955/427/958 720/110/652
f 712/126/668 953/425/956 954/426/957 716/118/660
f 708/134/676 952/424/955 953/425/956 712/126/668
f 704/142/684 951/423/954 952/424/955 708/134/676
f 700/150/692 950/422/953 951/423/954 704/142/684
f 696/158/700 949/421/952 950/422/953 700/150/692
f 692/166/708 948/420/951 949/421/952 696/158/700
f 688/174/716 947/419/950 948/420/951 692/166/708
f 684/182/724 946/418/949 947/419/950 688/174/716
f 680/190/732 945/417/948 946/418/949 684/182/724
f 676/198/740 944/416/947 945/417/948 680/190/732
f 672/206/748 943/415/946 944/416/947 676/198/740
f 668/214/756 942/414/945 943/415/946 672/206/748
f 664/222/764 941/413/944 942/414/945 668/214/756
f 660/230/772 940/412/943 941/413/944 664/222/764
f 656/238/780 939/411/942 940/412/943 660/230/772
f 652/246/788 938/410/941 939/411/942 656/238/780
f 648/254/796 937/408/940 938/409/941 652/255/788
f 644/270/804 936/407/939 937/408/940 648/254/796
f 640/278/812 935/406/938 936/407/939 644/270/804
f 636/286/820 934/405/937 935/406/938 640/278/812
f 632/294/828 933/404/936 934/405/937 636/286/820
f 628/302/836 932/403/935 933/404/936 632/294/828
f 624/310/844 931/402/934 932/403/935 628/302/836
f 620/318/852 930/401/933 931/402/934 624/310/844
f 616/326/860 929/400/932 930/401/933 620/318/852
f 609/71/613 960/399/931 929/400/932 616/326/860
f 545/432/963 992/72/614 961/325/859 547/433/964
f 547/433/964 961/325/859 962/317/851 549/434/965
f 549/434/965 962/317/851 963/309/843 551/435/966
f 551/435/966 963/309/843 964/301/835 553/436/967
f 553/436/967 964/301/835 965/293/827 555/437/968
f 555/437/968 965/293/827 966/285/819 557/438/969
f 557/438/969 966/285/819 967/277/811 559/439/970
f 559/439/970 967/277/811 968/269/803 561/440/971
f 561/440/971 968/269/803 969/253/795 563/441/972
f 563/441/972 969/253/795 970/256/787 565/442/973
f 565/443/973 970/245/787 971/237/779 567/444/974
f 567/444/974 971/237/779 972/229/771 569/445/975
f 569/445/975 972/229/771 973/221/763 571/446/976
f 571/446/976 973/221/763 974/213/755 573/447/977
f 573/447/977 974/213/755 975/205/747 575/448/978
f 575/448/978 975/205/747 976/197/739 577/449/979
f 577/449/979 976/197/739 977/189/731 579/450/980
f 579/450/980 977/189/731 978/181/723 581/451/981
f 581/451/981 978/181/723 979/173/715 583/452/982
f 583/452/982 979/173/715 980/165/707 585/453/983
f 585/453/983 980/165/707 981/157/699 587/454/984
f 587/454/984 981/157/699 982/149/691 589/455/985
f 589/455/985 982/149/691 983/141/683 591/456/986
f 591/456/986 983/141/683 984/133/675 593/457/987
f 593/457/987 984/133/675 985/125/667 595/458/988
f 595/458/988 985/125/667 986/117/659 597/459/989
f 597/459/989 986/117/659 987/109/651 599/460/990
f 599/460/990 987/109/651 988/101/643 601/461/991
f 601/461/991 988/101/643 989/93/635 603/462/992
f 603/462/992 989/93/635 990/85/627 605/463/993
f 605/463/993 990/85/627 991/69/611 607/464/994
f 607/464/994 991/69/611 992/72/614 545/432/963
f 1014/465/995 1013/466/996 1045/467/997 1046/468/998
f 556/11/555 554/9/553 997/469/999 998/470/1000
f 574/31/573 572/29/571 1006/471/1001 1007/472/1002
f 592/49/591 590/47/589 1015/473/1003 1016/474/1004
f 548/3/547 546/2/546 993/475/1005 994/476/1006
f 546/2/546 608/67/609 1024/477/1007 993/475/1005
f 566/21/565 564/19/563 1002/478/1008 1003/479/1009
f 584/41/583 582/39/581 1011/480/1010 1012/481/1011
f 602/59/601 600/57/599 1020/66/608 1021/482/1012
f 558/13/557 556/11/555 998/470/1000 999/483/1013
f 576/33/575 574/31/573 1007/472/1002 1008/484/1014
f 594/51/593 592/49/591 1016/474/1004 1017/485/1015
f 550/5/549 548/3/547 994/476/1006 995/486/1016
f 568/25/567 566/24/565 1003/487/1009 1004/488/1017
f 586/43/585 584/41/583 1012/481/1011 1013/466/996
f 604/61/603 602/59/601 1021/482/1012 1022/489/1018
f 560/15/559 558/13/557 999/483/1013 1000/490/1019
f 578/35/577 576/33/575 1008/484/1014 1009/491/1020
f 596/53/595 594/51/593 1017/485/1015 1018/492/1021
f 552/7/551 550/5/549 995/486/1016 996/493/1022
f 570/27/569 568/25/567 1004/488/1017 1005/494/1023
f 588/45/587 586/43/585 1013/466/996 1014/465/995
f 606/63/605 604/61/603 1022/489/1018 1023/495/1024
f 562/17/561 560/15/559 1000/490/1019 1001/496/1025
f 580/37/579 578/35/577 1009/491/1020 1010/497/1026
f 598/55/597 596/53/595 1018/492/1021 1019/65/607
f 554/9/553 552/7/551 996/493/1022 997/469/999
f 572/29/571 570/27/569 1005/494/1023 1006/471/1001
f 590/47/589 588/45/587 1014/465/995 1015/473/1003
f 608/67/609 606/63/605 1023/495/1024 1024/477/1007
f 564/19/563 562/17/561 1001/496/1025 1002/478/1008
f 582/39/581 580/37/579 1010/497/1026 1011/480/1010
f 1049/498/1027 1048/499/1028 1080/500/1029 1081/501/1030
f 1001/496/1025 1000/490/1019 1032/502/1031 1033/503/1032
f 1015/473/1003 1014/465/995 1046/468/998 1047/504/1033
f 1002/478/1008 1001/496/1025 1033/503/1032 1034/505/1034
f 1016/474/1004 1015/473/1003 1047/504/1033 1048/499/1028
f 1003/479/1009 1002/478/1008 1034/505/1034 1035/506/1035
f 1017/485/1015 1016/474/1004 1048/499/1028 1049/498/1027
f 1004/488/1017 1003/487/1009 1035/507/1035 1036/508/1036
f 1018/492/1021 1017/485/1015 1049/498/1027 1050/509/1037
f 1005/494/1023 1004/488/1017 1036/508/1036 1037/510/1038
f 1019/65/607 1018/492/1021 1050/509/1037 1051/511/1039
f 1006/471/1001 1005/494/1023 1037/510/1038 1038/512/1040
f 1020/66/608 1019/65/607 1051/511/1039 1052/513/1041
f 1007/472/1002 1006/471/1001 1038/512/1040 1039/514/1042
f 994/476/1006 993/475/1005 1025/515/1043 1026/516/1044
f 1021/482/1012 1020/66/608 1052/513/1041 1053/517/1045
f 1008/484/1014 1007/472/1002 1039/514/1042 1040/518/1046
f 995/486/1016 994/476/1006 1026/516/1044 1027/519/1047
f 1022/489/1018 1021/482/1012 1053/517/1045 1054/520/1048
f 1009/491/1020 1008/484/1014 1040/518/1046 1041/521/1049
f 996/493/1022 995/486/1016 1027/519/1047 1028/522/1050
f 1023/495/1024 1022/489/1018 1054/520/1048 1055/523/1051
f 1010/497/1026 1009/491/1020 1041/521/1049 1042/524/1052
f 997/469/999 996/493/1022 1028/522/1050 1029/525/1053
f 1024/477/1007 1023/495/1024 1055/523/1051 1056/526/1054
f 1011/480/1010 1010/497/1026 1042/524/1052 1043/527/1055
f 998/470/1000 997/469/999 1029/525/1053 1030/528/1056
f 993/475/1005 1024/477/1007 1056/526/1054 1025/515/1043
f 1012/481/1011 1011/480/1010 1043/527/1055 1044/529/1057
f 999/483/1013 998/470/1000 1030/528/1056 1031/530/1058
f 1013/466/996 1012/481/1011 1044/529/1057 1045/467/997
f 1000/490/1019 999/483/1013 1031/530/1058 1032/502/1031
f 1058/531/1059 1057/532/1060 1088/533/1061 1087/534/1062 1086/535/1063 1085/536/1064 1084/537/1065 1083/538/1066 1082/539/1067 1081/540/1030 1080/541/1029 1079/542/1068 1078/543/1069 1077/544/1070 1076/545/1071 1075/546/1072 1074/547/1073 1073/548/1074 1072/549/1075 1071/550/1076 1070/551/1077 1069/552/1078 1068/553/1079 1067/554/1080 1066/555/1081 1065/556/1082 1064/557/1083 1063/558/1084 1062/559/1085 1061/560/1086 1060/561/1087 1059/562/1088
f 1036/508/1036 1035/507/1035 1067/563/1080 1068/564/1079
f 1050/509/1037 1049/498/1027 1081/501/1030 1082/565/1067
f 1037/510/1038 1036/508/1036 1068/564/1079 1069/566/1078
f 1051/511/1039 1050/509/1037 1082/565/1067 1083/567/1066
f 1038/512/1040 1037/510/1038 1069/566/1078 1070/568/1077
f 1052/513/1041 1051/511/1039 1083/567/1066 1084/569/1065
f 1039/514/1042 1038/512/1040 1070/568/1077 1071/570/1076
f 1026/516/1044 1025/515/1043 1057/571/1060 1058/572/1059
f 1053/517/1045 1052/513/1041 1084/569/1065 1085/573/1064
f 1040/518/1046 1039/514/1042 1071/570/1076 1072/574/1075
f 1027/519/1047 1026/516/1044 1058/572/1059 1059/575/1088
f 1054/520/1048 1053/517/1045 1085/573/1064 1086/576/1063
f 1041/521/1049 1040/518/1046 1072/574/1075 1073/577/1074
f 1028/522/1050 1027/519/1047 1059/575/1088 1060/578/1087
f 1055/523/1051 1054/520/1048 1086/576/1063 1087/579/1062
f 1042/524/1052 1041/521/1049 1073/577/1074 1074/580/1073
f 1029/525/1053 1028/522/1050 1060/578/1087 1061/581/1086
f 1056/526/1054 1055/523/1051 1087/579/1062 1088/582/1061
f 1043/527/1055 1042/524/1052 1074/580/1073 1075/583/1072
f 1030/528/1056 1029/525/1053 1061/581/1086 1062/584/1085
f 1025/515/1043 1056/526/1054 1088/582/1061 1057/571/1060
f 1044/529/1057 1043/527/1055 1075/583/1072 1076/585/1071
f 1031/530/1058 1030/528/1056 1062/584/1085 1063/586/1084
f 1045/467/997 1044/529/1057 1076/585/1071 1077/587/1070
f 1032/502/1031 1031/530/1058 1063/586/1084 1064/588/1083
f 1046/468/998 1045/467/997 1077/587/1070 1078/589/1069
f 1033/503/1032 1032/502/1031 1064/588/1083 1065/590/1082
f 1047/504/1033 1046/468/998 1078/589/1069 1079/591/1068
f 1034/505/1034 1033/503/1032 1065/590/1082 1066/592/1081
f 1048/499/1028 1047/504/1033 1079/591/1068 1080/500/1029
f 1035/506/1035 1034/505/1034 1066/592/1081 1067/593/1080
usemtl Material.003
f 1281/1/1089 1090/2/1090 1092/3/1091 1282/4/1092
f 1282/4/1092 1092/3/1091 1094/5/1093 1283/6/1094
f 1283/6/1094 1094/5/1093 1096/7/1095 1284/8/1096
f 1284/8/1096 1096/7/1095 1098/9/1097 1285/10/1098
f 1285/10/1098 1098/9/1097 1100/11/1099 1286/12/1100
f 1286/12/1100 1100/11/1099 1102/13/1101 1287/14/1102
f 1287/14/1102 1102/13/1101 1104/15/1103 1288/16/1104
f 1288/16/1104 1104/15/1103 1106/17/1105 1289/18/1106
f 1289/18/1106 1106/17/1105 1108/19/1107 1290/20/1108
f 1290/20/1108 1108/19/1107 1110/21/1109 1291/22/1110
f 1291/23/1110 1110/24/1109 1112/25/1111 1292/26/1112
f 1292/26/1112 1112/25/1111 1114/27/1113 1293/28/1114
f 1293/28/1114 1114/27/1113 1116/29/1115 1294/30/1116
f 1294/30/1116 1116/29/1115 1118/31/1117 1295/32/1118
f 1295/32/1118 1118/31/1117 1120/33/1119 1296/34/1120
f 1296/34/1120 1120/33/1119 1122/35/1121 1297/36/1122
f 1297/36/1122 1122/35/1121 1124/37/1123 1298/38/1124
f 1298/38/1124 1124/37/1123 1126/39/1125 1299/40/1126
f 1299/40/1126 1126/39/1125 1128/41/1127 1300/42/1128
f 1300/42/1128 1128/41/1127 1130/43/1129 1301/44/1130
f 1301/44/1130 1130/43/1129 1132/45/1131 1302/46/1132
f 1302/46/1132 1132/45/1131 1134/47/1133 1303/48/1134
f 1303/48/1134 1134/47/1133 1136/49/1135 1304/50/1136
f 1304/50/1136 1136/49/1135 1138/51/1137 1305/52/1138
f 1305/52/1138 1138/51/1137 1140/53/1139 1306/54/1140
f 1306/54/1140 1140/53/1139 1142/55/1141 1307/56/1142
f 1307/56/1142 1142/55/1141 1144/57/1143 1308/58/1144
f 1308/58/1144 1144/57/1143 1146/59/1145 1309/60/1146
f 1309/60/1146 1146/59/1145 1148/61/1147 1310/62/1148
f 1310/62/1148 1148/61/1147 1150/63/1149 1311/64/1150
f 1144/57/1143 1142/55/1141 1563/65/1151 1564/66/1152
f 1311/64/1150 1150/63/1149 1152/67/1153 1312/68/1154
f 1312/68/1154 1152/67/1153 1090/2/1090 1281/1/1089
f 1535/69/1155 1280/70/1156 1153/71/1157 1536/72/1158
f 1472/73/1159 1279/74/1160 1154/75/1161 1441/76/1162
f 1408/77/1163 1278/78/1164 1155/79/1165 1377/80/1166
f 1344/81/1167 1277/82/1168 1156/83/1169 1313/84/1170
f 1534/85/1171 1276/86/1172 1280/70/1156 1535/69/1155
f 1471/87/1173 1275/88/1174 1279/74/1160 1472/73/1159
f 1407/89/1175 1274/90/1176 1278/78/1164 1408/77/1163
f 1343/91/1177 1273/92/1178 1277/82/1168 1344/81/1167
f 1533/93/1179 1272/94/1180 1276/86/1172 1534/85/1171
f 1470/95/1181 1271/96/1182 1275/88/1174 1471/87/1173
f 1406/97/1183 1270/98/1184 1274/90/1176 1407/89/1175
f 1342/99/1185 1269/100/1186 1273/92/1178 1343/91/1177
f 1532/101/1187 1268/102/1188 1272/94/1180 1533/93/1179
f 1469/103/1189 1267/104/1190 1271/96/1182 1470/95/1181
f 1405/105/1191 1266/106/1192 1270/98/1184 1406/97/1183
f 1341/107/1193 1265/108/1194 1269/100/1186 1342/99/1185
f 1531/109/1195 1264/110/1196 1268/102/1188 1532/101/1187
f 1468/111/1197 1263/112/1198 1267/104/1190 1469/103/1189
f 1404/113/1199 1262/114/1200 1266/106/1192 1405/105/1191
f 1340/115/1201 1261/116/1202 1265/108/1194 1341/107/1193
f 1530/117/1203 1260/118/1204 1264/110/1196 1531/109/1195
f 1467/119/1205 1259/120/1206 1263/112/1198 1468/111/1197
f 1403/121/1207 1258/122/1208 1262/114/1200 1404/113/1199
f 1339/123/1209 1257/124/1210 1261/116/1202 1340/115/1201
f 1529/125/1211 1256/126/1212 1260/118/1204 1530/117/1203
f 1466/127/1213 1255/128/1214 1259/120/1206 1467/119/1205
f 1402/129/1215 1254/130/1216 1258/122/1208 1403/121/1207
f 1338/131/1217 1253/132/1218 1257/124/1210 1339/123/1209
f 1528/133/1219 1252/134/1220 1256/126/1212 1529/125/1211
f 1465/135/1221 1251/136/1222 1255/128/1214 1466/127/1213
f 1401/137/1223 1250/138/1224 1254/130/1216 1402/129/1215
f 1337/139/1225 1249/140/1226 1253/132/1218 1338/131/1217
f 1527/141/1227 1248/142/1228 1252/134/1220 1528/133/1219
f 1464/143/1229 1247/144/1230 1251/136/1222 1465/135/1221
f 1400/145/1231 1246/146/1232 1250/138/1224 1401/137/1223
f 1336/147/1233 1245/148/1234 1249/140/1226 1337/139/1225
f 1526/149/1235 1244/150/1236 1248/142/1228 1527/141/1227
f 1463/151/1237 1243/152/1238 1247/144/1230 1464/143/1229
f 1399/153/1239 1242/154/1240 1246/146/1232 1400/145/1231
f 1335/155/1241 1241/156/1242 1245/148/1234 1336/147/1233
f 1525/157/1243 1240/158/1244 1244/150/1236 1526/149/1235
f 1462/159/1245 1239/160/1246 1243/152/1238 1463/151/1237
f 1398/161/1247 1238/162/1248 1242/154/1240 1399/153/1239
f 1334/163/1249 1237/164/1250 1241/156/1242 1335/155/1241
f 1524/165/1251 1236/166/1252 1240/158/1244 1525/157/1243
f 1461/167/1253 1235/168/1254 1239/160/1246 1462/159/1245
f 1397/169/1255 1234/170/1256 1238/162/1248 1398/161/1247
f 1333/171/1257 1233/172/1258 1237/164/1250 1334/163/1249
f 1523/173/1259 1232/174/1260 1236/166/1252 1524/165/1251
f 1460/175/1261 1231/176/1262 1235/168/1254 1461/167/1253
f 1396/177/1263 1230/178/1264 1234/170/1256 1397/169/1255
f 1332/179/1265 1229/180/1266 1233/172/1258 1333/171/1257
f 1522/181/1267 1228/182/1268 1232/174/1260 1523/173/1259
f 1459/183/1269 1227/184/1270 1231/176/1262 1460/175/1261
f 1395/185/1271 1226/186/1272 1230/178/1264 1396/177/1263
f 1331/187/1273 1225/188/1274 1229/180/1266 1332/179/1265
f 1521/189/1275 1224/190/1276 1228/182/1268 1522/181/1267
f 1458/191/1277 1223/192/1278 1227/184/1270 1459/183/1269
f 1394/193/1279 1222/194/1280 1226/186/1272 1395/185/1271
f 1330/195/1281 1221/196/1282 1225/188/1274 1331/187/1273
f 1520/197/1283 1220/198/1284 1224/190/1276 1521/189/1275
f 1457/199/1285 1219/200/1286 1223/192/1278 1458/191/1277
f 1393/201/1287 1218/202/1288 1222/194/1280 1394/193/1279
f 1329/203/1289 1217/204/1290 1221/196/1282 1330/195/1281
f 1519/205/1291 1216/206/1292 1220/198/1284 1520/197/1283
f 1456/207/1293 1215/208/1294 1219/200/1286 1457/199/1285
f 1392/209/1295 1214/210/1296 1218/202/1288 1393/201/1287
f 1328/211/1297 1213/212/1298 1217/204/1290 1329/203/1289
f 1518/213/1299 1212/214/1300 1216/206/1292 1519/205/1291
f 1455/215/1301 1211/216/1302 1215/208/1294 1456/207/1293
f 1391/217/1303 1210/218/1304 1214/210/1296 1392/209/1295
f 1327/219/1305 1209/220/1306 1213/212/1298 1328/211/1297
f 1517/221/1307 1208/222/1308 1212/214/1300 1518/213/1299
f 1454/223/1309 1207/224/1310 1211/216/1302 1455/215/1301
f 1390/225/1311 1206/226/1312 1210/218/1304 1391/217/1303
f 1326/227/1313 1205/228/1314 1209/220/1306 1327/219/1305
f 1516/229/1315 1204/230/1316 1208/222/1308 1517/221/1307
f 1453/231/1317 1203/232/1318 1207/224/1310 1454/223/1309
f 1389/233/1319 1202/234/1320 1206/226/1312 1390/225/1311
f 1325/235/1321 1201/236/1322 1205/228/1314 1326/227/1313
f 1515/237/1323 1200/238/1324 1204/230/1316 1516/229/1315
f 1452/239/1325 1199/240/1326 1203/232/1318 1453/231/1317
f 1388/241/1327 1198/242/1328 1202/234/1320 1389/233/1319
f 1324/243/1329 1197/244/1330 1201/236/1322 1325/235/1321
f 1514/245/1331 1196/246/1332 1200/238/1324 1515/237/1323
f 1451/247/1333 1195/248/1334 1199/240/1326 1452/239/1325
f 1387/249/1335 1194/250/1336 1198/242/1328 1388/241/1327
f 1323/251/1337 1193/252/1338 1197/244/1330 1324/243/1329
f 1513/253/1339 1192/254/1340 1196/255/1332 1514/256/1331
f 1450/257/1341 1191/258/1342 1195/259/1334 1451/260/1333
f 1386/261/1343 1190/262/1344 1194/263/1336 1387/264/1335
f 1322/265/1345 1189/266/1346 1193/267/1338 1323/268/1337
f 1512/269/1347 1188/270/1348 1192/254/1340 1513/253/1339
f 1449/271/1349 1187/272/1350 1191/258/1342 1450/257/1341
f 1385/273/1351 1186/274/1352 1190/262/1344 1386/261/1343
f 1321/275/1353 1185/276/1354 1189/266/1346 1322/265/1345
f 1511/277/1355 1184/278/1356 1188/270/1348 1512/269/1347
f 1448/279/1357 1183/280/1358 1187/272/1350 1449/271/1349
f 1384/281/1359 1182/282/1360 1186/274/1352 1385/273/1351
f 1320/283/1361 1181/284/1362 1185/276/1354 1321/275/1353
f 1510/285/1363 1180/286/1364 1184/278/1356 1511/277/1355
f 1447/287/1365 1179/288/1366 1183/280/1358 1448/279/1357
f 1383/289/1367 1178/290/1368 1182/282/1360 1384/281/1359
f 1319/291/1369 1177/292/1370 1181/284/1362 1320/283/1361
f 1509/293/1371 1176/294/1372 1180/286/1364 1510/285/1363
f 1446/295/1373 1175/296/1374 1179/288/1366 1447/287/1365
f 1382/297/1375 1174/298/1376 1178/290/1368 1383/289/1367
f 1318/299/1377 1173/300/1378 1177/292/1370 1319/291/1369
f 1508/301/1379 1172/302/1380 1176/294/1372 1509/293/1371
f 1445/303/1381 1171/304/1382 1175/296/1374 1446/295/1373
f 1381/305/1383 1170/306/1384 1174/298/1376 1382/297/1375
f 1317/307/1385 1169/308/1386 1173/300/1378 1318/299/1377
f 1507/309/1387 1168/310/1388 1172/302/1380 1508/301/1379
f 1444/311/1389 1167/312/1390 1171/304/1382 1445/303/1381
f 1380/313/1391 1166/314/1392 1170/306/1384 1381/305/1383
f 1316/315/1393 1165/316/1394 1169/308/1386 1317/307/1385
f 1506/317/1395 1164/318/1396 1168/310/1388 1507/309/1387
f 1443/319/1397 1163/320/1398 1167/312/1390 1444/311/1389
f 1379/321/1399 1162/322/1400 1166/314/1392 1380/313/1391
f 1315/323/1401 1161/324/1402 1165/316/1394 1316/315/1393
f 1505/325/1403 1160/326/1404 1164/318/1396 1506/317/1395
f 1442/327/1405 1159/328/1406 1163/320/1398 1443/319/1397
f 1378/329/1407 1158/330/1408 1162/322/1400 1379/321/1399
f 1314/331/1409 1157/332/1410 1161/324/1402 1315/323/1401
f 1536/72/1158 1153/71/1157 1160/326/1404 1505/325/1403
f 1441/76/1162 1154/75/1161 1159/328/1406 1442/327/1405
f 1377/80/1166 1155/79/1165 1158/330/1408 1378/329/1407
f 1313/84/1170 1156/83/1169 1157/332/1410 1314/331/1409
f 1277/82/1168 1312/68/1154 1281/1/1089 1156/83/1169
f 1273/92/1178 1311/64/1150 1312/68/1154 1277/82/1168
f 1269/100/1186 1310/62/1148 1311/64/1150 1273/92/1178
f 1265/108/1194 1309/60/1146 1310/62/1148 1269/100/1186
f 1261/116/1202 1308/58/1144 1309/60/1146 1265/108/1194
f 1257/124/1210 1307/56/1142 1308/58/1144 1261/116/1202
f 1253/132/1218 1306/54/1140 1307/56/1142 1257/124/1210
f 1249/140/1226 1305/52/1138 1306/54/1140 1253/132/1218
f 1245/148/1234 1304/50/1136 1305/52/1138 1249/140/1226
f 1241/156/1242 1303/48/1134 1304/50/1136 1245/148/1234
f 1237/164/1250 1302/46/1132 1303/48/1134 1241/156/1242
f 1233/172/1258 1301/44/1130 1302/46/1132 1237/164/1250
f 1229/180/1266 1300/42/1128 1301/44/1130 1233/172/1258
f 1225/188/1274 1299/40/1126 1300/42/1128 1229/180/1266
f 1221/196/1282 1298/38/1124 1299/40/1126 1225/188/1274
f 1217/204/1290 1297/36/1122 1298/38/1124 1221/196/1282
f 1213/212/1298 1296/34/1120 1297/36/1122 1217/204/1290
f 1209/220/1306 1295/32/1118 1296/34/1120 1213/212/1298
f 1205/228/1314 1294/30/1116 1295/32/1118 1209/220/1306
f 1201/236/1322 1293/28/1114 1294/30/1116 1205/228/1314
f 1197/244/1330 1292/26/1112 1293/28/1114 1201/236/1322
f 1193/252/1338 1291/23/1110 1292/26/1112 1197/244/1330
f 1189/266/1346 1290/20/1108 1291/22/1110 1193/267/1338
f 1185/276/1354 1289/18/1106 1290/20/1108 1189/266/1346
f 1181/284/1362 1288/16/1104 1289/18/1106 1185/276/1354
f 1177/292/1370 1287/14/1102 1288/16/1104 1181/284/1362
f 1173/300/1378 1286/12/1100 1287/14/1102 1177/292/1370
f 1169/308/1386 1285/10/1098 1286/12/1100 1173/300/1378
f 1165/316/1394 1284/8/1096 1285/10/1098 1169/308/1386
f 1161/324/1402 1283/6/1094 1284/8/1096 1165/316/1394
f 1157/332/1410 1282/4/1092 1283/6/1094 1161/324/1402
f 1156/83/1169 1281/1/1089 1282/4/1092 1157/332/1410
f 1376/333/1411 1313/84/1170 1314/331/1409 1345/334/1412
f 1345/334/1412 1314/331/1409 1315/323/1401 1346/335/1413
f 1346/335/1413 1315/323/1401 1316/315/1393 1347/336/1414
f 1347/336/1414 1316/315/1393 1317/307/1385 1348/337/1415
f 1348/337/1415 1317/307/1385 1318/299/1377 1349/338/1416
f 1349/338/1416 1318/299/1377 1319/291/1369 1350/339/1417
f 1350/339/1417 1319/291/1369 1320/283/1361 1351/340/1418
f 1351/340/1418 1320/283/1361 1321/275/1353 1352/341/1419
f 1352/341/1419 1321/275/1353 1322/265/1345 1353/342/1420
f 1353/342/1420 1322/265/1345 1323/268/1337 1354/343/1421
f 1354/344/1421 1323/251/1337 1324/243/1329 1355/345/1422
f 1355/345/1422 1324/243/1329 1325/235/1321 1356/346/1423
f 1356/346/1423 1325/235/1321 1326/227/1313 1357/347/1424
f 1357/347/1424 1326/227/1313 1327/219/1305 1358/348/1425
f 1358/348/1425 1327/219/1305 1328/211/1297 1359/349/1426
f 1359/349/1426 1328/211/1297 1329/203/1289 1360/350/1427
f 1360/350/1427 1329/203/1289 1330/195/1281 1361/351/1428
f 1361/351/1428 1330/195/1281 1331/187/1273 1362/352/1429
f 1362/352/1429 1331/187/1273 1332/179/1265 1363/353/1430
f 1363/353/1430 1332/179/1265 1333/171/1257 1364/354/1431
f 1364/354/1431 1333/171/1257 1334/163/1249 1365/355/1432
f 1365/355/1432 1334/163/1249 1335/155/1241 1366/356/1433
f 1366/356/1433 1335/155/1241 1336/147/1233 1367/357/1434
f 1367/357/1434 1336/147/1233 1337/139/1225 1368/358/1435
f 1368/358/1435 1337/139/1225 1338/131/1217 1369/359/1436
f 1369/359/1436 1338/131/1217 1339/123/1209 1370/360/1437
f 1370/360/1437 1339/123/1209 1340/115/1201 1371/361/1438
f 1371/361/1438 1340/115/1201 1341/107/1193 1372/362/1439
f 1372/362/1439 1341/107/1193 1342/99/1185 1373/363/1440
f 1373/363/1440 1342/99/1185 1343/91/1177 1374/364/1441
f 1374/364/1441 1343/91/1177 1344/81/1167 1375/365/1442
f 1375/365/1442 1344/81/1167 1313/84/1170 1376/333/1411
f 1278/78/1164 1375/365/1442 1376/333/1411 1155/79/1165
f 1274/90/1176 1374/364/1441 1375/365/1442 1278/78/1164
f 1270/98/1184 1373/363/1440 1374/364/1441 1274/90/1176
f 1266/106/1192 1372/362/1439 1373/363/1440 1270/98/1184
f 1262/114/1200 1371/361/1438 1372/362/1439 1266/106/1192
f 1258/122/1208 1370/360/1437 1371/361/1438 1262/114/1200
f 1254/130/1216 1369/359/1436 1370/360/1437 1258/122/1208
f 1250/138/1224 1368/358/1435 1369/359/1436 1254/130/1216
f 1246/146/1232 1367/357/1434 1368/358/1435 1250/138/1224
f 1242/154/1240 1366/356/1433 1367/357/1434 1246/146/1232
f 1238/162/1248 1365/355/1432 1366/356/1433 1242/154/1240
f 1234/170/1256 1364/354/1431 1365/355/1432 1238/162/1248
f 1230/178/1264 1363/353/1430 1364/354/1431 1234/170/1256
f 1226/186/1272 1362/352/1429 1363/353/1430 1230/178/1264
f 1222/194/1280 1361/351/1428 1362/352/1429 1226/186/1272
f 1218/202/1288 1360/350/1427 1361/351/1428 1222/194/1280
f 1214/210/1296 1359/349/1426 1360/350/1427 1218/202/1288
f 1210/218/1304 1358/348/1425 1359/349/1426 1214/210/1296
f 1206/226/1312 1357/347/1424 1358/348/1425 1210/218/1304
f 1202/234/1320 1356/346/1423 1357/347/1424 1206/226/1312
f 1198/242/1328 1355/345/1422 1356/346/1423 1202/234/1320
f 1194/250/1336 1354/344/1421 1355/345/1422 1198/242/1328
f 1190/262/1344 1353/342/1420 1354/343/1421 1194/263/1336
f 1186/274/1352 1352/341/1419 1353/342/1420 1190/262/1344
f 1182/282/1360 1351/340/1418 1352/341/1419 1186/274/1352
f 1178/290/1368 1350/339/1417 1351/340/1418 1182/282/1360
f 1174/298/1376 1349/338/1416 1350/339/1417 1178/290/1368
f 1170/306/1384 1348/337/1415 1349/338/1416 1174/298/1376
f 1166/314/1392 1347/336/1414 1348/337/1415 1170/306/1384
f 1162/322/1400 1346/335/1413 1347/336/1414 1166/314/1392
f 1158/330/1408 1345/334/1412 1346/335/1413 1162/322/1400
f 1155/79/1165 1376/333/1411 1345/334/1412 1158/330/1408
f 1440/366/1443 1377/80/1166 1378/329/1407 1409/367/1444
f 1409/367/1444 1378/329/1407 1379/321/1399 1410/368/1445
f 1410/368/1445 1379/321/1399 1380/313/1391 1411/369/1446
f 1411/369/1446 1380/313/1391 1381/305/1383 1412/370/1447
f 1412/370/1447 1381/305/1383 1382/297/1375 1413/371/1448
f 1413/371/1448 1382/297/1375 1383/289/1367 1414/372/1449
f 1414/372/1449 1383/289/1367 1384/281/1359 1415/373/1450
f 1415/373/1450 1384/281/1359 1385/273/1351 1416/374/1451
f 1416/374/1451 1385/273/1351 1386/261/1343 1417/375/1452
f 1417/375/1452 1386/261/1343 1387/264/1335 1418/376/1453
f 1418/377/1453 1387/249/1335 1388/241/1327 1419/378/1454
f 1419/378/1454 1388/241/1327 1389/233/1319 1420/379/1455
f 1420/379/1455 1389/233/1319 1390/225/1311 1421/380/1456
f 1421/380/1456 1390/225/1311 1391/217/1303 1422/381/1457
f 1422/381/1457 1391/217/1303 1392/209/1295 1423/382/1458
f 1423/382/1458 1392/209/1295 1393/201/1287 1424/383/1459
f 1424/383/1459 1393/201/1287 1394/193/1279 1425/384/1460
f 1425/384/1460 1394/193/1279 1395/185/1271 1426/385/1461
f 1426/385/1461 1395/185/1271 1396/177/1263 1427/386/1462
f 1427/386/1462 1396/177/1263 1397/169/1255 1428/387/1463
f 1428/387/1463 1397/169/1255 1398/161/1247 1429/388/1464
f 1429/388/1464 1398/161/1247 1399/153/1239 1430/389/1465
f 1430/389/1465 1399/153/1239 1400/145/1231 1431/390/1466
f 1431/390/1466 1400/145/1231 1401/137/1223 1432/391/1467
f 1432/391/1467 1401/137/1223 1402/129/1215 1433/392/1468
f 1433/392/1468 1402/129/1215 1403/121/1207 1434/393/1469
f 1434/393/1469 1403/121/1207 1404/113/1199 1435/394/1470
f 1435/394/1470 1404/113/1199 1405/105/1191 1436/395/1471
f 1436/395/1471 1405/105/1191 1406/97/1183 1437/396/1472
f 1437/396/1472 1406/97/1183 1407/89/1175 1438/397/1473
f 1438/397/1473 1407/89/1175 1408/77/1163 1439/398/1474
f 1439/398/1474 1408/77/1163 1377/80/1166 1440/366/1443
f 1279/74/1160 1439/398/1474 1440/366/1443 1154/75/1161
f 1275/88/1174 1438/397/1473 1439/398/1474 1279/74/1160
f 1271/96/1182 1437/396/1472 1438/397/1473 1275/88/1174
f 1267/104/1190 1436/395/1471 1437/396/1472 1271/96/1182
f 1263/112/1198 1435/394/1470 1436/395/1471 1267/104/1190
f 1259/120/1206 1434/393/1469 1435/394/1470 1263/112/1198
f 1255/128/1214 1433/392/1468 1434/393/1469 1259/120/1206
f 1251/136/1222 1432/391/1467 1433/392/1468 1255/128/1214
f 1247/144/1230 1431/390/1466 1432/391/1467 1251/136/1222
f 1243/152/1238 1430/389/1465 1431/390/1466 1247/144/1230
f 1239/160/1246 1429/388/1464 1430/389/1465 1243/152/1238
f 1235/168/1254 1428/387/1463 1429/388/1464 1239/160/1246
f 1231/176/1262 1427/386/1462 1428/387/1463 1235/168/1254
f 1227/184/1270 1426/385/1461 1427/386/1462 1231/176/1262
f 1223/192/1278 1425/384/1460 1426/385/1461 1227/184/1270
f 1219/200/1286 1424/383/1459 1425/384/1460 1223/192/1278
f 1215/208/1294 1423/382/1458 1424/383/1459 1219/200/1286
f 1211/216/1302 1422/381/1457 1423/382/1458 1215/208/1294
f 1207/224/1310 1421/380/1456 1422/381/1457 1211/216/1302
f 1203/232/1318 1420/379/1455 1421/380/1456 1207/224/1310
f 1199/240/1326 1419/378/1454 1420/379/1455 1203/232/1318
f 1195/248/1334 1418/377/1453 1419/378/1454 1199/240/1326
f 1191/258/1342 1417/375/1452 1418/376/1453 1195/259/1334
f 1187/272/1350 1416/374/1451 1417/375/1452 1191/258/1342
f 1183/280/1358 1415/373/1450 1416/374/1451 1187/272/1350
f 1179/288/1366 1414/372/1449 1415/373/1450 1183/280/1358
f 1175/296/1374 1413/371/1448 1414/372/1449 1179/288/1366
f 1171/304/1382 1412/370/1447 1413/371/1448 1175/296/1374
f 1167/312/1390 1411/369/1446 1412/370/1447 1171/304/1382
f 1163/320/1398 1410/368/1445 1411/369/1446 1167/312/1390
f 1159/328/1406 1409/367/1444 1410/368/1445 1163/320/1398
f 1154/75/1161 1440/366/1443 1409/367/1444 1159/328/1406
f 1504/399/1475 1441/76/1162 1442/327/1405 1473/400/1476
f 1473/400/1476 1442/327/1405 1443/319/1397 1474/401/1477
f 1474/401/1477 1443/319/1397 1444/311/1389 1475/402/1478
f 1475/402/1478 1444/311/1389 1445/303/1381 1476/403/1479
f 1476/403/1479 1445/303/1381 1446/295/1373 1477/404/1480
f 1477/404/1480 1446/295/1373 1447/287/1365 1478/405/1481
f 1478/405/1481 1447/287/1365 1448/279/1357 1479/406/1482
f 1479/406/1482 1448/279/1357 1449/271/1349 1480/407/1483
f 1480/407/1483 1449/271/1349 1450/257/1341 1481/408/1484
f 1481/408/1484 1450/257/1341 1451/260/1333 1482/409/1485
f 1482/410/1485 1451/247/1333 1452/239/1325 1483/411/1486
f 1483/411/1486 1452/239/1325 1453/231/1317 1484/412/1487
f 1484/412/1487 1453/231/1317 1454/223/1309 1485/413/1488
f 1485/413/1488 1454/223/1309 1455/215/1301 1486/414/1489
f 1486/414/1489 1455/215/1301 1456/207/1293 1487/415/1490
f 1487/415/1490 1456/207/1293 1457/199/1285 1488/416/1491
f 1488/416/1491 1457/199/1285 1458/191/1277 1489/417/1492
f 1489/417/1492 1458/191/1277 1459/183/1269 1490/418/1493
f 1490/418/1493 1459/183/1269 1460/175/1261 1491/419/1494
f 1491/419/1494 1460/175/1261 1461/167/1253 1492/420/1495
f 1492/420/1495 1461/167/1253 1462/159/1245 1493/421/1496
f 1493/421/1496 1462/159/1245 1463/151/1237 1494/422/1497
f 1494/422/1497 1463/151/1237 1464/143/1229 1495/423/1498
f 1495/423/1498 1464/143/1229 1465/135/1221 1496/424/1499
f 1496/424/1499 1465/135/1221 1466/127/1213 1497/425/1500
f 1497/425/1500 1466/127/1213 1467/119/1205 1498/426/1501
f 1498/426/1501 1467/119/1205 1468/111/1197 1499/427/1502
f 1499/427/1502 1468/111/1197 1469/103/1189 1500/428/1503
f 1500/428/1503 1469/103/1189 1470/95/1181 1501/429/1504
f 1501/429/1504 1470/95/1181 1471/87/1173 1502/430/1505
f 1502/430/1505 1471/87/1173 1472/73/1159 1503/431/1506
f 1503/431/1506 1472/73/1159 1441/76/1162 1504/399/1475
f 1280/70/1156 1503/431/1506 1504/399/1475 1153/71/1157
f 1276/86/1172 1502/430/1505 1503/431/1506 1280/70/1156
f 1272/94/1180 1501/429/1504 1502/430/1505 1276/86/1172
f 1268/102/1188 1500/428/1503 1501/429/1504 1272/94/1180
f 1264/110/1196 1499/427/1502 1500/428/1503 1268/102/1188
f 1260/118/1204 1498/426/1501 1499/427/1502 1264/110/1196
f 1256/126/1212 1497/425/1500 1498/426/1501 1260/118/1204
f 1252/134/1220 1496/424/1499 1497/425/1500 1256/126/1212
f 1248/142/1228 1495/423/1498 1496/424/1499 1252/134/1220
f 1244/150/1236 1494/422/1497 1495/423/1498 1248/142/1228
f 1240/158/1244 1493/421/1496 1494/422/1497 1244/150/1236
f 1236/166/1252 1492/420/1495 1493/421/1496 1240/158/1244
f 1232/174/1260 1491/419/1494 1492/420/1495 1236/166/1252
f 1228/182/1268 1490/418/1493 1491/419/1494 1232/174/1260
f 1224/190/1276 1489/417/1492 1490/418/1493 1228/182/1268
f 1220/198/1284 1488/416/1491 1489/417/1492 1224/190/1276
f 1216/206/1292 1487/415/1490 1488/416/1491 1220/198/1284
f 1212/214/1300 1486/414/1489 1487/415/1490 1216/206/1292
f 1208/222/1308 1485/413/1488 1486/414/1489 1212/214/1300
f 1204/230/1316 1484/412/1487 1485/413/1488 1208/222/1308
f 1200/238/1324 1483/411/1486 1484/412/1487 1204/230/1316
f 1196/246/1332 1482/410/1485 1483/411/1486 1200/238/1324
f 1192/254/1340 1481/408/1484 1482/409/1485 1196/255/1332
f 1188/270/1348 1480/407/1483 1481/408/1484 1192/254/1340
f 1184/278/1356 1479/406/1482 1480/407/1483 1188/270/1348
f 1180/286/1364 1478/405/1481 1479/406/1482 1184/278/1356
f 1176/294/1372 1477/404/1480 1478/405/1481 1180/286/1364
f 1172/302/1380 1476/403/1479 1477/404/1480 1176/294/1372
f 1168/310/1388 1475/402/1478 1476/403/1479 1172/302/1380
f 1164/318/1396 1474/401/1477 1475/402/1478 1168/310/1388
f 1160/326/1404 1473/400/1476 1474/401/1477 1164/318/1396
f 1153/71/1157 1504/399/1475 1473/400/1476 1160/326/1404
f 1089/432/1507 1536/72/1158 1505/325/1403 1091/433/1508
f 1091/433/1508 1505/325/1403 1506/317/1395 1093/434/1509
f 1093/434/1509 1506/317/1395 1507/309/1387 1095/435/1510
f 1095/435/1510 1507/309/1387 1508/301/1379 1097/436/1511
f 1097/436/1511 1508/301/1379 1509/293/1371 1099/437/1512
f 1099/437/1512 1509/293/1371 1510/285/1363 1101/438/1513
f 1101/438/1513 1510/285/1363 1511/277/1355 1103/439/1514
f 1103/439/1514 1511/277/1355 1512/269/1347 1105/440/1515
f 1105/440/1515 1512/269/1347 1513/253/1339 1107/441/1516
f 1107/441/1516 1513/253/1339 1514/256/1331 1109/442/1517
f 1109/443/1517 1514/245/1331 1515/237/1323 1111/444/1518
f 1111/444/1518 1515/237/1323 1516/229/1315 1113/445/1519
f 1113/445/1519 1516/229/1315 1517/221/1307 1115/446/1520
f 1115/446/1520 1517/221/1307 1518/213/1299 1117/447/1521
f 1117/447/1521 1518/213/1299 1519/205/1291 1119/448/1522
f 1119/448/1522 1519/205/1291 1520/197/1283 1121/449/1523
f 1121/449/1523 1520/197/1283 1521/189/1275 1123/450/1524
f 1123/450/1524 1521/189/1275 1522/181/1267 1125/451/1525
f 1125/451/1525 1522/181/1267 1523/173/1259 1127/452/1526
f 1127/452/1526 1523/173/1259 1524/165/1251 1129/453/1527
f 1129/453/1527 1524/165/1251 1525/157/1243 1131/454/1528
f 1131/454/1528 1525/157/1243 1526/149/1235 1133/455/1529
f 1133/455/1529 1526/149/1235 1527/141/1227 1135/456/1530
f 1135/456/1530 1527/141/1227 1528/133/1219 1137/457/1531
f 1137/457/1531 1528/133/1219 1529/125/1211 1139/458/1532
f 1139/458/1532 1529/125/1211 1530/117/1203 1141/459/1533
f 1141/459/1533 1530/117/1203 1531/109/1195 1143/460/1534
f 1143/460/1534 1531/109/1195 1532/101/1187 1145/461/1535
f 1145/461/1535 1532/101/1187 1533/93/1179 1147/462/1536
f 1147/462/1536 1533/93/1179 1534/85/1171 1149/463/1537
f 1149/463/1537 1534/85/1171 1535/69/1155 1151/464/1538
f 1151/464/1538 1535/69/1155 1536/72/1158 1089/432/1507
f 1558/465/1539 1557/466/1540 1589/467/1541 1590/468/1542
f 1100/11/1099 1098/9/1097 1541/469/1543 1542/470/1544
f 1118/31/1117 1116/29/1115 1550/471/1545 1551/472/1546
f 1136/49/1135 1134/47/1133 1559/473/1547 1560/474/1548
f 1092/3/1091 1090/2/1090 1537/475/1549 1538/476/1550
f 1090/2/1090 1152/67/1153 1568/477/1551 1537/475/1549
f 1110/21/1109 1108/19/1107 1546/478/1552 1547/479/1553
f 1128/41/1127 1126/39/1125 1555/480/1554 1556/481/1555
f 1146/59/1145 1144/57/1143 1564/66/1152 1565/482/1556
f 1102/13/1101 1100/11/1099 1542/470/1544 1543/483/1557
f 1120/33/1119 1118/31/1117 1551/472/1546 1552/484/1558
f 1138/51/1137 1136/49/1135 1560/474/1548 1561/485/1559
f 1094/5/1093 1092/3/1091 1538/476/1550 1539/486/1560
f 1112/25/1111 1110/24/1109 1547/487/1553 1548/488/1561
f 1130/43/1129 1128/41/1127 1556/481/1555 1557/466/1540
f 1148/61/1147 1146/59/1145 1565/482/1556 1566/489/1562
f 1104/15/1103 1102/13/1101 1543/483/1557 1544/490/1563
f 1122/35/1121 1120/33/1119 1552/484/1558 1553/491/1564
f 1140/53/1139 1138/51/1137 1561/485/1559 1562/492/1565
f 1096/7/1095 1094/5/1093 1539/486/1560 1540/493/1566
f 1114/27/1113 1112/25/1111 1548/488/1561 1549/494/1567
f 1132/45/1131 1130/43/1129 1557/466/1540 1558/465/1539
f 1150/63/1149 1148/61/1147 1566/489/1562 1567/495/1568
f 1106/17/1105 1104/15/1103 1544/490/1563 1545/496/1569
f 1124/37/1123 1122/35/1121 1553/491/1564 1554/497/1570
f 1142/55/1141 1140/53/1139 1562/492/1565 1563/65/1151
f 1098/9/1097 1096/7/1095 1540/493/1566 1541/469/1543
f 1116/29/1115 1114/27/1113 1549/494/1567 1550/471/1545
f 1134/47/1133 1132/45/1131 1558/465/1539 1559/473/1547
f 1152/67/1153 1150/63/1149 1567/495/1568 1568/477/1551
f 1108/19/1107 1106/17/1105 1545/496/1569 1546/478/1552
f 1126/39/1125 1124/37/1123 1554/497/1570 1555/480/1554
f 1593/498/1571 1592/499/1572 1624/500/1573 1625/501/1574
f 1545/496/1569 1544/490/1563 1576/502/1575 1577/503/1576
f 1559/473/1547 1558/465/1539 1590/468/1542 1591/504/1577
f 1546/478/1552 1545/496/1569 1577/503/1576 1578/505/1578
f 1560/474/1548 1559/473/1547 1591/504/1577 1592/499/1572
f 1547/479/1553 1546/478/1552 1578/505/1578 1579/506/1579
f 1561/485/1559 1560/474/1548 1592/499/1572 1593/498/1571
f 1548/488/1561 1547/487/1553 1579/507/1579 1580/508/1580
f 1562/492/1565 1561/485/1559 1593/498/1571 1594/509/1581
f 1549/494/1567 1548/488/1561 1580/508/1580 1581/510/1582
f 1563/65/1151 1562/492/1565 1594/509/1581 1595/511/1583
f 1550/471/1545 1549/494/1567 1581/510/1582 1582/512/1584
f 1564/66/1152 1563/65/1151 1595/511/1583 1596/513/1585
f 1551/472/1546 1550/471/1545 1582/512/1584 1583/514/1586
f 1538/476/1550 1537/475/1549 1569/515/1587 1570/516/1588
f 1565/482/1556 1564/66/1152 1596/513/1585 1597/517/1589
f 1552/484/1558 1551/472/1546 1583/514/1586 1584/518/1590
f 1539/486/1560 1538/476/1550 1570/516/1588 1571/519/1591
f 1566/489/1562 1565/482/1556 1597/517/1589 1598/520/1592
f 1553/491/1564 1552/484/1558 1584/518/1590 1585/521/1593
f 1540/493/1566 1539/486/1560 1571/519/1591 1572/522/1594
f 1567/495/1568 1566/489/1562 1598/520/1592 1599/523/1595
f 1554/497/1570 1553/491/1564 1585/521/1593 1586/524/1596
f 1541/469/1543 1540/493/1566 1572/522/1594 1573/525/1597
f 1568/477/1551 1567/495/1568 1599/523/1595 1600/526/1598
f 1555/480/1554 1554/497/1570 1586/524/1596 1587/527/1599
f 1542/470/1544 1541/469/1543 1573/525/1597 1574/528/1600
f 1537/475/1549 1568/477/1551 1600/526/1598 1569/515/1587
f 1556/481/1555 1555/480/1554 1587/527/1599 1588/529/1601
f 1543/483/1557 1542/470/1544 1574/528/1600 1575/530/1602
f 1557/466/1540 1556/481/1555 1588/529/1601 1589/467/1541
f 1544/490/1563 1543/483/1557 1575/530/1602 1576/502/1575
f 1602/531/1603 1601/532/1604 1632/533/1605 1631/534/1606 1630/535/1607 1629/536/1608 1628/537/1609 1627/538/1610 1626/539/1611 1625/540/1574 1624/541/1573 1623/542/1612 1622/543/1613 1621/544/1614 1620/545/1615 1619/546/1616 1618/547/1617 1617/548/1618 1616/549/1619 1615/550/1620 1614/551/1621 1613/552/1622 1612/553/1623 1611/554/1624 1610/555/1625 1609/556/1626 1608/557/1627 1607/558/1628 1606/559/1629 1605/560/1630 1604/561/1631 1603/562/1632
f 1580/508/1580 1579/507/1579 1611/563/1624 1612/564/1623
f 1594/509/1581 1593/498/1571 1625/501/1574 1626/565/1611
f 1581/510/1582 1580/508/1580 1612/564/1623 1613/566/1622
f 1595/511/1583 1594/509/1581 1626/565/1611 1627/567/1610
f 1582/512/1584 1581/510/1582 1613/566/1622 1614/568/1621
f 1596/513/1585 1595/511/1583 1627/567/1610 1628/569/1609
f 1583/514/1586 1582/512/1584 1614/568/1621 1615/570/1620
f 1570/516/1588 1569/515/1587 1601/571/1604 1602/572/1603
f 1597/517/1589 1596/513/1585 1628/569/1609 1629/573/1608
f 1584/518/1590 1583/514/1586 1615/570/1620 1616/574/1619
f 1571/519/1591 1570/516/1588 1602/572/1603 1603/575/1632
f 1598/520/1592 1597/517/1589 1629/573/1608 1630/576/1607
f 1585/521/1593 1584/518/1590 1616/574/1619 1617/577/1618
f 1572/522/1594 1571/519/1591 1603/575/1632 1604/578/1631
f 1599/523/1595 1598/520/1592 1630/576/1607 1631/579/1606
f 1586/524/1596 1585/521/1593 1617/577/1618 1618/580/1617
f 1573/525/1597 1572/522/1594 1604/578/1631 1605/581/1630
f 1600/526/1598 1599/523/1595 1631/579/1606 1632/582/1605
f 1587/527/1599 1586/524/1596 1618/580/1617 1619/583/1616
f 1574/528/1600 1573/525/1597 1605/581/1630 1606/584/1629
f 1569/515/1587 1600/526/1598 1632/582/1605 1601/571/1604
f 1588/529/1601 1587/527/1599 1619/583/1616 1620/585/1615
f 1575/530/1602 1574/528/1600 1606/584/1629 1607/586/1628
f 1589/467/1541 1588/529/1601 1620/585/1615 1621/587/1614
f 1576/502/1575 1575/530/1602 1607/586/1628 1608/588/1627
f 1590/468/1542 1589/467/1541 1621/587/1614 1622/589/1613
f 1577/503/1576 1576/502/1575 1608/588/1627 1609/590/1626
f 1591/504/1577 1590/468/1542 1622/589/1613 1623/591/1612
f 1578/505/1578 1577/503/1576 1609/590/1626 1610/592/1625
f 1592/499/1572 1591/504/1577 1623/591/1612 1624/500/1573
f 1579/506/1579 1578/505/1578 1610/592/1625 1611/593/1624
usemtl Material.004
f 1825/1/1633 1634/2/1634 1636/3/1635 1826/4/1636
f 1826/4/1636 1636/3/1635 1638/5/1637 1827/6/1638
f 1827/6/1638 1638/5/1637 1640/7/1639 1828/8/1640
f 1828/8/1640 1640/7/1639 1642/9/1641 1829/10/1642
f 1829/10/1642 1642/9/1641 1644/11/1643 1830/12/1644
f 1830/12/1644 1644/11/1643 1646/13/1645 1831/14/1646
f 1831/14/1646 1646/13/1645 1648/15/1647 1832/16/1648
f 1832/16/1648 1648/15/1647 1650/17/1649 1833/18/1650
f 1833/18/1650 1650/17/1649 1652/19/1651 1834/20/1652
f 1834/20/1652 1652/19/1651 1654/21/1653 1835/22/1654
f 1835/23/1654 1654/24/1653 1656/25/1655 1836/26/1656
f 1836/26/1656 1656/25/1655 1658/27/1657 1837/28/1658
f 1837/28/1658 1658/27/1657 1660/29/1659 1838/30/1660
f 1838/30/1660 1660/29/1659 1662/31/1661 1839/32/1662
f 1839/32/1662 1662/31/1661 1664/33/1663 1840/34/1664
f 1840/34/1664 1664/33/1663 1666/35/1665 1841/36/1666
f 1841/36/1666 1666/35/1665 1668/37/1667 1842/38/1668
f 1842/38/1668 1668/37/1667 1670/39/1669 1843/40/1670
f 1843/40/1670 1670/39/1669 1672/41/1671 1844/42/1672
f 1844/42/1672 1672/41/1671 1674/43/1673 1845/44/1674
f 1845/44/1674 1674/43/1673 1676/45/1675 1846/46/1676
f 1846/46/1676 1676/45/1675 1678/47/1677 1847/48/1678
f 1847/48/1678 1678/47/1677 1680/49/1679 1848/50/1680
f 1848/50/1680 1680/49/1679 1682/51/1681 1849/52/1682
f 1849/52/1682 1682/51/1681 1684/53/1683 1850/54/1684
f 1850/54/1684 1684/53/1683 1686/55/1685 1851/56/1686
f 1851/56/1686 1686/55/1685 1688/57/1687 1852/58/1688
f 1852/58/1688 1688/57/1687 1690/59/1689 1853/60/1690
f 1853/60/1690 1690/59/1689 1692/61/1691 1854/62/1692
f 1854/62/1692 1692/61/1691 1694/63/1693 1855/64/1694
f 1688/57/1687 1686/55/1685 2107/65/1695 2108/66/1696
f 1855/64/1694 1694/63/1693 1696/67/1697 1856/68/1698
f 1856/68/1698 1696/67/1697 1634/2/1634 1825/1/1633
f 2079/69/1699 1824/70/1700 1697/71/1701 2080/72/1702
f 2016/73/1703 1823/74/1704 1698/75/1705 1985/76/1706
f 1952/77/1707 1822/78/1708 1699/79/1709 1921/80/1710
f 1888/81/1711 1821/82/1712 1700/83/1713 1857/84/1714
f 2078/85/1715 1820/86/1716 1824/70/1700 2079/69/1699
f 2015/87/1717 1819/88/1718 1823/74/1704 2016/73/1703
f 1951/89/1719 1818/90/1720 1822/78/1708 1952/77/1707
f 1887/91/1721 1817/92/1722 1821/82/1712 1888/81/1711
f 2077/93/1723 1816/94/1724 1820/86/1716 2078/85/1715
f 2014/95/1725 1815/96/1726 1819/88/1718 2015/87/1717
f 1950/97/1727 1814/98/1728 1818/90/1720 1951/89/1719
f 1886/99/1729 1813/100/1730 1817/92/1722 1887/91/1721
f 2076/101/1731 1812/102/1732 1816/94/1724 2077/93/1723
f 2013/103/1733 1811/104/1734 1815/96/1726 2014/95/1725
f 1949/105/1735 1810/106/1736 1814/98/1728 1950/97/1727
f 1885/107/1737 1809/108/1738 1813/100/1730 1886/99/1729
f 2075/109/1739 1808/110/1740 1812/102/1732 2076/101/1731
f 2012/111/1741 1807/112/1742 1811/104/1734 2013/103/1733
f 1948/113/1743 1806/114/1744 1810/106/1736 1949/105/1735
f 1884/115/1745 1805/116/1746 1809/108/1738 1885/107/1737
f 2074/117/1747 1804/118/1748 1808/110/1740 2075/109/1739
f 2011/119/1749 1803/120/1750 1807/112/1742 2012/111/1741
f 1947/121/1751 1802/122/1752 1806/114/1744 1948/113/1743
f 1883/123/1753 1801/124/1754 1805/116/1746 1884/115/1745
f 2073/125/1755 1800/126/1756 1804/118/1748 2074/117/1747
f 2010/127/1757 1799/128/1758 1803/120/1750 2011/119/1749
f 1946/129/1759 1798/130/1760 1802/122/1752 1947/121/1751
f 1882/131/1761 1797/132/1762 1801/124/1754 1883/123/1753
f 2072/133/1763 1796/134/1764 1800/126/1756 2073/125/1755
f 2009/135/1765 1795/136/1766 1799/128/1758 2010/127/1757
f 1945/137/1767 1794/138/1768 1798/130/1760 1946/129/1759
f 1881/139/1769 1793/140/1770 1797/132/1762 1882/131/1761
f 2071/141/1771 1792/142/1772 1796/134/1764 2072/133/1763
f 2008/143/1773 1791/144/1774 1795/136/1766 2009/135/1765
f 1944/145/1775 1790/146/1776 1794/138/1768 1945/137/1767
f 1880/147/1777 1789/148/1778 1793/140/1770 1881/139/1769
f 2070/149/1779 1788/150/1780 1792/142/1772 2071/141/1771
f 2007/151/1781 1787/152/1782 1791/144/1774 2008/143/1773
f 1943/153/1783 1786/154/1784 1790/146/1776 1944/145/1775
f 1879/155/1785 1785/156/1786 1789/148/1778 1880/147/1777
f 2069/157/1787 1784/158/1788 1788/150/1780 2070/149/1779
f 2006/159/1789 1783/160/1790 1787/152/1782 2007/151/1781
f 1942/161/1791 1782/162/1792 1786/154/1784 1943/153/1783
f 1878/163/1793 1781/164/1794 1785/156/1786 1879/155/1785
f 2068/165/1795 1780/166/1796 1784/158/1788 2069/157/1787
f 2005/167/1797 1779/168/1798 1783/160/1790 2006/159/1789
f 1941/169/1799 1778/170/1800 1782/162/1792 1942/161/1791
f 1877/171/1801 1777/172/1802 1781/164/1794 1878/163/1793
f 2067/173/1803 1776/174/1804 1780/166/1796 2068/165/1795
f 2004/175/1805 1775/176/1806 1779/168/1798 2005/167/1797
f 1940/177/1807 1774/178/1808 1778/170/1800 1941/169/1799
f 1876/179/1809 1773/180/1810 1777/172/1802 1877/171/1801
f 2066/181/1811 1772/182/1812 1776/174/1804 2067/173/1803
f 2003/183/1813 1771/184/1814 1775/176/1806 2004/175/1805
f 1939/185/1815 1770/186/1816 1774/178/1808 1940/177/1807
f 1875/187/1817 1769/188/1818 1773/180/1810 1876/179/1809
f 2065/189/1819 1768/190/1820 1772/182/1812 2066/181/1811
f 2002/191/1821 1767/192/1822 1771/184/1814 2003/183/1813
f 1938/193/1823 1766/194/1824 1770/186/1816 1939/185/1815
f 1874/195/1825 1765/196/1826 1769/188/1818 1875/187/1817
f 2064/197/1827 1764/198/1828 1768/190/1820 2065/189/1819
f 2001/199/1829 1763/200/1830 1767/192/1822 2002/191/1821
f 1937/201/1831 1762/202/1832 1766/194/1824 1938/193/1823
f 1873/203/1833 1761/204/1834 1765/196/1826 1874/195/1825
f 2063/205/1835 1760/206/1836 1764/198/1828 2064/197/1827
f 2000/207/1837 1759/208/1838 1763/200/1830 2001/199/1829
f 1936/209/1839 1758/210/1840 1762/202/1832 1937/201/1831
f 1872/211/1841 1757/212/1842 1761/204/1834 1873/203/1833
f 2062/213/1843 1756/214/1844 1760/206/1836 2063/205/1835
f 1999/215/1845 1755/216/1846 1759/208/1838 2000/207/1837
f 1935/217/1847 1754/218/1848 1758/210/1840 1936/209/1839
f 1871/219/1849 1753/220/1850 1757/212/1842 1872/211/1841
f 2061/221/1851 1752/222/1852 1756/214/1844 2062/213/1843
f 1998/223/1853 1751/224/1854 1755/216/1846 1999/215/1845
f 1934/225/1855 1750/226/1856 1754/218/1848 1935/217/1847
f 1870/227/1857 1749/228/1858 1753/220/1850 1871/219/1849
f 2060/229/1859 1748/230/1860 1752/222/1852 2061/221/1851
f 1997/231/1861 1747/232/1862 1751/224/1854 1998/223/1853
f 1933/233/1863 1746/234/1864 1750/226/1856 1934/225/1855
f 1869/235/1865 1745/236/1866 1749/228/1858 1870/227/1857
f 2059/237/1867 1744/238/1868 1748/230/1860 2060/229/1859
f 1996/239/1869 1743/240/1870 1747/232/1862 1997/231/1861
f 1932/241/1871 1742/242/1872 1746/234/1864 1933/233/1863
f 1868/243/1873 1741/244/1874 1745/236/1866 1869/235/1865
f 2058/245/1875 1740/246/1876 1744/238/1868 2059/237/1867
f 1995/247/1877 1739/248/1878 1743/240/1870 1996/239/1869
f 1931/249/1879 1738/250/1880 1742/242/1872 1932/241/1871
f 1867/251/1881 1737/252/1882 1741/244/1874 1868/243/1873
f 2057/253/1883 1736/254/1884 1740/255/1876 2058/256/1875
f 1994/257/1885 1735/258/1886 1739/259/1878 1995/260/1877
f 1930/261/1887 1734/262/1888 1738/263/1880 1931/264/1879
f 1866/265/1889 1733/266/1890 1737/267/1882 1867/268/1881
f 2056/269/1891 1732/270/1892 1736/254/1884 2057/253/1883
f 1993/271/1893 1731/272/1894 1735/258/1886 1994/257/1885
f 1929/273/1895 1730/274/1896 1734/262/1888 1930/261/1887
f 1865/275/1897 1729/276/1898 1733/266/1890 1866/265/1889
f 2055/277/1899 1728/278/1900 1732/270/1892 2056/269/1891
f 1992/279/1901 1727/280/1902 1731/272/1894 1993/271/1893
f 1928/281/1903 1726/282/1904 1730/274/1896 1929/273/1895
f 1864/283/1905 1725/284/1906 1729/276/1898 1865/275/1897
f 2054/285/1907 1724/286/1908 1728/278/1900 2055/277/1899
f 1991/287/1909 1723/288/1910 1727/280/1902 1992/279/1901
f 1927/289/1911 1722/290/1912 1726/282/1904 1928/281/1903
f 1863/291/1913 1721/292/1914 1725/284/1906 1864/283/1905
f 2053/293/1915 1720/294/1916 1724/286/1908 2054/285/1907
f 1990/295/1917 1719/296/1918 1723/288/1910 1991/287/1909
f 1926/297/1919 1718/298/1920 1722/290/1912 1927/289/1911
f 1862/299/1921 1717/300/1922 1721/292/1914 1863/291/1913
f 2052/301/1923 1716/302/1924 1720/294/1916 2053/293/1915
f 1989/303/1925 1715/304/1926 1719/296/1918 1990/295/1917
f 1925/305/1927 1714/306/1928 1718/298/1920 1926/297/1919
f 1861/307/1929 1713/308/1930 1717/300/1922 1862/299/1921
f 2051/309/1931 1712/310/1932 1716/302/1924 2052/301/1923
f 1988/311/1933 1711/312/1934 1715/304/1926 1989/303/1925
f 1924/313/1935 1710/314/1936 1714/306/1928 1925/305/1927
f 1860/315/1937 1709/316/1938 1713/308/1930 1861/307/1929
f 2050/317/1939 1708/318/1940 1712/310/1932 2051/309/1931
f 1987/319/1941 1707/320/1942 1711/312/1934 1988/311/1933
f 1923/321/1943 1706/322/1944 1710/314/1936 1924/313/1935
f 1859/323/1945 1705/324/1946 1709/316/1938 1860/315/1937
f 2049/325/1947 1704/326/1948 1708/318/1940 2050/317/1939
f 1986/327/1949 1703/328/1950 1707/320/1942 1987/319/1941
f 1922/329/1951 1702/330/1952 1706/322/1944 1923/321/1943
f 1858/331/1953 1701/332/1954 1705/324/1946 1859/323/1945
f 2080/72/1702 1697/71/1701 1704/326/1948 2049/325/1947
f 1985/76/1706 1698/75/1705 1703/328/1950 1986/327/1949
f 1921/80/1710 1699/79/1709 1702/330/1952 1922/329/1951
f 1857/84/1714 1700/83/1713 1701/332/1954 1858/331/1953
f 1821/82/1712 1856/68/1698 1825/1/1633 1700/83/1713
f 1817/92/1722 1855/64/1694 1856/68/1698 1821/82/1712
f 1813/100/1730 1854/62/1692 1855/64/1694 1817/92/1722
f 1809/108/1738 1853/60/1690 1854/62/1692 1813/100/1730
f 1805/116/1746 1852/58/1688 1853/60/1690 1809/108/1738
f 1801/124/1754 1851/56/1686 1852/58/1688 1805/116/1746
f 1797/132/1762 1850/54/1684 1851/56/1686 1801/124/1754
f 1793/140/1770 1849/52/1682 1850/54/1684 1797/132/1762
f 1789/148/1778 1848/50/1680 1849/52/1682 1793/140/1770
f 1785/156/1786 1847/48/1678 1848/50/1680 1789/148/1778
f 1781/164/1794 1846/46/1676 1847/48/1678 1785/156/1786
f 1777/172/1802 1845/44/1674 1846/46/1676 1781/164/1794
f 1773/180/1810 1844/42/1672 1845/44/1674 1777/172/1802
f 1769/188/1818 1843/40/1670 1844/42/1672 1773/180/1810
f 1765/196/1826 1842/38/1668 1843/40/1670 1769/188/1818
f 1761/204/1834 1841/36/1666 1842/38/1668 1765/196/1826
f 1757/212/1842 1840/34/1664 1841/36/1666 1761/204/1834
f 1753/220/1850 1839/32/1662 1840/34/1664 1757/212/1842
f 1749/228/1858 1838/30/1660 1839/32/1662 1753/220/1850
f 1745/236/1866 1837/28/1658 1838/30/1660 1749/228/1858
f 1741/244/1874 1836/26/1656 1837/28/1658 1745/236/1866
f 1737/252/1882 1835/23/1654 1836/26/1656 1741/244/1874
f 1733/266/1890 1834/20/1652 1835/22/1654 1737/267/1882
f 1729/276/1898 1833/18/1650 1834/20/1652 1733/266/1890
f 1725/284/1906 1832/16/1648 1833/18/1650 1729/276/1898
f 1721/292/1914 1831/14/1646 1832/16/1648 1725/284/1906
f 1717/300/1922 1830/12/1644 1831/14/1646 1721/292/1914
f 1713/308/1930 1829/10/1642 1830/12/1644 1717/300/1922
f 1709/316/1938 1828/8/1640 1829/10/1642 1713/308/1930
f 1705/324/1946 1827/6/1638 1828/8/1640 1709/316/1938
f 1701/332/1954 1826/4/1636 1827/6/1638 1705/324/1946
f 1700/83/1713 1825/1/1633 1826/4/1636 1701/332/1954
f 1920/333/1955 1857/84/1714 1858/331/1953 1889/334/1956
f 1889/334/1956 1858/331/1953 1859/323/1945 1890/335/1957
f 1890/335/1957 1859/323/1945 1860/315/1937 1891/336/1958
f 1891/336/1958 1860/315/1937 1861/307/1929 1892/337/1959
f 1892/337/1959 1861/307/1929 1862/299/1921 1893/338/1960
f 1893/338/1960 1862/299/1921 1863/291/1913 1894/339/1961
f 1894/339/1961 1863/291/1913 1864/283/1905 1895/340/1962
f 1895/340/1962 1864/283/1905 1865/275/1897 1896/341/1963
f 1896/341/1963 1865/275/1897 1866/265/1889 1897/342/1964
f 1897/342/1964 1866/265/1889 1867/268/1881 1898/343/1965
f 1898/344/1965 1867/251/1881 1868/243/1873 1899/345/1966
f 1899/345/1966 1868/243/1873 1869/235/1865 1900/346/1967
f 1900/346/1967 1869/235/1865 1870/227/1857 1901/347/1968
f 1901/347/1968 1870/227/1857 1871/219/1849 1902/348/1969
f 1902/348/1969 1871/219/1849 1872/211/1841 1903/349/1970
f 1903/349/1970 1872/211/1841 1873/203/1833 1904/350/1971
f 1904/350/1971 1873/203/1833 1874/195/1825 1905/351/1972
f 1905/351/1972 1874/195/1825 1875/187/1817 1906/352/1973
f 1906/352/1973 1875/187/1817 1876/179/1809 1907/353/1974
f 1907/353/1974 1876/179/1809 1877/171/1801 1908/354/1975
f 1908/354/1975 1877/171/1801 1878/163/1793 1909/355/1976
f 1909/355/1976 1878/163/1793 1879/155/1785 1910/356/1977
f 1910/356/1977 1879/155/1785 1880/147/1777 1911/357/1978
f 1911/357/1978 1880/147/1777 1881/139/1769 1912/358/1979
f 1912/358/1979 1881/139/1769 1882/131/1761 1913/359/1980
f 1913/359/1980 1882/131/1761 1883/123/1753 1914/360/1981
f 1914/360/1981 1883/123/1753 1884/115/1745 1915/361/1982
f 1915/361/1982 1884/115/1745 1885/107/1737 1916/362/1983
f 1916/362/1983 1885/107/1737 1886/99/1729 1917/363/1984
f 1917/363/1984 1886/99/1729 1887/91/1721 1918/364/1985
f 1918/364/1985 1887/91/1721 1888/81/1711 1919/365/1986
f 1919/365/1986 1888/81/1711 1857/84/1714 1920/333/1955
f 1822/78/1708 1919/365/1986 1920/333/1955 1699/79/1709
f 1818/90/1720 1918/364/1985 1919/365/1986 1822/78/1708
f 1814/98/1728 1917/363/1984 1918/364/1985 1818/90/1720
f 1810/106/1736 1916/362/1983 1917/363/1984 1814/98/1728
f 1806/114/1744 1915/361/1982 1916/362/1983 1810/106/1736
f 1802/122/1752 1914/360/1981 1915/361/1982 1806/114/1744
f 1798/130/1760 1913/359/1980 1914/360/1981 1802/122/1752
f 1794/138/1768 1912/358/1979 1913/359/1980 1798/130/1760
f 1790/146/1776 1911/357/1978 1912/358/1979 1794/138/1768
f 1786/154/1784 1910/356/1977 1911/357/1978 1790/146/1776
f 1782/162/1792 1909/355/1976 1910/356/1977 1786/154/1784
f 1778/170/1800 1908/354/1975 1909/355/1976 1782/162/1792
f 1774/178/1808 1907/353/1974 1908/354/1975 1778/170/1800
f 1770/186/1816 1906/352/1973 1907/353/1974 1774/178/1808
f 1766/194/1824 1905/351/1972 1906/352/1973 1770/186/1816
f 1762/202/1832 1904/350/1971 1905/351/1972 1766/194/1824
f 1758/210/1840 1903/349/1970 1904/350/1971 1762/202/1832
f 1754/218/1848 1902/348/1969 1903/349/1970 1758/210/1840
f 1750/226/1856 1901/347/1968 1902/348/1969 1754/218/1848
f 1746/234/1864 1900/346/1967 1901/347/1968 1750/226/1856
f 1742/242/1872 1899/345/1966 1900/346/1967 1746/234/1864
f 1738/250/1880 1898/344/1965 1899/345/1966 1742/242/1872
f 1734/262/1888 1897/342/1964 1898/343/1965 1738/263/1880
f 1730/274/1896 1896/341/1963 1897/342/1964 1734/262/1888
f 1726/282/1904 1895/340/1962 1896/341/1963 1730/274/1896
f 1722/290/1912 1894/339/1961 1895/340/1962 1726/282/1904
f 1718/298/1920 1893/338/1960 1894/339/1961 1722/290/1912
f 1714/306/1928 1892/337/1959 1893/338/1960 1718/298/1920
f 1710/314/1936 1891/336/1958 1892/337/1959 1714/306/1928
f 1706/322/1944 1890/335/1957 1891/336/1958 1710/314/1936
f 1702/330/1952 1889/334/1956 1890/335/1957 1706/322/1944
f 1699/79/1709 1920/333/1955 1889/334/1956 1702/330/1952
f 1984/366/1987 1921/80/1710 1922/329/1951 1953/367/1988
f 1953/367/1988 1922/329/1951 1923/321/1943 1954/368/1989
f 1954/368/1989 1923/321/1943 1924/313/1935 1955/369/1990
f 1955/369/1990 1924/313/1935 1925/305/1927 1956/370/1991
f 1956/370/1991 1925/305/1927 1926/297/1919 1957/371/1992
f 1957/371/1992 1926/297/1919 1927/289/1911 1958/372/1993
f 1958/372/1993 1927/289/1911 1928/281/1903 1959/373/1994
f 1959/373/1994 1928/281/1903 1929/273/1895 1960/374/1995
f 1960/374/1995 1929/273/1895 1930/261/1887 1961/375/1996
f 1961/375/1996 1930/261/1887 1931/264/1879 1962/376/1997
f 1962/377/1997 1931/249/1879 1932/241/1871 1963/378/1998
f 1963/378/1998 1932/241/1871 1933/233/1863 1964/379/1999
f 1964/379/1999 1933/233/1863 1934/225/1855 1965/380/2000
f 1965/380/2000 1934/225/1855 1935/217/1847 1966/381/2001
f 1966/381/2001 1935/217/1847 1936/209/1839 1967/382/2002
f 1967/382/2002 1936/209/1839 1937/201/1831 1968/383/2003
f 1968/383/2003 1937/201/1831 1938/193/1823 1969/384/2004
f 1969/384/2004 1938/193/1823 1939/185/1815 1970/385/2005
f 1970/385/2005 1939/185/1815 1940/177/1807 1971/386/2006
f 1971/386/2006 1940/177/1807 1941/169/1799 1972/387/2007
f 1972/387/2007 1941/169/1799 1942/161/1791 1973/388/2008
f 1973/388/2008 1942/161/1791 1943/153/1783 1974/389/2009
f 1974/389/2009 1943/153/1783 1944/145/1775 1975/390/2010
f 1975/390/2010 1944/145/1775 1945/137/1767 1976/391/2011
f 1976/391/2011 1945/137/1767 1946/129/1759 1977/392/2012
f 1977/392/2012 1946/129/1759 1947/121/1751 1978/393/2013
f 1978/393/2013 1947/121/1751 1948/113/1743 1979/394/2014
f 1979/394/2014 1948/113/1743 1949/105/1735 1980/395/2015
f 1980/395/2015 1949/105/1735 1950/97/1727 1981/396/2016
f 1981/396/2016 1950/97/1727 1951/89/1719 1982/397/2017
f 1982/397/2017 1951/89/1719 1952/77/1707 1983/398/2018
f 1983/398/2018 1952/77/1707 1921/80/1710 1984/366/1987
f 1823/74/1704 1983/398/2018 1984/366/1987 1698/75/1705
f 1819/88/1718 1982/397/2017 1983/398/2018 1823/74/1704
f 1815/96/1726 1981/396/2016 1982/397/2017 1819/88/1718
f 1811/104/1734 1980/395/2015 1981/396/2016 1815/96/1726
f 1807/112/1742 1979/394/2014 1980/395/2015 1811/104/1734
f 1803/120/1750 1978/393/2013 1979/394/2014 1807/112/1742
f 1799/128/1758 1977/392/2012 1978/393/2013 1803/120/1750
f 1795/136/1766 1976/391/2011 1977/392/2012 1799/128/1758
f 1791/144/1774 1975/390/2010 1976/391/2011 1795/136/1766
f 1787/152/1782 1974/389/2009 1975/390/2010 1791/144/1774
f 1783/160/1790 1973/388/2008 1974/389/2009 1787/152/1782
f 1779/168/1798 1972/387/2007 1973/388/2008 1783/160/1790
f 1775/176/1806 1971/386/2006 1972/387/2007 1779/168/1798
f 1771/184/1814 1970/385/2005 1971/386/2006 1775/176/1806
f 1767/192/1822 1969/384/2004 1970/385/2005 1771/184/1814
f 1763/200/1830 1968/383/2003 1969/384/2004 1767/192/1822
f 1759/208/1838 1967/382/2002 1968/383/2003 1763/200/1830
f 1755/216/1846 1966/381/2001 1967/382/2002 1759/208/1838
f 1751/224/1854 1965/380/2000 1966/381/2001 1755/216/1846
f 1747/232/1862 1964/379/1999 1965/380/2000 1751/224/1854
f 1743/240/1870 1963/378/1998 1964/379/1999 1747/232/1862
f 1739/248/1878 1962/377/1997 1963/378/1998 1743/240/1870
f 1735/258/1886 1961/375/1996 1962/376/1997 1739/259/1878
f 1731/272/1894 1960/374/1995 1961/375/1996 1735/258/1886
f 1727/280/1902 1959/373/1994 1960/374/1995 1731/272/1894
f 1723/288/1910 1958/372/1993 1959/373/1994 1727/280/1902
f 1719/296/1918 1957/371/1992 1958/372/1993 1723/288/1910
f 1715/304/1926 1956/370/1991 1957/371/1992 1719/296/1918
f 1711/312/1934 1955/369/1990 1956/370/1991 1715/304/1926
f 1707/320/1942 1954/368/1989 1955/369/1990 1711/312/1934
f 1703/328/1950 1953/367/1988 1954/368/1989 1707/320/1942
f 1698/75/1705 1984/366/1987 1953/367/1988 1703/328/1950
f 2048/399/2019 1985/76/1706 1986/327/1949 2017/400/2020
f 2017/400/2020 1986/327/1949 1987/319/1941 2018/401/2021
f 2018/401/2021 1987/319/1941 1988/311/1933 2019/402/2022
f 2019/402/2022 1988/311/1933 1989/303/1925 2020/403/2023
f 2020/403/2023 1989/303/1925 1990/295/1917 2021/404/2024
f 2021/404/2024 1990/295/1917 1991/287/1909 2022/405/2025
f 2022/405/2025 1991/287/1909 1992/279/1901 2023/406/2026
f 2023/406/2026 1992/279/1901 1993/271/1893 2024/407/2027
f 2024/407/2027 1993/271/1893 1994/257/1885 2025/408/2028
f 2025/408/2028 1994/257/1885 1995/260/1877 2026/409/2029
f 2026/410/2029 1995/247/1877 1996/239/1869 2027/411/2030
f 2027/411/2030 1996/239/1869 1997/231/1861 2028/412/2031
f 2028/412/2031 1997/231/1861 1998/223/1853 2029/413/2032
f 2029/413/2032 1998/223/1853 1999/215/1845 2030/414/2033
f 2030/414/2033 1999/215/1845 2000/207/1837 2031/415/2034
f 2031/415/2034 2000/207/1837 2001/199/1829 2032/416/2035
f 2032/416/2035 2001/199/1829 2002/191/1821 2033/417/2036
f 2033/417/2036 2002/191/1821 2003/183/1813 2034/418/2037
f 2034/418/2037 2003/183/1813 2004/175/1805 2035/419/2038
f 2035/419/2038 2004/175/1805 2005/167/1797 2036/420/2039
f 2036/420/2039 2005/167/1797 2006/159/1789 2037/421/2040
f 2037/421/2040 2006/159/1789 2007/151/1781 2038/422/2041
f 2038/422/2041 2007/151/1781 2008/143/1773 2039/423/2042
f 2039/423/2042 2008/143/1773 2009/135/1765 2040/424/2043
f 2040/424/2043 2009/135/1765 2010/127/1757 2041/425/2044
f 2041/425/2044 2010/127/1757 2011/119/1749 2042/426/2045
f 2042/426/2045 2011/119/1749 2012/111/1741 2043/427/2046
f 2043/427/2046 2012/111/1741 2013/103/1733 2044/428/2047
f 2044/428/2047 2013/103/1733 2014/95/1725 2045/429/2048
f 2045/429/2048 2014/95/1725 2015/87/1717 2046/430/2049
f 2046/430/2049 2015/87/1717 2016/73/1703 2047/431/2050
f 2047/431/2050 2016/73/1703 1985/76/1706 2048/399/2019
f 1824/70/1700 2047/431/2050 2048/399/2019 1697/71/1701
f 1820/86/1716 2046/430/2049 2047/431/2050 1824/70/1700
f 1816/94/1724 2045/429/2048 2046/430/2049 1820/86/1716
f 1812/102/1732 2044/428/2047 2045/429/2048 1816/94/1724
f 1808/110/1740 2043/427/2046 2044/428/2047 1812/102/1732
f 1804/118/1748 2042/426/2045 2043/427/2046 1808/110/1740
f 1800/126/1756 2041/425/2044 2042/426/2045 1804/118/1748
f 1796/134/1764 2040/424/2043 2041/425/2044 1800/126/1756
f 1792/142/1772 2039/423/2042 2040/424/2043 1796/134/1764
f 1788/150/1780 2038/422/2041 2039/423/2042 1792/142/1772
f 1784/158/1788 2037/421/2040 2038/422/2041 1788/150/1780
f 1780/166/1796 2036/420/2039 2037/421/2040 1784/158/1788
f 1776/174/1804 2035/419/2038 2036/420/2039 1780/166/1796
f 1772/182/1812 2034/418/2037 2035/419/2038 1776/174/1804
f 1768/190/1820 2033/417/2036 2034/418/2037 1772/182/1812
f 1764/198/1828 2032/416/2035 2033/417/2036 1768/190/1820
f 1760/206/1836 2031/415/2034 2032/416/2035 1764/198/1828
f 1756/214/1844 2030/414/2033 2031/415/2034 1760/206/1836
f 1752/222/1852 2029/413/2032 2030/414/2033 1756/214/1844
f 1748/230/1860 2028/412/2031 2029/413/2032 1752/222/1852
f 1744/238/1868 2027/411/2030 2028/412/2031 1748/230/1860
f 1740/246/1876 2026/410/2029 2027/411/2030 1744/238/1868
f 1736/254/1884 2025/408/2028 2026/409/2029 1740/255/1876
f 1732/270/1892 2024/407/2027 2025/408/2028 1736/254/1884
f 1728/278/1900 2023/406/2026 2024/407/2027 1732/270/1892
f 1724/286/1908 2022/405/2025 2023/406/2026 1728/278/1900
f 1720/294/1916 2021/404/2024 2022/405/2025 1724/286/1908
f 1716/302/1924 2020/403/2023 2021/404/2024 1720/294/1916
f 1712/310/1932 2019/402/2022 2020/403/2023 1716/302/1924
f 1708/318/1940 2018/401/2021 2019/402/2022 1712/310/1932
f 1704/326/1948 2017/400/2020 2018/401/2021 1708/318/1940
f 1697/71/1701 2048/399/2019 2017/400/2020 1704/326/1948
f 1633/432/2051 2080/72/1702 2049/325/1947 1635/433/2052
f 1635/433/2052 2049/325/1947 2050/317/1939 1637/434/2053
f 1637/434/2053 2050/317/1939 2051/309/1931 1639/435/2054
f 1639/435/2054 2051/309/1931 2052/301/1923 1641/436/2055
f 1641/436/2055 2052/301/1923 2053/293/1915 1643/437/2056
f 1643/437/2056 2053/293/1915 2054/285/1907 1645/438/2057
f 1645/438/2057 2054/285/1907 2055/277/1899 1647/439/2058
f 1647/439/2058 2055/277/1899 2056/269/1891 1649/440/2059
f 1649/440/2059 2056/269/1891 2057/253/1883 1651/441/2060
f 1651/441/2060 2057/253/1883 2058/256/1875 1653/442/2061
f 1653/443/2061 2058/245/1875 2059/237/1867 1655/444/2062
f 1655/444/2062 2059/237/1867 2060/229/1859 1657/445/2063
f 1657/445/2063 2060/229/1859 2061/221/1851 1659/446/2064
f 1659/446/2064 2061/221/1851 2062/213/1843 1661/447/2065
f 1661/447/2065 2062/213/1843 2063/205/1835 1663/448/2066
f 1663/448/2066 2063/205/1835 2064/197/1827 1665/449/2067
f 1665/449/2067 2064/197/1827 2065/189/1819 1667/450/2068
f 1667/450/2068 2065/189/1819 2066/181/1811 1669/451/2069
f 1669/451/2069 2066/181/1811 2067/173/1803 1671/452/2070
f 1671/452/2070 2067/173/1803 2068/165/1795 1673/453/2071
f 1673/453/2071 2068/165/1795 2069/157/1787 1675/454/2072
f 1675/454/2072 2069/157/1787 2070/149/1779 1677/455/2073
f 1677/455/2073 2070/149/1779 2071/141/1771 1679/456/2074
f 1679/456/2074 2071/141/1771 2072/133/1763 1681/457/2075
f 1681/457/2075 2072/133/1763 2073/125/1755 1683/458/2076
f 1683/458/2076 2073/125/1755 2074/117/1747 1685/459/2077
f 1685/459/2077 2074/117/1747 2075/109/1739 1687/460/2078
f 1687/460/2078 2075/109/1739 2076/101/1731 1689/461/2079
f 1689/461/2079 2076/101/1731 2077/93/1723 1691/462/2080
f 1691/462/2080 2077/93/1723 2078/85/1715 1693/463/2081
f 1693/463/2081 2078/85/1715 2079/69/1699 1695/464/2082
f 1695/464/2082 2079/69/1699 2080/72/1702 1633/432/2051
f 2102/465/2083 2101/466/2084 2133/467/2085 2134/468/2086
f 1644/11/1643 1642/9/1641 2085/469/2087 2086/470/2088
f 1662/31/1661 1660/29/1659 2094/471/2089 2095/472/2090
f 1680/49/1679 1678/47/1677 2103/473/2091 2104/474/2092
f 1636/3/1635 1634/2/1634 2081/475/2093 2082/476/2094
f 1634/2/1634 1696/67/1697 2112/477/2095 2081/475/2093
f 1654/21/1653 1652/19/1651 2090/478/2096 2091/479/2097
f 1672/41/1671 1670/39/1669 2099/480/2098 2100/481/2099
f 1690/59/1689 1688/57/1687 2108/66/1696 2109/482/2100
f 1646/13/1645 1644/11/1643 2086/470/2088 2087/483/2101
f 1664/33/1663 1662/31/1661 2095/472/2090 2096/484/2102
f 1682/51/1681 1680/49/1679 2104/474/2092 2105/485/2103
f 1638/5/1637 1636/3/1635 2082/476/2094 2083/486/2104
f 1656/25/1655 1654/24/1653 2091/487/2097 2092/488/2105
f 1674/43/1673 1672/41/1671 2100/481/2099 2101/466/2084
f 1692/61/1691 1690/59/1689 2109/482/2100 2110/489/2106
f 1648/15/1647 1646/13/1645 2087/483/2101 2088/490/2107
f 1666/35/1665 1664/33/1663 2096/484/2102 2097/491/2108
f 1684/53/1683 1682/51/1681 2105/485/2103 2106/492/2109
f 1640/7/1639 1638/5/1637 2083/486/2104 2084/493/2110
f 1658/27/1657 1656/25/1655 2092/488/2105 2093/494/2111
f 1676/45/1675 1674/43/1673 2101/466/2084 2102/465/2083
f 1694/63/1693 1692/61/1691 2110/489/2106 2111/495/2112
f 1650/17/1649 1648/15/1647 2088/490/2107 2089/496/2113
f 1668/37/1667 1666/35/1665 2097/491/2108 2098/497/2114
f 1686/55/1685 1684/53/1683 2106/492/2109 2107/65/1695
f 1642/9/1641 1640/7/1639 2084/493/2110 2085/469/2087
f 1660/29/1659 1658/27/1657 2093/494/2111 2094/471/2089
f 1678/47/1677 1676/45/1675 2102/465/2083 2103/473/2091
f 1696/67/1697 1694/63/1693 2111/495/2112 2112/477/2095
f 1652/19/1651 1650/17/1649 2089/496/2113 2090/478/2096
f 1670/39/1669 1668/37/1667 2098/497/2114 2099/480/2098
f 2137/498/2115 2136/499/2116 2168/500/2117 2169/501/2118
f 2089/496/2113 2088/490/2107 2120/502/2119 2121/503/2120
f 2103/473/2091 2102/465/2083 2134/468/2086 2135/504/2121
f 2090/478/2096 2089/496/2113 2121/503/2120 2122/505/2122
f 2104/474/2092 2103/473/2091 2135/504/2121 2136/499/2116
f 2091/479/2097 2090/478/2096 2122/505/2122 2123/506/2123
f 2105/485/2103 2104/474/2092 2136/499/2116 2137/498/2115
f 2092/488/2105 2091/487/2097 2123/507/2123 2124/508/2124
f 2106/492/2109 2105/485/2103 2137/498/2115 2138/509/2125
f 2093/494/2111 2092/488/2105 2124/508/2124 2125/510/2126
f 2107/65/1695 2106/492/2109 2138/509/2125 2139/511/2127
f 2094/471/2089 2093/494/2111 2125/510/2126 2126/512/2128
f 2108/66/1696 2107/65/1695 2139/511/2127 2140/513/2129
f 2095/472/2090 2094/471/2089 2126/512/2128 2127/514/2130
f 2082/476/2094 2081/475/2093 2113/515/2131 2114/516/2132
f 2109/482/2100 2108/66/1696 2140/513/2129 2141/517/2133
f 2096/484/2102 2095/472/2090 2127/514/2130 2128/518/2134
f 2083/486/2104 2082/476/2094 2114/516/2132 2115/519/2135
f 2110/489/2106 2109/482/2100 2141/517/2133 2142/520/2136
f 2097/491/2108 2096/484/2102 2128/518/2134 2129/521/2137
f 2084/493/2110 2083/486/2104 2115/519/2135 2116/522/2138
f 2111/495/2112 2110/489/2106 2142/520/2136 2143/523/2139
f 2098/497/2114 2097/491/2108 2129/521/2137 2130/524/2140
f 2085/469/2087 2084/493/2110 2116/522/2138 2117/525/2141
f 2112/477/2095 2111/495/2112 2143/523/2139 2144/526/2142
f 2099/480/2098 2098/497/2114 2130/524/2140 2131/527/2143
f 2086/470/2088 2085/469/2087 2117/525/2141 2118/528/2144
f 2081/475/2093 2112/477/2095 2144/526/2142 2113/515/2131
f 2100/481/2099 2099/480/2098 2131/527/2143 2132/529/2145
f 2087/483/2101 2086/470/2088 2118/528/2144 2119/530/2146
f 2101/466/2084 2100/481/2099 2132/529/2145 2133/467/2085
f 2088/490/2107 2087/483/2101 2119/530/2146 2120/502/2119
f 2146/531/2147 2145/532/2148 2176/533/2149 2175/534/2150 2174/535/2151 2173/536/2152 2172/537/2153 2171/538/2154 2170/539/2155 2169/540/2118 2168/541/2117 2167/542/2156 2166/543/2157 2165/544/2158 2164/545/2159 2163/546/2160 2162/547/2161 2161/548/2162 2160/549/2163 2159/550/2164 2158/551/2165 2157/552/2166 2156/553/2167 2155/554/2168 2154/555/2169 2153/556/2170 2152/557/2171 2151/558/2172 2150/559/2173 2149/560/2174 2148/561/2175 2147/562/2176
f 2124/508/2124 2123/507/2123 2155/563/2168 2156/564/2167
f 2138/509/2125 2137/498/2115 2169/501/2118 2170/565/2155
f 2125/510/2126 2124/508/2124 2156/564/2167 2157/566/2166
f 2139/511/2127 2138/509/2125 2170/565/2155 2171/567/2154
f 2126/512/2128 2125/510/2126 2157/566/2166 2158/568/2165
f 2140/513/2129 2139/511/2127 2171/567/2154 2172/569/2153
f 2127/514/2130 2126/512/2128 2158/568/2165 2159/570/2164
f 2114/516/2132 2113/515/2131 2145/571/2148 2146/572/2147
f 2141/517/2133 2140/513/2129 2172/569/2153 2173/573/2152
f 2128/518/2134 2127/514/2130 2159/570/2164 2160/574/2163
f 2115/519/2135 2114/516/2132 2146/572/2147 2147/575/2176
f 2142/520/2136 2141/517/2133 2173/573/2152 2174/576/2151
f 2129/521/2137 2128/518/2134 2160/574/2163 2161/577/2162
f 2116/522/2138 2115/519/2135 2147/575/2176 2148/578/2175
f 2143/523/2139 2142/520/2136 2174/576/2151 2175/579/2150
f 2130/524/2140 2129/521/2137 2161/577/2162 2162/580/2161
f 2117/525/2141 2116/522/2138 2148/578/2175 2149/581/2174
f 2144/526/2142 2143/523/2139 2175/579/2150 2176/582/2149
f 2131/527/2143 2130/524/2140 2162/580/2161 2163/583/2160
f 2118/528/2144 2117/525/2141 2149/581/2174 2150/584/2173
f 2113/515/2131 2144/526/2142 2176/582/2149 2145/571/2148
f 2132/529/2145 2131/527/2143 2163/583/2160 2164/585/2159
f 2119/530/2146 2118/528/2144 2150/584/2173 2151/586/2172
f 2133/467/2085 2132/529/2145 2164/585/2159 2165/587/2158
f 2120/502/2119 2119/530/2146 2151/586/2172 2152/588/2171
f 2134/468/2086 2133/467/2085 2165/587/2158 2166/589/2157
f 2121/503/2120 2120/502/2119 2152/588/2171 2153/590/2170
f 2135/504/2121 2134/468/2086 2166/589/2157 2167/591/2156
f 2122/505/2122 2121/503/2120 2153/590/2170 2154/592/2169
f 2136/499/2116 2135/504/2121 2167/591/2156 2168/500/2117
f 2123/506/2123 2122/505/2122 2154/592/2169 2155/593/2168
usemtl Material.005
f 2369/1/2177 2178/2/2178 2180/3/2179 2370/4/2180
f 2370/4/2180 2180/3/2179 2182/5/2181 2371/6/2182
f 2371/6/2182 2182/5/2181 2184/7/2183 2372/8/2184
f 2372/8/2184 2184/7/2183 2186/9/2185 2373/10/2186
f 2373/10/2186 2186/9/2185 2188/11/2187 2374/12/2188
f 2374/12/2188 2188/11/2187 2190/13/2189 2375/14/2190
f 2375/14/2190 2190/13/2189 2192/15/2191 2376/16/2192
f 2376/16/2192 2192/15/2191 2194/17/2193 2377/18/2194
f 2377/18/2194 2194/17/2193 2196/19/2195 2378/20/2196
f 2378/20/2196 2196/19/2195 2198/21/2197 2379/22/2198
f 2379/23/2198 2198/24/2197 2200/25/2199 2380/26/2200
f 2380/26/2200 2200/25/2199 2202/27/2201 2381/28/2202
f 2381/28/2202 2202/27/2201 2204/29/2203 2382/30/2204
f 2382/30/2204 2204/29/2203 2206/31/2205 2383/32/2206
f 2383/32/2206 2206/31/2205 2208/33/2207 2384/34/2208
f 2384/34/2208 2208/33/2207 2210/35/2209 2385/36/2210
f 2385/36/2210 2210/35/2209 2212/37/2211 2386/38/2212
f 2386/38/2212 2212/37/2211 2214/39/2213 2387/40/2214
f 2387/40/2214 2214/39/2213 2216/41/2215 2388/42/2216
f 2388/42/2216 2216/41/2215 2218/43/2217 2389/44/2218
f 2389/44/2218 2218/43/2217 2220/45/2219 2390/46/2220
f 2390/46/2220 2220/45/2219 2222/47/2221 2391/48/2222
f 2391/48/2222 2222/47/2221 2224/49/2223 2392/50/2224
f 2392/50/2224 2224/49/2223 2226/51/2225 2393/52/2226
f 2393/52/2226 2226/51/2225 2228/53/2227 2394/54/2228
f 2394/54/2228 2228/53/2227 2230/55/2229 2395/56/2230
f 2395/56/2230 2230/55/2229 2232/57/2231 2396/58/2232
f 2396/58/2232 2232/57/2231 2234/59/2233 2397/60/2234
f 2397/60/2234 2234/59/2233 2236/61/2235 2398/62/2236
f 2398/62/2236 2236/61/2235 2238/63/2237 2399/64/2238
f 2232/57/2231 2230/55/2229 2651/65/2239 2652/66/2240
f 2399/64/2238 2238/63/2237 2240/67/2241 2400/68/2242
f 2400/68/2242 2240/67/2241 2178/2/2178 2369/1/2177
f 2623/69/2243 2368/70/2244 2241/71/2245 2624/72/2246
f 2560/73/2247 2367/74/2248 2242/75/2249 2529/76/2250
f 2496/77/2251 2366/78/2252 2243/79/2253 2465/80/2254
f 2432/81/2255 2365/82/2256 2244/83/2257 2401/84/2258
f 2622/85/2259 2364/86/2260 2368/70/2244 2623/69/2243
f 2559/87/2261 2363/88/2262 2367/74/2248 2560/73/2247
f 2495/89/2263 2362/90/2264 2366/78/2252 2496/77/2251
f 2431/91/2265 2361/92/2266 2365/82/2256 2432/81/2255
f 2621/93/2267 2360/94/2268 2364/86/2260 2622/85/2259
f 2558/95/2269 2359/96/2270 2363/88/2262 2559/87/2261
f 2494/97/2271 2358/98/2272 2362/90/2264 2495/89/2263
f 2430/99/2273 2357/100/2274 2361/92/2266 2431/91/2265
f 2620/101/2275 2356/102/2276 2360/94/2268 2621/93/2267
f 2557/103/2277 2355/104/2278 2359/96/2270 2558/95/2269
f 2493/105/2279 2354/106/2280 2358/98/2272 2494/97/2271
f 2429/107/2281 2353/108/2282 2357/100/2274 2430/99/2273
f 2619/109/2283 2352/110/2284 2356/102/2276 2620/101/2275
f 2556/111/2285 2351/112/2286 2355/104/2278 2557/103/2277
f 2492/113/2287 2350/114/2288 2354/106/2280 2493/105/2279
f 2428/115/2289 2349/116/2290 2353/108/2282 2429/107/2281
f 2618/117/2291 2348/118/2292 2352/110/2284 2619/109/2283
f 2555/119/2293 2347/120/2294 2351/112/2286 2556/111/2285
f 2491/121/2295 2346/122/2296 2350/114/2288 2492/113/2287
f 2427/123/2297 2345/124/2298 2349/116/2290 2428/115/2289
f 2617/125/2299 2344/126/2300 2348/118/2292 2618/117/2291
f 2554/127/2301 2343/128/2302 2347/120/2294 2555/119/2293
f 2490/129/2303 2342/130/2304 2346/122/2296 2491/121/2295
f 2426/131/2305 2341/132/2306 2345/124/2298 2427/123/2297
f 2616/133/2307 2340/134/2308 2344/126/2300 2617/125/2299
f 2553/135/2309 2339/136/2310 2343/128/2302 2554/127/2301
f 2489/137/2311 2338/138/2312 2342/130/2304 2490/129/2303
f 2425/139/2313 2337/140/2314 2341/132/2306 2426/131/2305
f 2615/141/2315 2336/142/2316 2340/134/2308 2616/133/2307
f 2552/143/2317 2335/144/2318 2339/136/2310 2553/135/2309
f 2488/145/2319 2334/146/2320 2338/138/2312 2489/137/2311
f 2424/147/2321 2333/148/2322 2337/140/2314 2425/139/2313
f 2614/149/2323 2332/150/2324 2336/142/2316 2615/141/2315
f 2551/151/2325 2331/152/2326 2335/144/2318 2552/143/2317
f 2487/153/2327 2330/154/2328 2334/146/2320 2488/145/2319
f 2423/155/2329 2329/156/2330 2333/148/2322 2424/147/2321
f 2613/157/2331 2328/158/2332 2332/150/2324 2614/149/2323
f 2550/159/2333 2327/160/2334 2331/152/2326 2551/151/2325
f 2486/161/2335 2326/162/2336 2330/154/2328 2487/153/2327
f 2422/163/2337 2325/164/2338 2329/156/2330 2423/155/2329
f 2612/165/2339 2324/166/2340 2328/158/2332 2613/157/2331
f 2549/167/2341 2323/168/2342 2327/160/2334 2550/159/2333
f 2485/169/2343 2322/170/2344 2326/162/2336 2486/161/2335
f 2421/171/2345 2321/172/2346 2325/164/2338 2422/163/2337
f 2611/173/2347 2320/174/2348 2324/166/2340 2612/165/2339
f 2548/175/2349 2319/176/2350 2323/168/2342 2549/167/2341
f 2484/177/2351 2318/178/2352 2322/170/2344 2485/169/2343
f 2420/179/2353 2317/180/2354 2321/172/2346 2421/171/2345
f 2610/181/2355 2316/182/2356 2320/174/2348 2611/173/2347
f 2547/183/2357 2315/184/2358 2319/176/2350 2548/175/2349
f 2483/185/2359 2314/186/2360 2318/178/2352 2484/177/2351
f 2419/187/2361 2313/188/2362 2317/180/2354 2420/179/2353
f 2609/189/2363 2312/190/2364 2316/182/2356 2610/181/2355
f 2546/191/2365 2311/192/2366 2315/184/2358 2547/183/2357
f 2482/193/2367 2310/194/2368 2314/186/2360 2483/185/2359
f 2418/195/2369 2309/196/2370 2313/188/2362 2419/187/2361
f 2608/197/2371 2308/198/2372 2312/190/2364 2609/189/2363
f 2545/199/2373 2307/200/2374 2311/192/2366 2546/191/2365
f 2481/201/2375 2306/202/2376 2310/194/2368 2482/193/2367
f 2417/203/2377 2305/204/2378 2309/196/2370 2418/195/2369
f 2607/205/2379 2304/206/2380 2308/198/2372 2608/197/2371
f 2544/207/2381 2303/208/2382 2307/200/2374 2545/199/2373
f 2480/209/2383 2302/210/2384 2306/202/2376 2481/201/2375
f 2416/211/2385 2301/212/2386 2305/204/2378 2417/203/2377
f 2606/213/2387 2300/214/2388 2304/206/2380 2607/205/2379
f 2543/215/2389 2299/216/2390 2303/208/2382 2544/207/2381
f 2479/217/2391 2298/218/2392 2302/210/2384 2480/209/2383
f 2415/219/2393 2297/220/2394 2301/212/2386 2416/211/2385
f 2605/221/2395 2296/222/2396 2300/214/2388 2606/213/2387
f 2542/223/2397 2295/224/2398 2299/216/2390 2543/215/2389
f 2478/225/2399 2294/226/2400 2298/218/2392 2479/217/2391
f 2414/227/2401 2293/228/2402 2297/220/2394 2415/219/2393
f 2604/229/2403 2292/230/2404 2296/222/2396 2605/221/2395
f 2541/231/2405 2291/232/2406 2295/224/2398 2542/223/2397
f 2477/233/2407 2290/234/2408 2294/226/2400 2478/225/2399
f 2413/235/2409 2289/236/2410 2293/228/2402 2414/227/2401
f 2603/237/2411 2288/238/2412 2292/230/2404 2604/229/2403
f 2540/239/2413 2287/240/2414 2291/232/2406 2541/231/2405
f 2476/241/2415 2286/242/2416 2290/234/2408 2477/233/2407
f 2412/243/2417 2285/244/2418 2289/236/2410 2413/235/2409
f 2602/245/2419 2284/246/2420 2288/238/2412 2603/237/2411
f 2539/247/2421 2283/248/2422 2287/240/2414 2540/239/2413
f 2475/249/2423 2282/250/2424 2286/242/2416 2476/241/2415
f 2411/251/2425 2281/252/2426 2285/244/2418 2412/243/2417
f 2601/253/2427 2280/254/2428 2284/255/2420 2602/256/2419
f 2538/257/2429 2279/258/2430 2283/259/2422 2539/260/2421
f 2474/261/2431 2278/262/2432 2282/263/2424 2475/264/2423
f 2410/265/2433 2277/266/2434 2281/267/2426 2411/268/2425
f 2600/269/2435 2276/270/2436 2280/254/2428 2601/253/2427
f 2537/271/2437 2275/272/2438 2279/258/2430 2538/257/2429
f 2473/273/2439 2274/274/2440 2278/262/2432 2474/261/2431
f 2409/275/2441 2273/276/2442 2277/266/2434 2410/265/2433
f 2599/277/2443 2272/278/2444 2276/270/2436 2600/269/2435
f 2536/279/2445 2271/280/2446 2275/272/2438 2537/271/2437
f 2472/281/2447 2270/282/2448 2274/274/2440 2473/273/2439
f 2408/283/2449 2269/284/2450 2273/276/2442 2409/275/2441
f 2598/285/2451 2268/286/2452 2272/278/2444 2599/277/2443
f 2535/287/2453 2267/288/2454 2271/280/2446 2536/279/2445
f 2471/289/2455 2266/290/2456 2270/282/2448 2472/281/2447
f 2407/291/2457 2265/292/2458 2269/284/2450 2408/283/2449
f 2597/293/2459 2264/294/2460 2268/286/2452 2598/285/2451
f 2534/295/2461 2263/296/2462 2267/288/2454 2535/287/2453
f 2470/297/2463 2262/298/2464 2266/290/2456 2471/289/2455
f 2406/299/2465 2261/300/2466 2265/292/2458 2407/291/2457
f 2596/301/2467 2260/302/2468 2264/294/2460 2597/293/2459
f 2533/303/2469 2259/304/2470 2263/296/2462 2534/295/2461
f 2469/305/2471 2258/306/2472 2262/298/2464 2470/297/2463
f 2405/307/2473 2257/308/2474 2261/300/2466 2406/299/2465
f 2595/309/2475 2256/310/2476 2260/302/2468 2596/301/2467
f 2532/311/2477 2255/312/2478 2259/304/2470 2533/303/2469
f 2468/313/2479 2254/314/2480 2258/306/2472 2469/305/2471
f 2404/315/2481 2253/316/2482 2257/308/2474 2405/307/2473
f 2594/317/2483 2252/318/2484 2256/310/2476 2595/309/2475
f 2531/319/2485 2251/320/2486 2255/312/2478 2532/311/2477
f 2467/321/2487 2250/322/2488 2254/314/2480 2468/313/2479
f 2403/323/2489 2249/324/2490 2253/316/2482 2404/315/2481
f 2593/325/2491 2248/326/2492 2252/318/2484 2594/317/2483
f 2530/327/2493 2247/328/2494 2251/320/2486 2531/319/2485
f 2466/329/2495 2246/330/2496 2250/322/2488 2467/321/2487
f 2402/331/2497 2245/332/2498 2249/324/2490 2403/323/2489
f 2624/72/2246 2241/71/2245 2248/326/2492 2593/325/2491
f 2529/76/2250 2242/75/2249 2247/328/2494 2530/327/2493
f 2465/80/2254 2243/79/2253 2246/330/2496 2466/329/2495
f 2401/84/2258 2244/83/2257 2245/332/2498 2402/331/2497
f 2365/82/2256 2400/68/2242 2369/1/2177 2244/83/2257
f 2361/92/2266 2399/64/2238 2400/68/2242 2365/82/2256
f 2357/100/2274 2398/62/2236 2399/64/2238 2361/92/2266
f 2353/108/2282 2397/60/2234 2398/62/2236 2357/100/2274
f 2349/116/2290 2396/58/2232 2397/60/2234 2353/108/2282
f 2345/124/2298 2395/56/2230 2396/58/2232 2349/116/2290
f 2341/132/2306 2394/54/2228 2395/56/2230 2345/124/2298
f 2337/140/2314 2393/52/2226 2394/54/2228 2341/132/2306
f 2333/148/2322 2392/50/2224 2393/52/2226 2337/140/2314
f 2329/156/2330 2391/48/2222 2392/50/2224 2333/148/2322
f 2325/164/2338 2390/46/2220 2391/48/2222 2329/156/2330
f 2321/172/2346 2389/44/2218 2390/46/2220 2325/164/2338
f 2317/180/2354 2388/42/2216 2389/44/2218 2321/172/2346
f 2313/188/2362 2387/40/2214 2388/42/2216 2317/180/2354
f 2309/196/2370 2386/38/2212 2387/40/2214 2313/188/2362
f 2305/204/2378 2385/36/2210 2386/38/2212 2309/196/2370
f 2301/212/2386 2384/34/2208 2385/36/2210 2305/204/2378
f 2297/220/2394 2383/32/2206 2384/34/2208 2301/212/2386
f 2293/228/2402 2382/30/2204 2383/32/2206 2297/220/2394
f 2289/236/2410 2381/28/2202 2382/30/2204 2293/228/2402
f 2285/244/2418 2380/26/2200 2381/28/2202 2289/236/2410
f 2281/252/2426 2379/23/2198 2380/26/2200 2285/244/2418
f 2277/266/2434 2378/20/2196 2379/22/2198 2281/267/2426
f 2273/276/2442 2377/18/2194 2378/20/2196 2277/266/2434
f 2269/284/2450 2376/16/2192 2377/18/2194 2273/276/2442
f 2265/292/2458 2375/14/2190 2376/16/2192 2269/284/2450
f 2261/300/2466 2374/12/2188 2375/14/2190 2265/292/2458
f 2257/308/2474 2373/10/2186 2374/12/2188 2261/300/2466
f 2253/316/2482 2372/8/2184 2373/10/2186 2257/308/2474
f 2249/324/2490 2371/6/2182 2372/8/2184 2253/316/2482
f 2245/332/2498 2370/4/2180 2371/6/2182 2249/324/2490
f 2244/83/2257 2369/1/2177 2370/4/2180 2245/332/2498
f 2464/333/2499 2401/84/2258 2402/331/2497 2433/334/2500
f 2433/334/2500 2402/331/2497 2403/323/2489 2434/335/2501
f 2434/335/2501 2403/323/2489 2404/315/2481 2435/336/2502
f 2435/336/2502 2404/315/2481 2405/307/2473 2436/337/2503
f 2436/337/2503 2405/307/2473 2406/299/2465 2437/338/2504
f 2437/338/2504 2406/299/2465 2407/291/2457 2438/339/2505
f 2438/339/2505 2407/291/2457 2408/283/2449 2439/340/2506
f 2439/340/2506 2408/283/2449 2409/275/2441 2440/341/2507
f 2440/341/2507 2409/275/2441 2410/265/2433 2441/342/2508
f 2441/342/2508 2410/265/2433 2411/268/2425 2442/343/2509
f 2442/344/2509 2411/251/2425 2412/243/2417 2443/345/2510
f 2443/345/2510 2412/243/2417 2413/235/2409 2444/346/2511
f 2444/346/2511 2413/235/2409 2414/227/2401 2445/347/2512
f 2445/347/2512 2414/227/2401 2415/219/2393 2446/348/2513
f 2446/348/2513 2415/219/2393 2416/211/2385 2447/349/2514
f 2447/349/2514 2416/211/2385 2417/203/2377 2448/350/2515
f 2448/350/2515 2417/203/2377 2418/195/2369 2449/351/2516
f 2449/351/2516 2418/195/2369 2419/187/2361 2450/352/2517
f 2450/352/2517 2419/187/2361 2420/179/2353 2451/353/2518
f 2451/353/2518 2420/179/2353 2421/171/2345 2452/354/2519
f 2452/354/2519 2421/171/2345 2422/163/2337 2453/355/2520
f 2453/355/2520 2422/163/2337 2423/155/2329 2454/356/2521
f 2454/356/2521 2423/155/2329 2424/147/2321 2455/357/2522
f 2455/357/2522 2424/147/2321 2425/139/2313 2456/358/2523
f 2456/358/2523 2425/139/2313 2426/131/2305 2457/359/2524
f 2457/359/2524 2426/131/2305 2427/123/2297 2458/360/2525
f 2458/360/2525 2427/123/2297 2428/115/2289 2459/361/2526
f 2459/361/2526 2428/115/2289 2429/107/2281 2460/362/2527
f 2460/362/2527 2429/107/2281 2430/99/2273 2461/363/2528
f 2461/363/2528 2430/99/2273 2431/91/2265 2462/364/2529
f 2462/364/2529 2431/91/2265 2432/81/2255 2463/365/2530
f 2463/365/2530 2432/81/2255 2401/84/2258 2464/333/2499
f 2366/78/2252 2463/365/2530 2464/333/2499 2243/79/2253
f 2362/90/2264 2462/364/2529 2463/365/2530 2366/78/2252
f 2358/98/2272 2461/363/2528 2462/364/2529 2362/90/2264
f 2354/106/2280 2460/362/2527 2461/363/2528 2358/98/2272
f 2350/114/2288 2459/361/2526 2460/362/2527 2354/106/2280
f 2346/122/2296 2458/360/2525 2459/361/2526 2350/114/2288
f 2342/130/2304 2457/359/2524 2458/360/2525 2346/122/2296
f 2338/138/2312 2456/358/2523 2457/359/2524 2342/130/2304
f 2334/146/2320 2455/357/2522 2456/358/2523 2338/138/2312
f 2330/154/2328 2454/356/2521 2455/357/2522 2334/146/2320
f 2326/162/2336 2453/355/2520 2454/356/2521 2330/154/2328
f 2322/170/2344 2452/354/2519 2453/355/2520 2326/162/2336
f 2318/178/2352 2451/353/2518 2452/354/2519 2322/170/2344
f 2314/186/2360 2450/352/2517 2451/353/2518 2318/178/2352
f 2310/194/2368 2449/351/2516 2450/352/2517 2314/186/2360
f 2306/202/2376 2448/350/2515 2449/351/2516 2310/194/2368
f 2302/210/2384 2447/349/2514 2448/350/2515 2306/202/2376
f 2298/218/2392 2446/348/2513 2447/349/2514 2302/210/2384
f 2294/226/2400 2445/347/2512 2446/348/2513 2298/218/2392
f 2290/234/2408 2444/346/2511 2445/347/2512 2294/226/2400
f 2286/242/2416 2443/345/2510 2444/346/2511 2290/234/2408
f 2282/250/2424 2442/344/2509 2443/345/2510 2286/242/2416
f 2278/262/2432 2441/342/2508 2442/343/2509 2282/263/2424
f 2274/274/2440 2440/341/2507 2441/342/2508 2278/262/2432
f 2270/282/2448 2439/340/2506 2440/341/2507 2274/274/2440
f 2266/290/2456 2438/339/2505 2439/340/2506 2270/282/2448
f 2262/298/2464 2437/338/2504 2438/339/2505 2266/290/2456
f 2258/306/2472 2436/337/2503 2437/338/2504 2262/298/2464
f 2254/314/2480 2435/336/2502 2436/337/2503 2258/306/2472
f 2250/322/2488 2434/335/2501 2435/336/2502 2254/314/2480
f 2246/330/2496 2433/334/2500 2434/335/2501 2250/322/2488
f 2243/79/2253 2464/333/2499 2433/334/2500 2246/330/2496
f 2528/366/2531 2465/80/2254 2466/329/2495 2497/367/2532
f 2497/367/2532 2466/329/2495 2467/321/2487 2498/368/2533
f 2498/368/2533 2467/321/2487 2468/313/2479 2499/369/2534
f 2499/369/2534 2468/313/2479 2469/305/2471 2500/370/2535
f 2500/370/2535 2469/305/2471 2470/297/2463 2501/371/2536
f 2501/371/2536 2470/297/2463 2471/289/2455 2502/372/2537
f 2502/372/2537 2471/289/2455 2472/281/2447 2503/373/2538
f 2503/373/2538 2472/281/2447 2473/273/2439 2504/374/2539
f 2504/374/2539 2473/273/2439 2474/261/2431 2505/375/2540
f 2505/375/2540 2474/261/2431 2475/264/2423 2506/376/2541
f 2506/377/2541 2475/249/2423 2476/241/2415 2507/378/2542
f 2507/378/2542 2476/241/2415 2477/233/2407 2508/379/2543
f 2508/379/2543 2477/233/2407 2478/225/2399 2509/380/2544
f 2509/380/2544 2478/225/2399 2479/217/2391 2510/381/2545
f 2510/381/2545 2479/217/2391 2480/209/2383 2511/382/2546
f 2511/382/2546 2480/209/2383 2481/201/2375 2512/383/2547
f 2512/383/2547 2481/201/2375 2482/193/2367 2513/384/2548
f 2513/384/2548 2482/193/2367 2483/185/2359 2514/385/2549
f 2514/385/2549 2483/185/2359 2484/177/2351 2515/386/2550
f 2515/386/2550 2484/177/2351 2485/169/2343 2516/387/2551
f 2516/387/2551 2485/169/2343 2486/161/2335 2517/388/2552
f 2517/388/2552 2486/161/2335 2487/153/2327 2518/389/2553
f 2518/389/2553 2487/153/2327 2488/145/2319 2519/390/2554
f 2519/390/2554 2488/145/2319 2489/137/2311 2520/391/2555
f 2520/391/2555 2489/137/2311 2490/129/2303 2521/392/2556
f 2521/392/2556 2490/129/2303 2491/121/2295 2522/393/2557
f 2522/393/2557 2491/121/2295 2492/113/2287 2523/394/2558
f 2523/394/2558 2492/113/2287 2493/105/2279 2524/395/2559
f 2524/395/2559 2493/105/2279 2494/97/2271 2525/396/2560
f 2525/396/2560 2494/97/2271 2495/89/2263 2526/397/2561
f 2526/397/2561 2495/89/2263 2496/77/2251 2527/398/2562
f 2527/398/2562 2496/77/2251 2465/80/2254 2528/366/2531
f 2367/74/2248 2527/398/2562 2528/366/2531 2242/75/2249
f 2363/88/2262 2526/397/2561 2527/398/2562 2367/74/2248
f 2359/96/2270 2525/396/2560 2526/397/2561 2363/88/2262
f 2355/104/2278 2524/395/2559 2525/396/2560 2359/96/2270
f 2351/112/2286 2523/394/2558 2524/395/2559 2355/104/2278
f 2347/120/2294 2522/393/2557 2523/394/2558 2351/112/2286
f 2343/128/2302 2521/392/2556 2522/393/2557 2347/120/2294
f 2339/136/2310 2520/391/2555 2521/392/2556 2343/128/2302
f 2335/144/2318 2519/390/2554 2520/391/2555 2339/136/2310
f 2331/152/2326 2518/389/2553 2519/390/2554 2335/144/2318
f 2327/160/2334 2517/388/2552 2518/389/2553 2331/152/2326
f 2323/168/2342 2516/387/2551 2517/388/2552 2327/160/2334
f 2319/176/2350 2515/386/2550 2516/387/2551 2323/168/2342
f 2315/184/2358 2514/385/2549 2515/386/2550 2319/176/2350
f 2311/192/2366 2513/384/2548 2514/385/2549 2315/184/2358
f 2307/200/2374 2512/383/2547 2513/384/2548 2311/192/2366
f 2303/208/2382 2511/382/2546 2512/383/2547 2307/200/2374
f 2299/216/2390 2510/381/2545 2511/382/2546 2303/208/2382
f 2295/224/2398 2509/380/2544 2510/381/2545 2299/216/2390
f 2291/232/2406 2508/379/2543 2509/380/2544 2295/224/2398
f 2287/240/2414 2507/378/2542 2508/379/2543 2291/232/2406
f 2283/248/2422 2506/377/2541 2507/378/2542 2287/240/2414
f 2279/258/2430 2505/375/2540 2506/376/2541 2283/259/2422
f 2275/272/2438 2504/374/2539 2505/375/2540 2279/258/2430
f 2271/280/2446 2503/373/2538 2504/374/2539 2275/272/2438
f 2267/288/2454 2502/372/2537 2503/373/2538 2271/280/2446
f 2263/296/2462 2501/371/2536 2502/372/2537 2267/288/2454
f 2259/304/2470 2500/370/2535 2501/371/2536 2263/296/2462
f 2255/312/2478 2499/369/2534 2500/370/2535 2259/304/2470
f 2251/320/2486 2498/368/2533 2499/369/2534 2255/312/2478
f 2247/328/2494 2497/367/2532 2498/368/2533 2251/320/2486
f 2242/75/2249 2528/366/2531 2497/367/2532 2247/328/2494
f 2592/399/2563 2529/76/2250 2530/327/2493 2561/400/2564
f 2561/400/2564 2530/327/2493 2531/319/2485 2562/401/2565
f 2562/401/2565 2531/319/2485 2532/311/2477 2563/402/2566
f 2563/402/2566 2532/311/2477 2533/303/2469 2564/403/2567
f 2564/403/2567 2533/303/2469 2534/295/2461 2565/404/2568
f 2565/404/2568 2534/295/2461 2535/287/2453 2566/405/2569
f 2566/405/2569 2535/287/2453 2536/279/2445 2567/406/2570
f 2567/406/2570 2536/279/2445 2537/271/2437 2568/407/2571
f 2568/407/2571 2537/271/2437 2538/257/2429 2569/408/2572
f 2569/408/2572 2538/257/2429 2539/260/2421 2570/409/2573
f 2570/410/2573 2539/247/2421 2540/239/2413 2571/411/2574
f 2571/411/2574 2540/239/2413 2541/231/2405 2572/412/2575
f 2572/412/2575 2541/231/2405 2542/223/2397 2573/413/2576
f 2573/413/2576 2542/223/2397 2543/215/2389 2574/414/2577
f 2574/414/2577 2543/215/2389 2544/207/2381 2575/415/2578
f 2575/415/2578 2544/207/2381 2545/199/2373 2576/416/2579
f 2576/416/2579 2545/199/2373 2546/191/2365 2577/417/2580
f 2577/417/2580 2546/191/2365 2547/183/2357 2578/418/2581
f 2578/418/2581 2547/183/2357 2548/175/2349 2579/419/2582
f 2579/419/2582 2548/175/2349 2549/167/2341 2580/420/2583
f 2580/420/2583 2549/167/2341 2550/159/2333 2581/421/2584
f 2581/421/2584 2550/159/2333 2551/151/2325 2582/422/2585
f 2582/422/2585 2551/151/2325 2552/143/2317 2583/423/2586
f 2583/423/2586 2552/143/2317 2553/135/2309 2584/424/2587
f 2584/424/2587 2553/135/2309 2554/127/2301 2585/425/2588
f 2585/425/2588 2554/127/2301 2555/119/2293 2586/426/2589
f 2586/426/2589 2555/119/2293 2556/111/2285 2587/427/2590
f 2587/427/2590 2556/111/2285 2557/103/2277 2588/428/2591
f 2588/428/2591 2557/103/2277 2558/95/2269 2589/429/2592
f 2589/429/2592 2558/95/2269 2559/87/2261 2590/430/2593
f 2590/430/2593 2559/87/2261 2560/73/2247 2591/431/2594
f 2591/431/2594 2560/73/2247 2529/76/2250 2592/399/2563
f 2368/70/2244 2591/431/2594 2592/399/2563 2241/71/2245
f 2364/86/2260 2590/430/2593 2591/431/2594 2368/70/2244
f 2360/94/2268 2589/429/2592 2590/430/2593 2364/86/2260
f 2356/102/2276 2588/428/2591 2589/429/2592 2360/94/2268
f 2352/110/2284 2587/427/2590 2588/428/2591 2356/102/2276
f 2348/118/2292 2586/426/2589 2587/427/2590 2352/110/2284
f 2344/126/2300 2585/425/2588 2586/426/2589 2348/118/2292
f 2340/134/2308 2584/424/2587 2585/425/2588 2344/126/2300
f 2336/142/2316 2583/423/2586 2584/424/2587 2340/134/2308
f 2332/150/2324 2582/422/2585 2583/423/2586 2336/142/2316
f 2328/158/2332 2581/421/2584 2582/422/2585 2332/150/2324
f 2324/166/2340 2580/420/2583 2581/421/2584 2328/158/2332
f 2320/174/2348 2579/419/2582 2580/420/2583 2324/166/2340
f 2316/182/2356 2578/418/2581 2579/419/2582 2320/174/2348
f 2312/190/2364 2577/417/2580 2578/418/2581 2316/182/2356
f 2308/198/2372 2576/416/2579 2577/417/2580 2312/190/2364
f 2304/206/2380 2575/415/2578 2576/416/2579 2308/198/2372
f 2300/214/2388 2574/414/2577 2575/415/2578 2304/206/2380
f 2296/222/2396 2573/413/2576 2574/414/2577 2300/214/2388
f 2292/230/2404 2572/412/2575 2573/413/2576 2296/222/2396
f 2288/238/2412 2571/411/2574 2572/412/2575 2292/230/2404
f 2284/246/2420 2570/410/2573 2571/411/2574 2288/238/2412
f 2280/254/2428 2569/408/2572 2570/409/2573 2284/255/2420
f 2276/270/2436 2568/407/2571 2569/408/2572 2280/254/2428
f 2272/278/2444 2567/406/2570 2568/407/2571 2276/270/2436
f 2268/286/2452 2566/405/2569 2567/406/2570 2272/278/2444
f 2264/294/2460 2565/404/2568 2566/405/2569 2268/286/2452
f 2260/302/2468 2564/403/2567 2565/404/2568 2264/294/2460
f 2256/310/2476 2563/402/2566 2564/403/2567 2260/302/2468
f 2252/318/2484 2562/401/2565 2563/402/2566 2256/310/2476
f 2248/326/2492 2561/400/2564 2562/401/2565 2252/318/2484
f 2241/71/2245 2592/399/2563 2561/400/2564 2248/326/2492
f 2177/432/2595 2624/72/2246 2593/325/2491 2179/433/2596
f 2179/433/2596 2593/325/2491 2594/317/2483 2181/434/2597
f 2181/434/2597 2594/317/2483 2595/309/2475 2183/435/2598
f 2183/435/2598 2595/309/2475 2596/301/2467 2185/436/2599
f 2185/436/2599 2596/301/2467 2597/293/2459 2187/437/2600
f 2187/437/2600 2597/293/2459 2598/285/2451 2189/438/2601
f 2189/438/2601 2598/285/2451 2599/277/2443 2191/439/2602
f 2191/439/2602 2599/277/2443 2600/269/2435 2193/440/2603
f 2193/440/2603 2600/269/2435 2601/253/2427 2195/441/2604
f 2195/441/2604 2601/253/2427 2602/256/2419 2197/442/2605
f 2197/443/2605 2602/245/2419 2603/237/2411 2199/444/2606
f 2199/444/2606 2603/237/2411 2604/229/2403 2201/445/2607
f 2201/445/2607 2604/229/2403 2605/221/2395 2203/446/2608
f 2203/446/2608 2605/221/2395 2606/213/2387 2205/447/2609
f 2205/447/2609 2606/213/2387 2607/205/2379 2207/448/2610
f 2207/448/2610 2607/205/2379 2608/197/2371 2209/449/2611
f 2209/449/2611 2608/197/2371 2609/189/2363 2211/450/2612
f 2211/450/2612 2609/189/2363 2610/181/2355 2213/451/2613
f 2213/451/2613 2610/181/2355 2611/173/2347 2215/452/2614
f 2215/452/2614 2611/173/2347 2612/165/2339 2217/453/2615
f 2217/453/2615 2612/165/2339 2613/157/2331 2219/454/2616
f 2219/454/2616 2613/157/2331 2614/149/2323 2221/455/2617
f 2221/455/2617 2614/149/2323 2615/141/2315 2223/456/2618
f 2223/456/2618 2615/141/2315 2616/133/2307 2225/457/2619
f 2225/457/2619 2616/133/2307 2617/125/2299 2227/458/2620
f 2227/458/2620 2617/125/2299 2618/117/2291 2229/459/2621
f 2229/459/2621 2618/117/2291 2619/109/2283 2231/460/2622
f 2231/460/2622 2619/109/2283 2620/101/2275 2233/461/2623
f 2233/461/2623 2620/101/2275 2621/93/2267 2235/462/2624
f 2235/462/2624 2621/93/2267 2622/85/2259 2237/463/2625
f 2237/463/2625 2622/85/2259 2623/69/2243 2239/464/2626
f 2239/464/2626 2623/69/2243 2624/72/2246 2177/432/2595
f 2646/465/2627 2645/466/2628 2677/467/2629 2678/468/2630
f 2188/11/2187 2186/9/2185 2629/469/2631 2630/470/2632
f 2206/31/2205 2204/29/2203 2638/471/2633 2639/472/2634
f 2224/49/2223 2222/47/2221 2647/473/2635 2648/474/2636
f 2180/3/2179 2178/2/2178 2625/475/2637 2626/476/2638
f 2178/2/2178 2240/67/2241 2656/477/2639 2625/475/2637
f 2198/21/2197 2196/19/2195 2634/478/2640 2635/479/2641
f 2216/41/2215 2214/39/2213 2643/480/2642 2644/481/2643
f 2234/59/2233 2232/57/2231 2652/66/2240 2653/482/2644
f 2190/13/2189 2188/11/2187 2630/470/2632 2631/483/2645
f 2208/33/2207 2206/31/2205 2639/472/2634 2640/484/2646
f 2226/51/2225 2224/49/2223 2648/474/2636 2649/485/2647
f 2182/5/2181 2180/3/2179 2626/476/2638 2627/486/2648
f 2200/25/2199 2198/24/2197 2635/487/2641 2636/488/2649
f 2218/43/2217 2216/41/2215 2644/481/2643 2645/466/2628
f 2236/61/2235 2234/59/2233 2653/482/2644 2654/489/2650
f 2192/15/2191 2190/13/2189 2631/483/2645 2632/490/2651
f 2210/35/2209 2208/33/2207 2640/484/2646 2641/491/2652
f 2228/53/2227 2226/51/2225 2649/485/2647 2650/492/2653
f 2184/7/2183 2182/5/2181 2627/486/2648 2628/493/2654
f 2202/27/2201 2200/25/2199 2636/488/2649 2637/494/2655
f 2220/45/2219 2218/43/2217 2645/466/2628 2646/465/2627
f 2238/63/2237 2236/61/2235 2654/489/2650 2655/495/2656
f 2194/17/2193 2192/15/2191 2632/490/2651 2633/496/2657
f 2212/37/2211 2210/35/2209 2641/491/2652 2642/497/2658
f 2230/55/2229 2228/53/2227 2650/492/2653 2651/65/2239
f 2186/9/2185 2184/7/2183 2628/493/2654 2629/469/2631
f 2204/29/2203 2202/27/2201 2637/494/2655 2638/471/2633
f 2222/47/2221 2220/45/2219 2646/465/2627 2647/473/2635
f 2240/67/2241 2238/63/2237 2655/495/2656 2656/477/2639
f 2196/19/2195 2194/17/2193 2633/496/2657 2634/478/2640
f 2214/39/2213 2212/37/2211 2642/497/2658 2643/480/2642
f 2681/498/2659 2680/499/2660 2712/500/2661 2713/501/2662
f 2633/496/2657 2632/490/2651 2664/502/2663 2665/503/2664
f 2647/473/2635 2646/465/2627 2678/468/2630 2679/504/2665
f 2634/478/2640 2633/496/2657 2665/503/2664 2666/505/2666
f 2648/474/2636 2647/473/2635 2679/504/2665 2680/499/2660
f 2635/479/2641 2634/478/2640 2666/505/2666 2667/506/2667
f 2649/485/2647 2648/474/2636 2680/499/2660 2681/498/2659
f 2636/488/2649 2635/487/2641 2667/507/2667 2668/508/2668
f 2650/492/2653 2649/485/2647 2681/498/2659 2682/509/2669
f 2637/494/2655 2636/488/2649 2668/508/2668 2669/510/2670
f 2651/65/2239 2650/492/2653 2682/509/2669 2683/511/2671
f 2638/471/2633 2637/494/2655 2669/510/2670 2670/512/2672
f 2652/66/2240 2651/65/2239 2683/511/2671 2684/513/2673
f 2639/472/2634 2638/471/2633 2670/512/2672 2671/514/2674
f 2626/476/2638 2625/475/2637 2657/515/2675 2658/516/2676
f 2653/482/2644 2652/66/2240 2684/513/2673 2685/517/2677
f 2640/484/2646 2639/472/2634 2671/514/2674 2672/518/2678
f 2627/486/2648 2626/476/2638 2658/516/2676 2659/519/2679
f 2654/489/2650 2653/482/2644 2685/517/2677 2686/520/2680
f 2641/491/2652 2640/484/2646 2672/518/2678 2673/521/2681
f 2628/493/2654 2627/486/2648 2659/519/2679 2660/522/2682
f 2655/495/2656 2654/489/2650 2686/520/2680 2687/523/2683
f 2642/497/2658 2641/491/2652 2673/521/2681 2674/524/2684
f 2629/469/2631 2628/493/2654 2660/522/2682 2661/525/2685
f 2656/477/2639 2655/495/2656 2687/523/2683 2688/526/2686
f 2643/480/2642 2642/497/2658 2674/524/2684 2675/527/2687
f 2630/470/2632 2629/469/2631 2661/525/2685 2662/528/2688
f 2625/475/2637 2656/477/2639 2688/526/2686 2657/515/2675
f 2644/481/2643 2643/480/2642 2675/527/2687 2676/529/2689
f 2631/483/2645 2630/470/2632 2662/528/2688 2663/530/2690
f 2645/466/2628 2644/481/2643 2676/529/2689 2677/467/2629
f 2632/490/2651 2631/483/2645 2663/530/2690 2664/502/2663
f 2690/531/2691 2689/532/2692 2720/533/2693 2719/534/2694 2718/535/2695 2717/536/2696 2716/537/2697 2715/538/2698 2714/539/2699 2713/540/2662 2712/541/2661 2711/542/2700 2710/543/2701 2709/544/2702 2708/545/2703 2707/546/2704 2706/547/2705 2705/548/2706 2704/549/2707 2703/550/2708 2702/551/2709 2701/552/2710 2700/553/2711 2699/554/2712 2698/555/2713 2697/556/2714 2696/557/2715 2695/558/2716 2694/559/2717 2693/560/2718 2692/561/2719 2691/562/2720
f 2668/508/2668 2667/507/2667 2699/563/2712 2700/564/2711
f 2682/509/2669 2681/498/2659 2713/501/2662 2714/565/2699
f 2669/510/2670 2668/508/2668 2700/564/2711 2701/566/2710
f 2683/511/2671 2682/509/2669 2714/565/2699 2715/567/2698
f 2670/512/2672 2669/510/2670 2701/566/2710 2702/568/2709
f 2684/513/2673 2683/511/2671 2715/567/2698 2716/569/2697
f 2671/514/2674 2670/512/2672 2702/568/2709 2703/570/2708
f 2658/516/2676 2657/515/2675 2689/571/2692 2690/572/2691
f 2685/517/2677 2684/513/2673 2716/569/2697 2717/573/2696
f 2672/518/2678 2671/514/2674 2703/570/2708 2704/574/2707
f 2659/519/2679 2658/516/2676 2690/572/2691 2691/575/2720
f 2686/520/2680 2685/517/2677 2717/573/2696 2718/576/2695
f 2673/521/2681 2672/518/2678 2704/574/2707 2705/577/2706
f 2660/522/2682 2659/519/2679 2691/575/2720 2692/578/2719
f 2687/523/2683 2686/520/2680 2718/576/2695 2719/579/2694
f 2674/524/2684 2673/521/2681 2705/577/2706 2706/580/2705
f 2661/525/2685 2660/522/2682 2692/578/2719 2693/581/2718
f 2688/526/2686 2687/523/2683 2719/579/2694 2720/582/2693
f 2675/527/2687 2674/524/2684 2706/580/2705 2707/583/2704
f 2662/528/2688 2661/525/2685 2693/581/2718 2694/584/2717
f 2657/515/2675 2688/526/2686 2720/582/2693 2689/571/2692
f 2676/529/2689 2675/527/2687 2707/583/2704 2708/585/2703
f 2663/530/2690 2662/528/2688 2694/584/2717 2695/586/2716
f 2677/467/2629 2676/529/2689 2708/585/2703 2709/587/2702
f 2664/502/2663 2663/530/2690 2695/586/2716 2696/588/2715
f 2678/468/2630 2677/467/2629 2709/587/2702 2710/589/2701
f 2665/503/2664 2664/502/2663 2696/588/2715 2697/590/2714
f 2679/504/2665 2678/468/2630 2710/589/2701 2711/591/2700
f 2666/505/2666 2665/503/2664 2697/590/2714 2698/592/2713
f 2680/499/2660 2679/504/2665 2711/591/2700 2712/500/2661
f 2667/506/2667 2666/505/2666 2698/592/2713 2699/593/2712
usemtl Material.006
f 2817/1/2721 2721/2/2722 2722/3/2723 2818/4/2724
f 2818/4/2724 2722/3/2723 2723/5/2725 2819/6/2726
f 2819/6/2726 2723/5/2725 2724/7/2727 2820/8/2728
f 2820/8/2728 2724/7/2727 2725/9/2729 2821/10/2730
f 2821/10/2730 2725/9/2729 2726/11/2731 2822/12/2732
f 2822/12/2732 2726/11/2731 2727/13/2733 2823/14/2734
f 2823/14/2734 2727/13/2733 2728/15/2735 2824/16/2736
f 2824/16/2736 2728/15/2735 2729/17/2737 2825/18/2738
f 2825/18/2738 2729/17/2737 2730/19/2739 2826/20/2740
f 2826/20/2740 2730/19/2739 2731/21/2741 2827/22/2742
f 2827/23/2742 2731/24/2741 2732/25/2743 2828/26/2744
f 2828/26/2744 2732/25/2743 2733/27/2745 2829/28/2746
f 2829/28/2746 2733/27/2745 2734/29/2747 2830/30/2748
f 2830/30/2748 2734/29/2747 2735/31/2749 2831/32/2750
f 2831/32/2750 2735/31/2749 2736/33/2751 2832/34/2752
f 2832/34/2752 2736/33/2751 2737/35/2753 2833/36/2754
f 2833/36/2754 2737/35/2753 2738/37/2755 2834/38/2756
f 2834/38/2756 2738/37/2755 2739/39/2757 2835/40/2758
f 2835/40/2758 2739/39/2757 2740/41/2759 2836/42/2760
f 2836/42/2760 2740/41/2759 2741/43/2761 2837/44/2762
f 2837/44/2762 2741/43/2761 2742/45/2763 2838/46/2764
f 2838/46/2764 2742/45/2763 2743/47/2765 2839/48/2766
f 2839/48/2766 2743/47/2765 2744/49/2767 2840/50/2768
f 2840/50/2768 2744/49/2767 2745/51/2769 2841/52/2770
f 2841/52/2770 2745/51/2769 2746/53/2771 2842/54/2772
f 2842/54/2772 2746/53/2771 2747/55/2773 2843/56/2774
f 2843/56/2774 2747/55/2773 2748/57/2775 2844/58/2776
f 2844/58/2776 2748/57/2775 2749/59/2777 2845/60/2778
f 2845/60/2778 2749/59/2777 2750/61/2779 2846/62/2780
f 2846/62/2780 2750/61/2779 2751/63/2781 2847/64/2782
f 2748/57/2775 2747/55/2773 2971/65/2783 2972/66/2784
f 2847/64/2782 2751/63/2781 2752/67/2785 2848/68/2786
f 2848/68/2786 2752/67/2785 2721/2/2722 2817/1/2721
f 2944/77/2787 2816/78/2788 2753/79/2789 2913/80/2790
f 2880/81/2791 2815/82/2792 2754/83/2793 2849/84/2794
f 2943/89/2795 2814/90/2796 2816/78/2788 2944/77/2787
f 2879/91/2797 2813/92/2798 2815/82/2792 2880/81/2791
f 2942/97/2799 2812/98/2800 2814/90/2796 2943/89/2795
f 2878/99/2801 2811/100/2802 2813/92/2798 2879/91/2797
f 2941/105/2803 2810/106/2804 2812/98/2800 2942/97/2799
f 2877/107/2805 2809/108/2806 2811/100/2802 2878/99/2801
f 2940/113/2807 2808/114/2808 2810/106/2804 2941/105/2803
f 2876/115/2809 2807/116/2810 2809/108/2806 2877/107/2805
f 2939/121/2811 2806/122/2812 2808/114/2808 2940/113/2807
f 2875/123/2813 2805/124/2814 2807/116/2810 2876/115/2809
f 2938/129/2815 2804/130/2816 2806/122/2812 2939/121/2811
f 2874/131/2817 2803/132/2818 2805/124/2814 2875/123/2813
f 2937/137/2819 2802/138/2820 2804/130/2816 2938/129/2815
f 2873/139/2821 2801/140/2822 2803/132/2818 2874/131/2817
f 2936/145/2823 2800/146/2824 2802/138/2820 2937/137/2819
f 2872/147/2825 2799/148/2826 2801/140/2822 2873/139/2821
f 2935/153/2827 2798/154/2828 2800/146/2824 2936/145/2823
f 2871/155/2829 2797/156/2830 2799/148/2826 2872/147/2825
f 2934/161/2831 2796/162/2832 2798/154/2828 2935/153/2827
f 2870/163/2833 2795/164/2834 2797/156/2830 2871/155/2829
f 2933/169/2835 2794/170/2836 2796/162/2832 2934/161/2831
f 2869/171/2837 2793/172/2838 2795/164/2834 2870/163/2833
f 2932/177/2839 2792/178/2840 2794/170/2836 2933/169/2835
f 2868/179/2841 2791/180/2842 2793/172/2838 2869/171/2837
f 2931/185/2843 2790/186/2844 2792/178/2840 2932/177/2839
f 2867/187/2845 2789/188/2846 2791/180/2842 2868/179/2841
f 2930/193/2847 2788/194/2848 2790/186/2844 2931/185/2843
f 2866/195/2849 2787/196/2850 2789/188/2846 2867/187/2845
f 2929/201/2851 2786/202/2852 2788/194/2848 2930/193/2847
f 2865/203/2853 2785/204/2854 2787/196/2850 2866/195/2849
f 2928/209/2855 2784/210/2856 2786/202/2852 2929/201/2851
f 2864/211/2857 2783/212/2858 2785/204/2854 2865/203/2853
f 2927/217/2859 2782/218/2860 2784/210/2856 2928/209/2855
f 2863/219/2861 2781/220/2862 2783/212/2858 2864/211/2857
f 2926/225/2863 2780/226/2864 2782/218/2860 2927/217/2859
f 2862/227/2865 2779/228/2866 2781/220/2862 2863/219/2861
f 2925/233/2867 2778/234/2868 2780/226/2864 2926/225/2863
f 2861/235/2869 2777/236/2870 2779/228/2866 2862/227/2865
f 2924/241/2871 2776/242/2872 2778/234/2868 2925/233/2867
f 2860/243/2873 2775/244/2874 2777/236/2870 2861/235/2869
f 2923/249/2875 2774/250/2876 2776/242/2872 2924/241/2871
f 2859/251/2877 2773/252/2878 2775/244/2874 2860/243/2873
f 2922/261/2879 2772/262/2880 2774/263/2876 2923/264/2875
f 2858/265/2881 2771/266/2882 2773/267/2878 2859/268/2877
f 2921/273/2883 2770/274/2884 2772/262/2880 2922/261/2879
f 2857/275/2885 2769/276/2886 2771/266/2882 2858/265/2881
f 2920/281/2887 2768/282/2888 2770/274/2884 2921/273/2883
f 2856/283/2889 2767/284/2890 2769/276/2886 2857/275/2885
f 2919/289/2891 2766/290/2892 2768/282/2888 2920/281/2887
f 2855/291/2893 2765/292/2894 2767/284/2890 2856/283/2889
f 2918/297/2895 2764/298/2896 2766/290/2892 2919/289/2891
f 2854/299/2897 2763/300/2898 2765/292/2894 2855/291/2893
f 2917/305/2899 2762/306/2900 2764/298/2896 2918/297/2895
f 2853/307/2901 2761/308/2902 2763/300/2898 2854/299/2897
f 2916/313/2903 2760/314/2904 2762/306/2900 2917/305/2899
f 2852/315/2905 2759/316/2906 2761/308/2902 2853/307/2901
f 2915/321/2907 2758/322/2908 2760/314/2904 2916/313/2903
f 2851/323/2909 2757/324/2910 2759/316/2906 2852/315/2905
f 2914/329/2911 2756/330/2912 2758/322/2908 2915/321/2907
f 2850/331/2913 2755/332/2914 2757/324/2910 2851/323/2909
f 2913/80/2790 2753/79/2789 2756/330/2912 2914/329/2911
f 2849/84/2794 2754/83/2793 2755/332/2914 2850/331/2913
f 2815/82/2792 2848/68/2786 2817/1/2721 2754/83/2793
f 2813/92/2798 2847/64/2782 2848/68/2786 2815/82/2792
f 2811/100/2802 2846/62/2780 2847/64/2782 2813/92/2798
f 2809/108/2806 2845/60/2778 2846/62/2780 2811/100/2802
f 2807/116/2810 2844/58/2776 2845/60/2778 2809/108/2806
f 2805/124/2814 2843/56/2774 2844/58/2776 2807/116/2810
f 2803/132/2818 2842/54/2772 2843/56/2774 2805/124/2814
f 2801/140/2822 2841/52/2770 2842/54/2772 2803/132/2818
f 2799/148/2826 2840/50/2768 2841/52/2770 2801/140/2822
f 2797/156/2830 2839/48/2766 2840/50/2768 2799/148/2826
f 2795/164/2834 2838/46/2764 2839/48/2766 2797/156/2830
f 2793/172/2838 2837/44/2762 2838/46/2764 2795/164/2834
f 2791/180/2842 2836/42/2760 2837/44/2762 2793/172/2838
f 2789/188/2846 2835/40/2758 2836/42/2760 2791/180/2842
f 2787/196/2850 2834/38/2756 2835/40/2758 2789/188/2846
f 2785/204/2854 2833/36/2754 2834/38/2756 2787/196/2850
f 2783/212/2858 2832/34/2752 2833/36/2754 2785/204/2854
f 2781/220/2862 2831/32/2750 2832/34/2752 2783/212/2858
f 2779/228/2866 2830/30/2748 2831/32/2750 2781/220/2862
f 2777/236/2870 2829/28/2746 2830/30/2748 2779/228/2866
f 2775/244/2874 2828/26/2744 2829/28/2746 2777/236/2870
f 2773/252/2878 2827/23/2742 2828/26/2744 2775/244/2874
f 2771/266/2882 2826/20/2740 2827/22/2742 2773/267/2878
f 2769/276/2886 2825/18/2738 2826/20/2740 2771/266/2882
f 2767/284/2890 2824/16/2736 2825/18/2738 2769/276/2886
f 2765/292/2894 2823/14/2734 2824/16/2736 2767/284/2890
f 2763/300/2898 2822/12/2732 2823/14/2734 2765/292/2894
f 2761/308/2902 2821/10/2730 2822/12/2732 2763/300/2898
f 2759/316/2906 2820/8/2728 2821/10/2730 2761/308/2902
f 2757/324/2910 2819/6/2726 2820/8/2728 2759/316/2906
f 2755/332/2914 2818/4/2724 2819/6/2726 2757/324/2910
f 2754/83/2793 2817/1/2721 2818/4/2724 2755/332/2914
f 2912/333/2915 2849/84/2794 2850/331/2913 2881/334/2916
f 2881/334/2916 2850/331/2913 2851/323/2909 2882/335/2917
f 2882/335/2917 2851/323/2909 2852/315/2905 2883/336/2918
f 2883/336/2918 2852/315/2905 2853/307/2901 2884/337/2919
f 2884/337/2919 2853/307/2901 2854/299/2897 2885/338/2920
f 2885/338/2920 2854/299/2897 2855/291/2893 2886/339/2921
f 2886/339/2921 2855/291/2893 2856/283/2889 2887/340/2922
f 2887/340/2922 2856/283/2889 2857/275/2885 2888/341/2923
f 2888/341/2923 2857/275/2885 2858/265/2881 2889/342/2924
f 2889/342/2924 2858/265/2881 2859/268/2877 2890/343/2925
f 2890/344/2925 2859/251/2877 2860/243/2873 2891/345/2926
f 2891/345/2926 2860/243/2873 2861/235/2869 2892/346/2927
f 2892/346/2927 2861/235/2869 2862/227/2865 2893/347/2928
f 2893/347/2928 2862/227/2865 2863/219/2861 2894/348/2929
f 2894/348/2929 2863/219/2861 2864/211/2857 2895/349/2930
f 2895/349/2930 2864/211/2857 2865/203/2853 2896/350/2931
f 2896/350/2931 2865/203/2853 2866/195/2849 2897/351/2932
f 2897/351/2932 2866/195/2849 2867/187/2845 2898/352/2933
f 2898/352/2933 2867/187/2845 2868/179/2841 2899/353/2934
f 2899/353/2934 2868/179/2841 2869/171/2837 2900/354/2935
f 2900/354/2935 2869/171/2837 2870/163/2833 2901/355/2936
f 2901/355/2936 2870/163/2833 2871/155/2829 2902/356/2937
f 2902/356/2937 2871/155/2829 2872/147/2825 2903/357/2938
f 2903/357/2938 2872/147/2825 2873/139/2821 2904/358/2939
f 2904/358/2939 2873/139/2821 2874/131/2817 2905/359/2940
f 2905/359/2940 2874/131/2817 2875/123/2813 2906/360/2941
f 2906/360/2941 2875/123/2813 2876/115/2809 2907/361/2942
f 2907/361/2942 2876/115/2809 2877/107/2805 2908/362/2943
f 2908/362/2943 2877/107/2805 2878/99/2801 2909/363/2944
f 2909/363/2944 2878/99/2801 2879/91/2797 2910/364/2945
f 2910/364/2945 2879/91/2797 2880/81/2791 2911/365/2946
f 2911/365/2946 2880/81/2791 2849/84/2794 2912/333/2915
f 2816/78/2788 2911/365/2946 2912/333/2915 2753/79/2789
f 2814/90/2796 2910/364/2945 2911/365/2946 2816/78/2788
f 2812/98/2800 2909/363/2944 2910/364/2945 2814/90/2796
f 2810/106/2804 2908/362/2943 2909/363/2944 2812/98/2800
f 2808/114/2808 2907/361/2942 2908/362/2943 2810/106/2804
f 2806/122/2812 2906/360/2941 2907/361/2942 2808/114/2808
f 2804/130/2816 2905/359/2940 2906/360/2941 2806/122/2812
f 2802/138/2820 2904/358/2939 2905/359/2940 2804/130/2816
f 2800/146/2824 2903/357/2938 2904/358/2939 2802/138/2820
f 2798/154/2828 2902/356/2937 2903/357/2938 2800/146/2824
f 2796/162/2832 2901/355/2936 2902/356/2937 2798/154/2828
f 2794/170/2836 2900/354/2935 2901/355/2936 2796/162/2832
f 2792/178/2840 2899/353/2934 2900/354/2935 2794/170/2836
f 2790/186/2844 2898/352/2933 2899/353/2934 2792/178/2840
f 2788/194/2848 2897/351/2932 2898/352/2933 2790/186/2844
f 2786/202/2852 2896/350/2931 2897/351/2932 2788/194/2848
f 2784/210/2856 2895/349/2930 2896/350/2931 2786/202/2852
f 2782/218/2860 2894/348/2929 2895/349/2930 2784/210/2856
f 2780/226/2864 2893/347/2928 2894/348/2929 2782/218/2860
f 2778/234/2868 2892/346/2927 2893/347/2928 2780/226/2864
f 2776/242/2872 2891/345/2926 2892/346/2927 2778/234/2868
f 2774/250/2876 2890/344/2925 2891/345/2926 2776/242/2872
f 2772/262/2880 2889/342/2924 2890/343/2925 2774/263/2876
f 2770/274/2884 2888/341/2923 2889/342/2924 2772/262/2880
f 2768/282/2888 2887/340/2922 2888/341/2923 2770/274/2884
f 2766/290/2892 2886/339/2921 2887/340/2922 2768/282/2888
f 2764/298/2896 2885/338/2920 2886/339/2921 2766/290/2892
f 2762/306/2900 2884/337/2919 2885/338/2920 2764/298/2896
f 2760/314/2904 2883/336/2918 2884/337/2919 2762/306/2900
f 2758/322/2908 2882/335/2917 2883/336/2918 2760/314/2904
f 2756/330/2912 2881/334/2916 2882/335/2917 2758/322/2908
f 2753/79/2789 2912/333/2915 2881/334/2916 2756/330/2912
f 2966/465/2947 2965/466/2948 2997/467/2949 2998/468/2950
f 2726/11/2731 2725/9/2729 2949/469/2951 2950/470/2952
f 2735/31/2749 2734/29/2747 2958/471/2953 2959/472/2954
f 2744/49/2767 2743/47/2765 2967/473/2955 2968/474/2956
f 2722/3/2723 2721/2/2722 2945/475/2957 2946/476/2958
f 2721/2/2722 2752/67/2785 2976/477/2959 2945/475/2957
f 2731/21/2741 2730/19/2739 2954/478/2960 2955/479/2961
f 2740/41/2759 2739/39/2757 2963/480/2962 2964/481/2963
f 2749/59/2777 2748/57/2775 2972/66/2784 2973/482/2964
f 2727/13/2733 2726/11/2731 2950/470/2952 2951/483/2965
f 2736/33/2751 2735/31/2749 2959/472/2954 2960/484/2966
f 2745/51/2769 2744/49/2767 2968/474/2956 2969/485/2967
f 2723/5/2725 2722/3/2723 2946/476/2958 2947/486/2968
f 2732/25/2743 2731/24/2741 2955/487/2961 2956/488/2969
f 2741/43/2761 2740/41/2759 2964/481/2963 2965/466/2948
f 2750/61/2779 2749/59/2777 2973/482/2964 2974/489/2970
f 2728/15/2735 2727/13/2733 2951/483/2965 2952/490/2971
f 2737/35/2753 2736/33/2751 2960/484/2966 2961/491/2972
f 2746/53/2771 2745/51/2769 2969/485/2967 2970/492/2973
f 2724/7/2727 2723/5/2725 2947/486/2968 2948/493/2974
f 2733/27/2745 2732/25/2743 2956/488/2969 2957/494/2975
f 2742/45/2763 2741/43/2761 2965/466/2948 2966/465/2947
f 2751/63/2781 2750/61/2779 2974/489/2970 2975/495/2976
f 2729/17/2737 2728/15/2735 2952/490/2971 2953/496/2977
f 2738/37/2755 2737/35/2753 2961/491/2972 2962/497/2978
f 2747/55/2773 2746/53/2771 2970/492/2973 2971/65/2783
f 2725/9/2729 2724/7/2727 2948/493/2974 2949/469/2951
f 2734/29/2747 2733/27/2745 2957/494/2975 2958/471/2953
f 2743/47/2765 2742/45/2763 2966/465/2947 2967/473/2955
f 2752/67/2785 2751/63/2781 2975/495/2976 2976/477/2959
f 2730/19/2739 2729/17/2737 2953/496/2977 2954/478/2960
f 2739/39/2757 2738/37/2755 2962/497/2978 2963/480/2962
f 3001/498/2979 3000/499/2980 3032/500/2981 3033/501/2982
f 2953/496/2977 2952/490/2971 2984/502/2983 2985/503/2984
f 2967/473/2955 2966/465/2947 2998/468/2950 2999/504/2985
f 2954/478/2960 2953/496/2977 2985/503/2984 2986/505/2986
f 2968/474/2956 2967/473/2955 2999/504/2985 3000/499/2980
f 2955/479/2961 2954/478/2960 2986/505/2986 2987/506/2987
f 2969/485/2967 2968/474/2956 3000/499/2980 3001/498/2979
f 2956/488/2969 2955/487/2961 2987/507/2987 2988/508/2988
f 2970/492/2973 2969/485/2967 3001/498/2979 3002/509/2989
f 2957/494/2975 2956/488/2969 2988/508/2988 2989/510/2990
f 2971/65/2783 2970/492/2973 3002/509/2989 3003/511/2991
f 2958/471/2953 2957/494/2975 2989/510/2990 2990/512/2992
f 2972/66/2784 2971/65/2783 3003/511/2991 3004/513/2993
f 2959/472/2954 2958/471/2953 2990/512/2992 2991/514/2994
f 2946/476/2958 2945/475/2957 2977/515/2995 2978/516/2996
f 2973/482/2964 2972/66/2784 3004/513/2993 3005/517/2997
f 2960/484/2966 2959/472/2954 2991/514/2994 2992/518/2998
f 2947/486/2968 2946/476/2958 2978/516/2996 2979/519/2999
f 2974/489/2970 2973/482/2964 3005/517/2997 3006/520/3000
f 2961/491/2972 2960/484/2966 2992/518/2998 2993/521/3001
f 2948/493/2974 2947/486/2968 2979/519/2999 2980/522/3002
f 2975/495/2976 2974/489/2970 3006/520/3000 3007/523/3003
f 2962/497/2978 2961/491/2972 2993/521/3001 2994/524/3004
f 2949/469/2951 2948/493/2974 2980/522/3002 2981/525/3005
f 2976/477/2959 2975/495/2976 3007/523/3003 3008/526/3006
f 2963/480/2962 2962/497/2978 2994/524/3004 2995/527/3007
f 2950/470/2952 2949/469/2951 2981/525/3005 2982/528/3008
f 2945/475/2957 2976/477/2959 3008/526/3006 2977/515/2995
f 2964/481/2963 2963/480/2962 2995/527/3007 2996/529/3009
f 2951/483/2965 2950/470/2952 2982/528/3008 2983/530/3010
f 2965/466/2948 2964/481/2963 2996/529/3009 2997/467/2949
f 2952/490/2971 2951/483/2965 2983/530/3010 2984/502/2983
f 3010/531/3011 3009/532/3012 3040/533/3013 3039/534/3014 3038/535/3015 3037/536/3016 3036/537/3017 3035/538/3018 3034/539/3019 3033/540/2982 3032/541/2981 3031/542/3020 3030/543/3021 3029/544/3022 3028/545/3023 3027/546/3024 3026/547/3025 3025/548/3026 3024/549/3027 3023/550/3028 3022/551/3029 3021/552/3030 3020/553/3031 3019/554/3032 3018/555/3033 3017/556/3034 3016/557/3035 3015/558/3036 3014/559/3037 3013/560/3038 3012/561/3039 3011/562/3040
f 2988/508/2988 2987/507/2987 3019/563/3032 3020/564/3031
f 3002/509/2989 3001/498/2979 3033/501/2982 3034/565/3019
f 2989/510/2990 2988/508/2988 3020/564/3031 3021/566/3030
f 3003/511/2991 3002/509/2989 3034/565/3019 3035/567/3018
f 2990/512/2992 2989/510/2990 3021/566/3030 3022/568/3029
f 3004/513/2993 3003/511/2991 3035/567/3018 3036/569/3017
f 2991/514/2994 2990/512/2992 3022/568/3029 3023/570/3028
f 2978/516/2996 2977/515/2995 3009/571/3012 3010/572/3011
f 3005/517/2997 3004/513/2993 3036/569/3017 3037/573/3016
f 2992/518/2998 2991/514/2994 3023/570/3028 3024/574/3027
f 2979/519/2999 2978/516/2996 3010/572/3011 3011/575/3040
f 3006/520/3000 3005/517/2997 3037/573/3016 3038/576/3015
f 2993/521/3001 2992/518/2998 3024/574/3027 3025/577/3026
f 2980/522/3002 2979/519/2999 3011/575/3040 3012/578/3039
f 3007/523/3003 3006/520/3000 3038/576/3015 3039/579/3014
f 2994/524/3004 2993/521/3001 3025/577/3026 3026/580/3025
f 2981/525/3005 2980/522/3002 3012/578/3039 3013/581/3038
f 3008/526/3006 3007/523/3003 3039/579/3014 3040/582/3013
f 2995/527/3007 2994/524/3004 3026/580/3025 3027/583/3024
f 2982/528/3008 2981/525/3005 3013/581/3038 3014/584/3037
f 2977/515/2995 3008/526/3006 3040/582/3013 3009/571/3012
f 2996/529/3009 2995/527/3007 3027/583/3024 3028/585/3023
f 2983/530/3010 2982/528/3008 3014/584/3037 3015/586/3036
f 2997/467/2949 2996/529/3009 3028/585/3023 3029/587/3022
f 2984/502/2983 2983/530/3010 3015/586/3036 3016/588/3035
f 2998/468/2950 2997/467/2949 3029/587/3022 3030/589/3021
f 2985/503/2984 2984/502/2983 3016/588/3035 3017/590/3034
f 2999/504/2985 2998/468/2950 3030/589/3021 3031/591/3020
f 2986/505/2986 2985/503/2984 3017/590/3034 3018/592/3033
f 3000/499/2980 2999/504/2985 3031/591/3020 3032/500/2981
f 2987/506/2987 2986/505/2986 3018/592/3033 3019/593/3032
usemtl Material
f 3137/1/3041 3041/2/3042 3042/3/3043 3138/4/3044
f 3138/4/3044 3042/3/3043 3043/5/3045 3139/6/3046
f 3139/6/3046 3043/5/3045 3044/7/3047 3140/8/3048
f 3140/8/3048 3044/7/3047 3045/9/3049 3141/10/3050
f 3141/10/3050 3045/9/3049 3046/11/3051 3142/12/3052
f 3142/12/3052 3046/11/3051 3047/13/3053 3143/14/3054
f 3143/14/3054 3047/13/3053 3048/15/3055 3144/16/3056
f 3144/16/3056 3048/15/3055 3049/17/3057 3145/18/3058
f 3145/18/3058 3049/17/3057 3050/19/3059 3146/20/3060
f 3146/20/3060 3050/19/3059 3051/21/3061 3147/22/3062
f 3147/23/3062 3051/24/3061 3052/25/3063 3148/26/3064
f 3148/26/3064 3052/25/3063 3053/27/3065 3149/28/3066
f 3149/28/3066 3053/27/3065 3054/29/3067 3150/30/3068
f 3150/30/3068 3054/29/3067 3055/31/3069 3151/32/3070
f 3151/32/3070 3055/31/3069 3056/33/3071 3152/34/3072
f 3152/34/3072 3056/33/3071 3057/35/3073 3153/36/3074
f 3153/36/3074 3057/35/3073 3058/37/3075 3154/38/3076
f 3154/38/3076 3058/37/3075 3059/39/3077 3155/40/3078
f 3155/40/3078 3059/39/3077 3060/41/3079 3156/42/3080
f 3156/42/3080 3060/41/3079 3061/43/3081 3157/44/3082
f 3157/44/3082 3061/43/3081 3062/45/3083 3158/46/3084
f 3158/46/3084 3062/45/3083 3063/47/3085 3159/48/3086
f 3159/48/3086 3063/47/3085 3064/49/3087 3160/50/3088
f 3160/50/3088 3064/49/3087 3065/51/3089 3161/52/3090
f 3161/52/3090 3065/51/3089 3066/53/3091 3162/54/3092
f 3162/54/3092 3066/53/3091 3067/55/3093 3163/56/3094
f 3163/56/3094 3067/55/3093 3068/57/3095 3164/58/3096
f 3164/58/3096 3068/57/3095 3069/59/3097 3165/60/3098
f 3165/60/3098 3069/59/3097 3070/61/3099 3166/62/3100
f 3166/62/3100 3070/61/3099 3071/63/3101 3167/64/3102
f 3068/57/3095 3067/55/3093 3291/65/3103 3292/66/3104
f 3167/64/3102 3071/63/3101 3072/67/3105 3168/68/3106
f 3168/68/3106 3072/67/3105 3041/2/3042 3137/1/3041
f 3264/77/3107 3136/78/3108 3073/79/3109 3233/80/3110
f 3200/81/3111 3135/82/3112 3074/83/3113 3169/84/3114
f 3263/89/3115 3134/90/3116 3136/78/3108 3264/77/3107
f 3199/91/3117 3133/92/3118 3135/82/3112 3200/81/3111
f 3262/97/3119 3132/98/3120 3134/90/3116 3263/89/3115
f 3198/99/3121 3131/100/3122 3133/92/3118 3199/91/3117
f 3261/105/3123 3130/106/3124 3132/98/3120 3262/97/3119
f 3197/107/3125 3129/108/3126 3131/100/3122 3198/99/3121
f 3260/113/3127 3128/114/3128 3130/106/3124 3261/105/3123
f 3196/115/3129 3127/116/3130 3129/108/3126 3197/107/3125
f 3259/121/3131 3126/122/3132 3128/114/3128 3260/113/3127
f 3195/123/3133 3125/124/3134 3127/116/3130 3196/115/3129
f 3258/129/3135 3124/130/3136 3126/122/3132 3259/121/3131
f 3194/131/3137 3123/132/3138 3125/124/3134 3195/123/3133
f 3257/137/3139 3122/138/3140 3124/130/3136 3258/129/3135
f 3193/139/3141 3121/140/3142 3123/132/3138 3194/131/3137
f 3256/145/3143 3120/146/3144 3122/138/3140 3257/137/3139
f 3192/147/3145 3119/148/3146 3121/140/3142 3193/139/3141
f 3255/153/3147 3118/154/3148 3120/146/3144 3256/145/3143
f 3191/155/3149 3117/156/3150 3119/148/3146 3192/147/3145
f 3254/161/3151 3116/162/3152 3118/154/3148 3255/153/3147
f 3190/163/3153 3115/164/3154 3117/156/3150 3191/155/3149
f 3253/169/3155 3114/170/3156 3116/162/3152 3254/161/3151
f 3189/171/3157 3113/172/3158 3115/164/3154 3190/163/3153
f 3252/177/3159 3112/178/3160 3114/170/3156 3253/169/3155
f 3188/179/3161 3111/180/3162 3113/172/3158 3189/171/3157
f 3251/185/3163 3110/186/3164 3112/178/3160 3252/177/3159
f 3187/187/3165 3109/188/3166 3111/180/3162 3188/179/3161
f 3250/193/3167 3108/194/3168 3110/186/3164 3251/185/3163
f 3186/195/3169 3107/196/3170 3109/188/3166 3187/187/3165
f 3249/201/3171 3106/202/3172 3108/194/3168 3250/193/3167
f 3185/203/3173 3105/204/3174 3107/196/3170 3186/195/3169
f 3248/209/3175 3104/210/3176 3106/202/3172 3249/201/3171
f 3184/211/3177 3103/212/3178 3105/204/3174 3185/203/3173
f 3247/217/3179 3102/218/3180 3104/210/3176 3248/209/3175
f 3183/219/3181 3101/220/3182 3103/212/3178 3184/211/3177
f 3246/225/3183 3100/226/3184 3102/218/3180 3247/217/3179
f 3182/227/3185 3099/228/3186 3101/220/3182 3183/219/3181
f 3245/233/3187 3098/234/3188 3100/226/3184 3246/225/3183
f 3181/235/3189 3097/236/3190 3099/228/3186 3182/227/3185
f 3244/241/3191 3096/242/3192 3098/234/3188 3245/233/3187
f 3180/243/3193 3095/244/3194 3097/236/3190 3181/235/3189
f 3243/249/3195 3094/250/3196 3096/242/3192 3244/241/3191
f 3179/251/3197 3093/252/3198 3095/244/3194 3180/243/3193
f 3242/261/3199 3092/262/3200 3094/263/3196 3243/264/3195
f 3178/265/3201 3091/266/3202 3093/267/3198 3179/268/3197
f 3241/273/3203 3090/274/3204 3092/262/3200 3242/261/3199
f 3177/275/3205 3089/276/3206 3091/266/3202 3178/265/3201
f 3240/281/3207 3088/282/3208 3090/274/3204 3241/273/3203
f 3176/283/3209 3087/284/3210 3089/276/3206 3177/275/3205
f 3239/289/3211 3086/290/3212 3088/282/3208 3240/281/3207
f 3175/291/3213 3085/292/3214 3087/284/3210 3176/283/3209
f 3238/297/3215 3084/298/3216 3086/290/3212 3239/289/3211
f 3174/299/3217 3083/300/3218 3085/292/3214 3175/291/3213
f 3237/305/3219 3082/306/3220 3084/298/3216 3238/297/3215
f 3173/307/3221 3081/308/3222 3083/300/3218 3174/299/3217
f 3236/313/3223 3080/314/3224 3082/306/3220 3237/305/3219
f 3172/315/3225 3079/316/3226 3081/308/3222 3173/307/3221
f 3235/321/3227 3078/322/3228 3080/314/3224 3236/313/3223
f 3171/323/3229 3077/324/3230 3079/316/3226 3172/315/3225
f 3234/329/3231 3076/330/3232 3078/322/3228 3235/321/3227
f 3170/331/3233 3075/332/3234 3077/324/3230 3171/323/3229
f 3233/80/3110 3073/79/3109 3076/330/3232 3234/329/3231
f 3169/84/3114 3074/83/3113 3075/332/3234 3170/331/3233
f 3135/82/3112 3168/68/3106 3137/1/3041 3074/83/3113
f 3133/92/3118 3167/64/3102 3168/68/3106 3135/82/3112
f 3131/100/3122 3166/62/3100 3167/64/3102 3133/92/3118
f 3129/108/3126 3165/60/3098 3166/62/3100 3131/100/3122
f 3127/116/3130 3164/58/3096 3165/60/3098 3129/108/3126
f 3125/124/3134 3163/56/3094 3164/58/3096 3127/116/3130
f 3123/132/3138 3162/54/3092 3163/56/3094 3125/124/3134
f 3121/140/3142 3161/52/3090 3162/54/3092 3123/132/3138
f 3119/148/3146 3160/50/3088 3161/52/3090 3121/140/3142
f 3117/156/3150 3159/48/3086 3160/50/3088 3119/148/3146
f 3115/164/3154 3158/46/3084 3159/48/3086 3117/156/3150
f 3113/172/3158 3157/44/3082 3158/46/3084 3115/164/3154
f 3111/180/3162 3156/42/3080 3157/44/3082 3113/172/3158
f 3109/188/3166 3155/40/3078 3156/42/3080 3111/180/3162
f 3107/196/3170 3154/38/3076 3155/40/3078 3109/188/3166
f 3105/204/3174 3153/36/3074 3154/38/3076 3107/196/3170
f 3103/212/3178 3152/34/3072 3153/36/3074 3105/204/3174
f 3101/220/3182 3151/32/3070 3152/34/3072 3103/212/3178
f 3099/228/3186 3150/30/3068 3151/32/3070 3101/220/3182
f 3097/236/3190 3149/28/3066 3150/30/3068 3099/228/3186
f 3095/244/3194 3148/26/3064 3149/28/3066 3097/236/3190
f 3093/252/3198 3147/23/3062 3148/26/3064 3095/244/3194
f 3091/266/3202 3146/20/3060 3147/22/3062 3093/267/3198
f 3089/276/3206 3145/18/3058 3146/20/3060 3091/266/3202
f 3087/284/3210 3144/16/3056 3145/18/3058 3089/276/3206
f 3085/292/3214 3143/14/3054 3144/16/3056 3087/284/3210
f 3083/300/3218 3142/12/3052 3143/14/3054 3085/292/3214
f 3081/308/3222 3141/10/3050 3142/12/3052 3083/300/3218
f 3079/316/3226 3140/8/3048 3141/10/3050 3081/308/3222
f 3077/324/3230 3139/6/3046 3140/8/3048 3079/316/3226
f 3075/332/3234 3138/4/3044 3139/6/3046 3077/324/3230
f 3074/83/3113 3137/1/3041 3138/4/3044 3075/332/3234
f 3232/333/3235 3169/84/3114 3170/331/3233 3201/334/3236
f 3201/334/3236 3170/331/3233 3171/323/3229 3202/335/3237
f 3202/335/3237 3171/323/3229 3172/315/3225 3203/336/3238
f 3203/336/3238 3172/315/3225 3173/307/3221 3204/337/3239
f 3204/337/3239 3173/307/3221 3174/299/3217 3205/338/3240
f 3205/338/3240 3174/299/3217 3175/291/3213 3206/339/3241
f 3206/339/3241 3175/291/3213 3176/283/3209 3207/340/3242
f 3207/340/3242 3176/283/3209 3177/275/3205 3208/341/3243
f 3208/341/3243 3177/275/3205 3178/265/3201 3209/342/3244
f 3209/342/3244 3178/265/3201 3179/268/3197 3210/343/3245
f 3210/344/3245 3179/251/3197 3180/243/3193 3211/345/3246
f 3211/345/3246 3180/243/3193 3181/235/3189 3212/346/3247
f 3212/346/3247 3181/235/3189 3182/227/3185 3213/347/3248
f 3213/347/3248 3182/227/3185 3183/219/3181 3214/348/3249
f 3214/348/3249 3183/219/3181 3184/211/3177 3215/349/3250
f 3215/349/3250 3184/211/3177 3185/203/3173 3216/350/3251
f 3216/350/3251 3185/203/3173 3186/195/3169 3217/351/3252
f 3217/351/3252 3186/195/3169 3187/187/3165 3218/352/3253
f 3218/352/3253 3187/187/3165 3188/179/3161 3219/353/3254
f 3219/353/3254 3188/179/3161 3189/171/3157 3220/354/3255
f 3220/354/3255 3189/171/3157 3190/163/3153 3221/355/3256
f 3221/355/3256 3190/163/3153 3191/155/3149 3222/356/3257
f 3222/356/3257 3191/155/3149 3192/147/3145 3223/357/3258
f 3223/357/3258 3192/147/3145 3193/139/3141 3224/358/3259
f 3224/358/3259 3193/139/3141 3194/131/3137 3225/359/3260
f 3225/359/3260 3194/131/3137 3195/123/3133 3226/360/3261
f 3226/360/3261 3195/123/3133 3196/115/3129 3227/361/3262
f 3227/361/3262 3196/115/3129 3197/107/3125 3228/362/3263
f 3228/362/3263 3197/107/3125 3198/99/3121 3229/363/3264
f 3229/363/3264 3198/99/3121 3199/91/3117 3230/364/3265
f 3230/364/3265 3199/91/3117 3200/81/3111 3231/365/3266
f 3231/365/3266 3200/81/3111 3169/84/3114 3232/333/3235
f 3136/78/3108 3231/365/3266 3232/333/3235 3073/79/3109
f 3134/90/3116 3230/364/3265 3231/365/3266 3136/78/3108
f 3132/98/3120 3229/363/3264 3230/364/3265 3134/90/3116
f 3130/106/3124 3228/362/3263 3229/363/3264 3132/98/3120
f 3128/114/3128 3227/361/3262 3228/362/3263 3130/106/3124
f 3126/122/3132 3226/360/3261 3227/361/3262 3128/114/3128
f 3124/130/3136 3225/359/3260 3226/360/3261 3126/122/3132
f 3122/138/3140 3224/358/3259 3225/359/3260 3124/130/3136
f 3120/146/3144 3223/357/3258 3224/358/3259 3122/138/3140
f 3118/154/3148 3222/356/3257 3223/357/3258 3120/146/3144
f 3116/162/3152 3221/355/3256 3222/356/3257 3118/154/3148
f 3114/170/3156 3220/354/3255 3221/355/3256 3116/162/3152
f 3112/178/3160 3219/353/3254 3220/354/3255 3114/170/3156
f 3110/186/3164 3218/352/3253 3219/353/3254 3112/178/3160
f 3108/194/3168 3217/351/3252 3218/352/3253 3110/186/3164
f 3106/202/3172 3216/350/3251 3217/351/3252 3108/194/3168
f 3104/210/3176 3215/349/3250 3216/350/3251 3106/202/3172
f 3102/218/3180 3214/348/3249 3215/349/3250 3104/210/3176
f 3100/226/3184 3213/347/3248 3214/348/3249 3102/218/3180
f 3098/234/3188 3212/346/3247 3213/347/3248 3100/226/3184
f 3096/242/3192 3211/345/3246 3212/346/3247 3098/234/3188
f 3094/250/3196 3210/344/3245 3211/345/3246 3096/242/3192
f 3092/262/3200 3209/342/3244 3210/343/3245 3094/263/3196
f 3090/274/3204 3208/341/3243 3209/342/3244 3092/262/3200
f 3088/282/3208 3207/340/3242 3208/341/3243 3090/274/3204
f 3086/290/3212 3206/339/3241 3207/340/3242 3088/282/3208
f 3084/298/3216 3205/338/3240 3206/339/3241 3086/290/3212
f 3082/306/3220 3204/337/3239 3205/338/3240 3084/298/3216
f 3080/314/3224 3203/336/3238 3204/337/3239 3082/306/3220
f 3078/322/3228 3202/335/3237 3203/336/3238 3080/314/3224
f 3076/330/3232 3201/334/3236 3202/335/3237 3078/322/3228
f 3073/79/3109 3232/333/3235 3201/334/3236 3076/330/3232
f 3286/465/3267 3285/466/3268 3317/467/3269 3318/468/3270
f 3046/11/3051 3045/9/3049 3269/469/3271 3270/470/3272
f 3055/31/3069 3054/29/3067 3278/471/3273 3279/472/3274
f 3064/49/3087 3063/47/3085 3287/473/3275 3288/474/3276
f 3042/3/3043 3041/2/3042 3265/475/3277 3266/476/3278
f 3041/2/3042 3072/67/3105 3296/477/3279 3265/475/3277
f 3051/21/3061 3050/19/3059 3274/478/3280 3275/479/3281
f 3060/41/3079 3059/39/3077 3283/480/3282 3284/481/3283
f 3069/59/3097 3068/57/3095 3292/66/3104 3293/482/3284
f 3047/13/3053 3046/11/3051 3270/470/3272 3271/483/3285
f 3056/33/3071 3055/31/3069 3279/472/3274 3280/484/3286
f 3065/51/3089 3064/49/3087 3288/474/3276 3289/485/3287
f 3043/5/3045 3042/3/3043 3266/476/3278 3267/486/3288
f 3052/25/3063 3051/24/3061 3275/487/3281 3276/488/3289
f 3061/43/3081 3060/41/3079 3284/481/3283 3285/466/3268
f 3070/61/3099 3069/59/3097 3293/482/3284 3294/489/3290
f 3048/15/3055 3047/13/3053 3271/483/3285 3272/490/3291
f 3057/35/3073 3056/33/3071 3280/484/3286 3281/491/3292
f 3066/53/3091 3065/51/3089 3289/485/3287 3290/492/3293
f 3044/7/3047 3043/5/3045 3267/486/3288 3268/493/3294
f 3053/27/3065 3052/25/3063 3276/488/3289 3277/494/3295
f 3062/45/3083 3061/43/3081 3285/466/3268 3286/465/3267
f 3071/63/3101 3070/61/3099 3294/489/3290 3295/495/3296
f 3049/17/3057 3048/15/3055 3272/490/3291 3273/496/3297
f 3058/37/3075 3057/35/3073 3281/491/3292 3282/497/3298
f 3067/55/3093 3066/53/3091 3290/492/3293 3291/65/3103
f 3045/9/3049 3044/7/3047 3268/493/3294 3269/469/3271
f 3054/29/3067 3053/27/3065 3277/494/3295 3278/471/3273
f 3063/47/3085 3062/45/3083 3286/465/3267 3287/473/3275
f 3072/67/3105 3071/63/3101 3295/495/3296 3296/477/3279
f 3050/19/3059 3049/17/3057 3273/496/3297 3274/478/3280
f 3059/39/3077 3058/37/3075 3282/497/3298 3283/480/3282
f 3321/498/3299 3320/499/3300 3352/500/3301 3353/501/3302
f 3273/496/3297 3272/490/3291 3304/502/3303 3305/503/3304
f 3287/473/3275 3286/465/3267 3318/468/3270 3319/504/3305
f 3274/478/3280 3273/496/3297 3305/503/3304 3306/505/3306
f 3288/474/3276 3287/473/3275 3319/504/3305 3320/499/3300
f 3275/479/3281 3274/478/3280 3306/505/3306 3307/506/3307
f 3289/485/3287 3288/474/3276 3320/499/3300 3321/498/3299
f 3276/488/3289 3275/487/3281 3307/507/3307 3308/508/3308
f 3290/492/3293 3289/485/3287 3321/498/3299 3322/509/3309
f 3277/494/3295 3276/488/3289 3308/508/3308 3309/510/3310
f 3291/65/3103 3290/492/3293 3322/509/3309 3323/511/3311
f 3278/471/3273 3277/494/3295 3309/510/3310 3310/512/3312
f 3292/66/3104 3291/65/3103 3323/511/3311 3324/513/3313
f 3279/472/3274 3278/471/3273 3310/512/3312 3311/514/3314
f 3266/476/3278 3265/475/3277 3297/515/3315 3298/516/3316
f 3293/482/3284 3292/66/3104 3324/513/3313 3325/517/3317
f 3280/484/3286 3279/472/3274 3311/514/3314 3312/518/3318
f 3267/486/3288 3266/476/3278 3298/516/3316 3299/519/3319
f 3294/489/3290 3293/482/3284 3325/517/3317 3326/520/3320
f 3281/491/3292 3280/484/3286 3312/518/3318 3313/521/3321
f 3268/493/3294 3267/486/3288 3299/519/3319 3300/522/3322
f 3295/495/3296 3294/489/3290 3326/520/3320 3327/523/3323
f 3282/497/3298 3281/491/3292 3313/521/3321 3314/524/3324
f 3269/469/3271 3268/493/3294 3300/522/3322 3301/525/3325
f 3296/477/3279 3295/495/3296 3327/523/3323 3328/526/3326
f 3283/480/3282 3282/497/3298 3314/524/3324 3315/527/3327
f 3270/470/3272 3269/469/3271 3301/525/3325 3302/528/3328
f 3265/475/3277 3296/477/3279 3328/526/3326 3297/515/3315
f 3284/481/3283 3283/480/3282 3315/527/3327 3316/529/3329
f 3271/483/3285 3270/470/3272 3302/528/3328 3303/530/3330
f 3285/466/3268 3284/481/3283 3316/529/3329 3317/467/3269
f 3272/490/3291 3271/483/3285 3303/530/3330 3304/502/3303
f 3330/531/3331 3329/532/3332 3360/533/3333 3359/534/3334 3358/535/3335 3357/536/3336 3356/537/3337 3355/538/3338 3354/539/3339 3353/540/3302 3352/541/3301 3351/542/3340 3350/543/3341 3349/544/3342 3348/545/3343 3347/546/3344 3346/547/3345 3345/548/3346 3344/549/3347 3343/550/3348 3342/551/3349 3341/552/3350 3340/553/3351 3339/554/3352 3338/555/3353 3337/556/3354 3336/557/3355 3335/558/3356 3334/559/3357 3333/560/3358 3332/561/3359 3331/562/3360
f 3308/508/3308 3307/507/3307 3339/563/3352 3340/564/3351
f 3322/509/3309 3321/498/3299 3353/501/3302 3354/565/3339
f 3309/510/3310 3308/508/3308 3340/564/3351 3341/566/3350
f 3323/511/3311 3322/509/3309 3354/565/3339 3355/567/3338
f 3310/512/3312 3309/510/3310 3341/566/3350 3342/568/3349
f 3324/513/3313 3323/511/3311 3355/567/3338 3356/569/3337
f 3311/514/3314 3310/512/3312 3342/568/3349 3343/570/3348
f 3298/516/3316 3297/515/3315 3329/571/3332 3330/572/3331
f 3325/517/3317 3324/513/3313 3356/569/3337 3357/573/3336
f 3312/518/3318 3311/514/3314 3343/570/3348 3344/574/3347
f 3299/519/3319 3298/516/3316 3330/572/3331 3331/575/3360
f 3326/520/3320 3325/517/3317 3357/573/3336 3358/576/3335
f 3313/521/3321 3312/518/3318 3344/574/3347 3345/577/3346
f 3300/522/3322 3299/519/3319 3331/575/3360 3332/578/3359
f 3327/523/3323 3326/520/3320 3358/576/3335 3359/579/3334
f 3314/524/3324 3313/521/3321 3345/577/3346 3346/580/3345
f 3301/525/3325 3300/522/3322 3332/578/3359 3333/581/3358
f 3328/526/3326 3327/523/3323 3359/579/3334 3360/582/3333
f 3315/527/3327 3314/524/3324 3346/580/3345 3347/583/3344
f 3302/528/3328 3301/525/3325 3333/581/3358 3334/584/3357
f 3297/515/3315 3328/526/3326 3360/582/3333 3329/571/3332
f 3316/529/3329 3315/527/3327 3347/583/3344 3348/585/3343
f 3303/530/3330 3302/528/3328 3334/584/3357 3335/586/3356
f 3317/467/3269 3316/529/3329 3348/585/3343 3349/587/3342
f 3304/502/3303 3303/530/3330 3335/586/3356 3336/588/3355
f 3318/468/3270 3317/467/3269 3349/587/3342 3350/589/3341
f 3305/503/3304 3304/502/3303 3336/588/3355 3337/590/3354
f 3319/504/3305 3318/468/3270 3350/589/3341 3351/591/3340
f 3306/505/3306 3305/503/3304 3337/590/3354 3338/592/3353
f 3320/499/3300 3319/504/3305 3351/591/3340 3352/500/3301
f 3307/506/3307 3306/505/3306 3338/592/3353 3339/593/3352
